id,date_column,filled
1,mdcd_demo_aplctn_stus_dt,1
1,phase_2_state_aplctn_deemd_cmpltn_dt,1
1,phase_2_cmpltns_rvw_dt,1
1,phase_2_rcvd_dt,1
2,mdcd_demo_aplctn_stus_dt,1
2,phase_2_state_aplctn_deemd_cmpltn_dt,1
2,phase_2_cmpltns_rvw_dt,1
2,phase_2_rcvd_dt,1
3,mdcd_demo_aplctn_stus_dt,1
3,phase_3_c_omb_end_dt,1
3,phase_3_a_sme_strt_dt,1
3,phase_3_c_ogc_strt_dt,1
3,phase_3_b_ogc_strt_dt,1
3,phase_3_b_cmcs_strt_dt,1
3,phase_3_c_ogc_end_dt,1
3,phase_3_c_omb_strt_dt,1
3,phase_3_b_omb_strt_dt,1
3,phase_4_end_dt,1
3,phase_2_fed_cmt_prd_strt_dt,1
3,phase_3_a_sme_end_dt,1
3,phase_2_state_aplctn_deemd_cmpltn_dt,1
3,phase_2_cmpltns_rvw_dt,1
3,phase_2_dsrd_aprvl_dt,1
3,phase_4_strt_dt,1
3,phase_2_fed_cmt_prd_end_dt,1
3,phase_2_rcvd_dt,1
4,mdcd_demo_aplctn_stus_dt,1
4,phase_3_c_ogc_strt_dt,1
4,phase_3_b_ogc_end_dt,1
4,phase_3_a_sme_strt_dt,1
4,phase_3_b_cmcs_strt_dt,1
4,phase_3_b_omb_strt_dt,1
4,phase_2_fed_cmt_prd_strt_dt,1
4,phase_3_c_omb_strt_dt,1
4,phase_3_a_sme_end_dt,1
4,phase_2_state_aplctn_deemd_cmpltn_dt,1
4,phase_3_b_ogc_strt_dt,1
4,phase_2_cmpltns_rvw_dt,1
4,phase_2_fed_cmt_prd_end_dt,1
4,phase_2_rcvd_dt,1
5,mdcd_demo_aplctn_stus_dt,1
5,phase_3_a_sme_strt_dt,1
5,phase_3_b_cmcs_strt_dt,1
5,phase_2_state_aplctn_deemd_cmpltn_dt,1
5,phase_3_a_sme_end_dt,1
5,phase_2_fed_cmt_prd_strt_dt,1
5,phase_2_cmpltns_rvw_dt,1
5,phase_2_dsrd_aprvl_dt,1
5,phase_2_fed_cmt_prd_end_dt,1
5,phase_2_rcvd_dt,1
5,phase_1_strt_dt,1
5,phase_1_end_dt,1
6,mdcd_demo_aplctn_stus_dt,1
6,phase_2_fed_cmt_prd_strt_dt,1
6,phase_2_state_aplctn_deemd_cmpltn_dt,1
6,phase_3_a_sme_end_dt,1
6,phase_3_a_sme_strt_dt,1
6,phase_2_cmpltns_rvw_dt,1
6,phase_2_fed_cmt_prd_end_dt,1
6,phase_2_rcvd_dt,1
6,phase_1_end_dt,1
6,phase_1_strt_dt,1
7,mdcd_demo_aplctn_stus_dt,1
7,phase_2_fed_cmt_prd_strt_dt,1
7,phase_3_a_sme_end_dt,1
7,phase_3_a_sme_strt_dt,1
7,phase_2_state_aplctn_deemd_cmpltn_dt,1
7,phase_2_cmpltns_rvw_dt,1
7,phase_2_fed_cmt_prd_end_dt,1
7,phase_2_rcvd_dt,1
8,mdcd_demo_aplctn_stus_dt,1
8,phase_3_c_omb_strt_dt,1
8,phase_2_fed_cmt_prd_strt_dt,1
8,phase_3_c_ogc_end_dt,1
8,phase_3_b_omb_strt_dt,1
8,phase_3_b_ogc_strt_dt,1
8,phase_3_c_omb_end_dt,1
8,phase_3_c_ogc_strt_dt,1
8,phase_3_a_sme_strt_dt,1
8,phase_3_b_omb_end_dt,1
8,phase_3_b_cmcs_strt_dt,1
8,phase_3_a_sme_end_dt,1
8,phase_2_state_aplctn_deemd_cmpltn_dt,1
8,phase_3_b_cmcs_end_dt,1
8,phase_3_b_ogc_end_dt,1
8,phase_2_cmpltns_rvw_dt,1
8,phase_2_dsrd_aprvl_dt,1
8,phase_2_fed_cmt_prd_end_dt,1
8,phase_2_rcvd_dt,1
9,mdcd_demo_aplctn_stus_dt,1
9,phase_3_b_ogc_strt_dt,1
9,phase_3_a_sme_strt_dt,1
9,phase_3_b_omb_strt_dt,1
9,phase_3_b_cmcs_strt_dt,1
9,phase_3_a_sme_end_dt,1
9,phase_2_state_aplctn_deemd_cmpltn_dt,1
9,phase_2_fed_cmt_prd_strt_dt,1
9,phase_2_cmpltns_rvw_dt,1
9,phase_4_strt_dt,1
9,phase_2_fed_cmt_prd_end_dt,1
9,phase_2_rcvd_dt,1
9,phase_1_end_dt,1
9,phase_1_strt_dt,1
10,mdcd_demo_aplctn_stus_dt,1
10,phase_3_c_omb_strt_dt,1
10,phase_3_a_sme_end_dt,1
10,phase_3_a_sme_strt_dt,1
10,phase_2_fed_cmt_prd_strt_dt,1
10,phase_3_c_ogc_strt_dt,1
10,phase_3_b_cmcs_strt_dt,1
10,phase_2_state_aplctn_deemd_cmpltn_dt,1
10,phase_3_b_ogc_strt_dt,1
10,phase_3_b_omb_strt_dt,1
10,phase_2_cmpltns_rvw_dt,1
10,phase_2_fed_cmt_prd_end_dt,1
10,phase_2_rcvd_dt,1
10,phase_1_end_dt,1
10,phase_1_strt_dt,1
11,mdcd_demo_aplctn_stus_dt,1
11,phase_2_rcvd_dt,1
12,mdcd_demo_aplctn_stus_dt,1
12,phase_2_fed_cmt_prd_strt_dt,1
12,phase_2_state_aplctn_deemd_cmpltn_dt,1
12,phase_3_a_sme_strt_dt,1
12,phase_3_b_cmcs_strt_dt,1
12,phase_3_a_sme_end_dt,1
12,phase_2_cmpltns_rvw_dt,1
12,phase_2_fed_cmt_prd_end_dt,1
12,phase_2_rcvd_dt,1
12,phase_1_end_dt,1
12,phase_1_strt_dt,1
13,mdcd_demo_aplctn_stus_dt,1
13,phase_2_fed_cmt_prd_strt_dt,1
13,phase_3_b_ogc_strt_dt,1
13,phase_3_a_sme_strt_dt,1
13,phase_3_b_cmcs_strt_dt,1
13,phase_3_a_sme_end_dt,1
13,phase_2_state_aplctn_deemd_cmpltn_dt,1
13,phase_2_cmpltns_rvw_dt,1
13,phase_2_fed_cmt_prd_end_dt,1
13,phase_2_rcvd_dt,1
14,mdcd_demo_aplctn_stus_dt,1
14,phase_3_a_sme_strt_dt,1
14,phase_3_b_cmcs_strt_dt,1
14,phase_3_a_sme_end_dt,1
14,phase_2_fed_cmt_prd_strt_dt,1
14,phase_2_state_aplctn_deemd_cmpltn_dt,1
14,phase_2_cmpltns_rvw_dt,1
14,phase_2_fed_cmt_prd_end_dt,1
14,phase_2_rcvd_dt,1
15,mdcd_demo_aplctn_stus_dt,1
15,phase_2_state_aplctn_deemd_cmpltn_dt,1
15,phase_2_fed_cmt_prd_strt_dt,1
15,phase_2_cmpltns_rvw_dt,1
15,phase_2_fed_cmt_prd_end_dt,1
15,phase_2_rcvd_dt,1
16,mdcd_demo_aplctn_stus_dt,1
16,phase_4_end_dt,1
16,phase_5_strt_dt,1
16,phase_3_b_ogc_end_dt,1
16,phase_2_state_aplctn_deemd_cmpltn_dt,1
16,phase_3_a_sme_strt_dt,1
16,phase_3_b_omb_strt_dt,1
16,phase_3_c_ogc_strt_dt,1
16,phase_3_c_omb_strt_dt,1
16,phase_3_b_cmcs_strt_dt,1
16,phase_3_c_omb_end_dt,1
16,phase_3_b_ogc_strt_dt,1
16,phase_2_cmpltns_rvw_dt,1
16,phase_4_strt_dt,1
16,phase_2_rcvd_dt,1
16,phase_1_strt_dt,1
17,mdcd_demo_aplctn_stus_dt,1
17,phase_2_state_aplctn_deemd_cmpltn_dt,1
17,phase_2_cmpltns_rvw_dt,1
17,phase_2_rcvd_dt,1
17,phase_1_strt_dt,1
17,phase_1_end_dt,1
18,mdcd_demo_aplctn_stus_dt,1
18,phase_2_fed_cmt_prd_strt_dt,1
18,phase_3_b_omb_strt_dt,1
18,phase_2_state_aplctn_deemd_cmpltn_dt,1
18,phase_3_b_ogc_strt_dt,1
18,phase_2_fed_cmt_prd_end_dt,1
18,phase_2_rcvd_dt,1
19,mdcd_demo_aplctn_stus_dt,1
19,phase_2_fed_cmt_prd_strt_dt,1
19,phase_2_state_aplctn_deemd_cmpltn_dt,1
19,phase_2_cmpltns_rvw_dt,1
19,phase_2_dsrd_aprvl_dt,1
19,phase_2_fed_cmt_prd_end_dt,1
19,phase_2_rcvd_dt,1
20,mdcd_demo_aplctn_stus_dt,1
20,phase_3_c_ogc_strt_dt,1
20,phase_3_c_omb_strt_dt,1
20,phase_3_b_ogc_strt_dt,1
20,phase_3_b_cmcs_strt_dt,1
20,phase_2_fed_cmt_prd_strt_dt,1
20,phase_3_b_omb_end_dt,1
20,phase_2_state_aplctn_deemd_cmpltn_dt,1
20,phase_3_a_sme_end_dt,1
20,phase_3_b_ogc_end_dt,1
20,phase_3_a_sme_strt_dt,1
20,phase_3_b_omb_strt_dt,1
20,phase_2_cmpltns_rvw_dt,1
20,phase_2_fed_cmt_prd_end_dt,1
20,phase_2_rcvd_dt,1
21,mdcd_demo_aplctn_stus_dt,1
21,phase_2_state_aplctn_deemd_cmpltn_dt,1
21,phase_2_fed_cmt_prd_strt_dt,1
21,phase_2_cmpltns_rvw_dt,1
21,phase_2_dsrd_aprvl_dt,1
21,phase_2_rcvd_dt,1
22,phase_6_end_dt,1
22,mdcd_demo_aplctn_stus_dt,1
22,phase_2_state_aplctn_deemd_cmpltn_dt,1
22,phase_3_b_cmcs_strt_dt,1
22,phase_3_a_sme_strt_dt,1
22,phase_2_cmpltns_rvw_dt,1
22,phase_2_rcvd_dt,1
22,phase_1_strt_dt,1
22,phase_1_end_dt,1
23,mdcd_demo_aplctn_stus_dt,1
23,phase_2_cmpltns_rvw_dt,1
23,phase_2_dsrd_aprvl_dt,1
23,phase_2_rcvd_dt,1
24,mdcd_demo_aplctn_stus_dt,1
24,phase_2_cmpltns_rvw_dt,1
24,phase_2_rcvd_dt,1
25,mdcd_demo_aplctn_stus_dt,1
25,phase_2_dsrd_aprvl_dt,1
26,mdcd_demo_aplctn_stus_dt,1
26,phase_2_dsrd_aprvl_dt,1
27,mdcd_demo_aplctn_stus_dt,1
27,phase_3_b_ogc_strt_dt,1
27,phase_3_b_omb_strt_dt,1
27,phase_2_state_aplctn_deemd_cmpltn_dt,1
27,phase_2_cmpltns_rvw_dt,1
27,phase_4_strt_dt,1
27,phase_2_rcvd_dt,1
28,mdcd_demo_aplctn_stus_dt,1
29,mdcd_demo_aplctn_stus_dt,1
29,phase_3_c_omb_end_dt,1
29,phase_3_c_ogc_end_dt,1
29,phase_3_b_omb_strt_dt,1
29,phase_3_b_omb_end_dt,1
29,phase_3_b_ogc_end_dt,1
29,phase_3_b_ogc_strt_dt,1
29,phase_2_state_aplctn_deemd_cmpltn_dt,1
29,phase_2_cmpltns_rvw_dt,1
29,phase_4_strt_dt,1
29,phase_2_dsrd_aprvl_dt,1
29,phase_2_rcvd_dt,1
30,mdcd_demo_aplctn_stus_dt,1
30,phase_2_state_aplctn_deemd_cmpltn_dt,1
30,phase_2_fed_cmt_prd_strt_dt,1
30,phase_2_cmpltns_rvw_dt,1
30,phase_2_fed_cmt_prd_end_dt,1
30,phase_2_dsrd_aprvl_dt,1
30,phase_2_rcvd_dt,1
31,mdcd_demo_aplctn_stus_dt,1
31,phase_2_dsrd_aprvl_dt,1
32,mdcd_demo_aplctn_stus_dt,1
32,phase_3_b_cmcs_strt_dt,1
32,phase_3_a_sme_strt_dt,1
32,phase_3_b_ogc_strt_dt,1
32,phase_3_a_sme_end_dt,1
32,phase_2_state_aplctn_deemd_cmpltn_dt,1
32,phase_2_fed_cmt_prd_strt_dt,1
32,phase_2_cmpltns_rvw_dt,1
32,phase_2_fed_cmt_prd_end_dt,1
32,phase_2_dsrd_aprvl_dt,1
32,phase_2_rcvd_dt,1
32,phase_1_strt_dt,1
32,phase_1_end_dt,1
33,mdcd_demo_aplctn_stus_dt,1
33,phase_2_state_aplctn_deemd_cmpltn_dt,1
33,phase_3_a_sme_end_dt,1
33,phase_3_a_sme_strt_dt,1
33,phase_2_fed_cmt_prd_strt_dt,1
33,phase_2_cmpltns_rvw_dt,1
33,phase_2_fed_cmt_prd_end_dt,1
33,phase_2_dsrd_aprvl_dt,1
33,phase_2_rcvd_dt,1
34,mdcd_demo_aplctn_stus_dt,1
34,phase_3_c_omb_end_dt,1
34,phase_3_b_omb_end_dt,1
34,phase_3_c_ogc_end_dt,1
34,phase_3_b_ogc_end_dt,1
34,phase_2_fed_cmt_prd_strt_dt,1
34,phase_3_a_sme_end_dt,1
34,phase_2_state_aplctn_deemd_cmpltn_dt,1
34,phase_3_b_omb_strt_dt,1
34,phase_3_b_ogc_strt_dt,1
34,phase_3_b_cmcs_end_dt,1
34,phase_3_a_sme_strt_dt,1
34,phase_6_strt_dt,1
34,phase_2_cmpltns_rvw_dt,1
34,phase_2_dsrd_aprvl_dt,1
34,phase_2_fed_cmt_prd_end_dt,1
34,phase_2_rcvd_dt,1
34,phase_1_strt_dt,1
34,phase_1_end_dt,1
35,mdcd_demo_aplctn_stus_dt,1
35,phase_3_b_ogc_strt_dt,1
35,phase_2_fed_cmt_prd_strt_dt,1
35,phase_3_b_omb_strt_dt,1
35,phase_3_b_cmcs_strt_dt,1
35,phase_3_a_sme_end_dt,1
35,phase_3_a_sme_strt_dt,1
35,phase_3_b_cmcs_end_dt,1
35,phase_2_state_aplctn_deemd_cmpltn_dt,1
35,phase_3_c_omb_strt_dt,1
35,phase_3_c_ogc_strt_dt,1
35,phase_2_cmpltns_rvw_dt,1
35,phase_2_fed_cmt_prd_end_dt,1
35,phase_4_strt_dt,1
35,phase_2_rcvd_dt,1
35,phase_1_strt_dt,1
35,phase_1_end_dt,1
36,mdcd_demo_aplctn_stus_dt,1
36,phase_3_b_ogc_strt_dt,1
36,phase_2_fed_cmt_prd_strt_dt,1
36,phase_4_end_dt,1
36,phase_3_b_omb_strt_dt,1
36,phase_3_a_sme_end_dt,1
36,phase_3_c_omb_end_dt,1
36,phase_3_c_ogc_end_dt,1
36,phase_2_state_aplctn_deemd_cmpltn_dt,1
36,phase_3_c_ogc_strt_dt,1
36,phase_3_a_sme_strt_dt,1
36,phase_3_c_omb_strt_dt,1
36,phase_2_cmpltns_rvw_dt,1
36,phase_2_fed_cmt_prd_end_dt,1
36,phase_4_strt_dt,1
36,phase_2_rcvd_dt,1
36,phase_1_strt_dt,1
36,phase_1_end_dt,1
37,mdcd_demo_aplctn_stus_dt,1
37,phase_3_c_ogc_strt_dt,1
37,phase_3_c_omb_strt_dt,1
37,phase_3_a_sme_strt_dt,1
37,phase_3_c_ogc_end_dt,1
37,phase_2_state_aplctn_deemd_cmpltn_dt,1
37,phase_3_a_sme_end_dt,1
37,phase_3_c_omb_end_dt,1
37,phase_2_fed_cmt_prd_strt_dt,1
37,phase_2_cmpltns_rvw_dt,1
37,phase_2_dsrd_aprvl_dt,1
37,phase_2_fed_cmt_prd_end_dt,1
37,phase_2_rcvd_dt,1
37,phase_1_strt_dt,1
37,phase_1_end_dt,1
38,mdcd_demo_aplctn_stus_dt,1
38,phase_3_c_ogc_strt_dt,1
38,phase_2_state_aplctn_deemd_cmpltn_dt,1
38,phase_3_c_omb_strt_dt,1
38,phase_2_cmpltns_rvw_dt,1
38,phase_2_dsrd_aprvl_dt,1
38,phase_2_rcvd_dt,1
39,mdcd_demo_aplctn_stus_dt,1
39,phase_1_strt_dt,1
40,mdcd_demo_aplctn_stus_dt,1
40,phase_2_fed_cmt_prd_strt_dt,1
40,phase_3_a_sme_strt_dt,1
40,phase_2_state_aplctn_deemd_cmpltn_dt,1
40,phase_3_a_sme_end_dt,1
40,phase_2_cmpltns_rvw_dt,1
40,phase_2_fed_cmt_prd_end_dt,1
40,phase_2_rcvd_dt,1
41,mdcd_demo_aplctn_stus_dt,1
41,phase_2_rcvd_dt,1
42,mdcd_demo_aplctn_stus_dt,1
42,phase_2_state_aplctn_deemd_cmpltn_dt,1
42,phase_3_b_cmcs_end_dt,1
42,phase_3_b_cmcs_strt_dt,1
42,phase_4_strt_dt,1
42,phase_2_dsrd_aprvl_dt,1
42,phase_2_rcvd_dt,1
42,phase_1_strt_dt,1
43,mdcd_demo_aplctn_stus_dt,1
43,phase_2_state_aplctn_deemd_cmpltn_dt,1
43,phase_3_a_sme_strt_dt,1
43,phase_3_a_sme_end_dt,1
43,phase_2_fed_cmt_prd_strt_dt,1
43,phase_2_cmpltns_rvw_dt,1
43,phase_2_fed_cmt_prd_end_dt,1
43,phase_2_dsrd_aprvl_dt,1
43,phase_2_rcvd_dt,1
43,phase_1_end_dt,1
43,phase_1_strt_dt,1
44,mdcd_demo_aplctn_stus_dt,1
44,phase_2_state_aplctn_deemd_cmpltn_dt,1
44,phase_3_a_sme_strt_dt,1
44,phase_3_a_sme_end_dt,1
44,phase_5_strt_dt,1
44,phase_2_fed_cmt_prd_strt_dt,1
44,phase_2_cmpltns_rvw_dt,1
44,phase_2_dsrd_aprvl_dt,1
44,phase_4_strt_dt,1
44,phase_2_fed_cmt_prd_end_dt,1
44,phase_2_rcvd_dt,1
45,mdcd_demo_aplctn_stus_dt,1
45,phase_3_b_cmcs_strt_dt,1
45,phase_3_a_sme_strt_dt,1
45,phase_2_state_aplctn_deemd_cmpltn_dt,1
45,phase_5_strt_dt,1
45,phase_2_fed_cmt_prd_strt_dt,1
45,phase_2_cmpltns_rvw_dt,1
45,phase_2_fed_cmt_prd_end_dt,1
45,phase_2_dsrd_aprvl_dt,1
45,phase_4_strt_dt,1
45,phase_2_rcvd_dt,1
46,mdcd_demo_aplctn_stus_dt,1
46,phase_2_fed_cmt_prd_strt_dt,1
46,phase_2_state_aplctn_deemd_cmpltn_dt,1
46,phase_2_cmpltns_rvw_dt,1
46,phase_2_fed_cmt_prd_end_dt,1
46,phase_2_rcvd_dt,1
46,phase_1_strt_dt,1
47,mdcd_demo_aplctn_stus_dt,1
47,phase_2_state_aplctn_deemd_cmpltn_dt,1
47,phase_3_b_cmcs_strt_dt,1
47,phase_3_a_sme_strt_dt,1
47,phase_2_fed_cmt_prd_strt_dt,1
47,phase_3_a_sme_end_dt,1
47,phase_2_cmpltns_rvw_dt,1
47,phase_2_fed_cmt_prd_end_dt,1
47,phase_2_rcvd_dt,1
47,phase_1_end_dt,1
47,phase_1_strt_dt,1
48,mdcd_demo_aplctn_stus_dt,1
48,phase_3_c_ogc_strt_dt,1
48,phase_2_state_aplctn_deemd_cmpltn_dt,1
48,phase_3_a_sme_strt_dt,1
48,phase_3_b_cmcs_strt_dt,1
48,phase_3_a_sme_end_dt,1
48,phase_3_c_omb_strt_dt,1
48,phase_2_fed_cmt_prd_strt_dt,1
48,phase_2_cmpltns_rvw_dt,1
48,phase_4_strt_dt,1
48,phase_2_fed_cmt_prd_end_dt,1
48,phase_2_dsrd_aprvl_dt,1
48,phase_2_rcvd_dt,1
49,mdcd_demo_aplctn_stus_dt,1
49,phase_3_a_sme_strt_dt,1
49,phase_3_b_cmcs_strt_dt,1
49,phase_3_a_sme_end_dt,1
49,phase_5_strt_dt,1
49,phase_2_state_aplctn_deemd_cmpltn_dt,1
49,phase_2_fed_cmt_prd_strt_dt,1
49,phase_2_cmpltns_rvw_dt,1
49,phase_2_fed_cmt_prd_end_dt,1
49,phase_2_rcvd_dt,1
50,mdcd_demo_aplctn_stus_dt,1
51,mdcd_demo_aplctn_stus_dt,1
52,mdcd_demo_aplctn_stus_dt,1
52,phase_2_state_aplctn_deemd_cmpltn_dt,1
52,phase_2_rcvd_dt,1
52,phase_1_strt_dt,1
53,mdcd_demo_aplctn_stus_dt,1
53,phase_2_state_aplctn_deemd_cmpltn_dt,1
53,phase_2_cmpltns_rvw_dt,1
53,phase_2_rcvd_dt,1
54,mdcd_demo_aplctn_stus_dt,1
54,phase_2_fed_cmt_prd_strt_dt,1
54,phase_3_b_cmcs_strt_dt,1
54,phase_3_b_ogc_strt_dt,1
54,phase_2_state_aplctn_deemd_cmpltn_dt,1
54,phase_3_c_ogc_strt_dt,1
54,phase_3_b_omb_strt_dt,1
54,phase_3_a_sme_end_dt,1
54,phase_3_c_omb_strt_dt,1
54,phase_3_a_sme_strt_dt,1
54,phase_2_cmpltns_rvw_dt,1
54,phase_2_fed_cmt_prd_end_dt,1
54,phase_2_rcvd_dt,1
55,mdcd_demo_aplctn_stus_dt,1
55,phase_2_state_aplctn_deemd_cmpltn_dt,1
55,phase_2_fed_cmt_prd_strt_dt,1
55,phase_3_a_sme_end_dt,1
55,phase_3_b_cmcs_strt_dt,1
55,phase_3_a_sme_strt_dt,1
55,phase_2_cmpltns_rvw_dt,1
55,phase_2_fed_cmt_prd_end_dt,1
55,phase_2_rcvd_dt,1
56,mdcd_demo_aplctn_stus_dt,1
56,phase_3_a_sme_end_dt,1
56,phase_2_state_aplctn_deemd_cmpltn_dt,1
56,phase_3_a_sme_strt_dt,1
56,phase_3_b_cmcs_strt_dt,1
56,phase_2_fed_cmt_prd_strt_dt,1
56,phase_2_cmpltns_rvw_dt,1
56,phase_2_fed_cmt_prd_end_dt,1
56,phase_2_rcvd_dt,1
56,phase_1_end_dt,1
56,phase_1_strt_dt,1
57,mdcd_demo_aplctn_stus_dt,1
57,phase_2_fed_cmt_prd_strt_dt,1
57,phase_2_state_aplctn_deemd_cmpltn_dt,1
57,phase_3_a_sme_end_dt,1
57,phase_3_a_sme_strt_dt,1
57,phase_3_b_cmcs_strt_dt,1
57,phase_2_cmpltns_rvw_dt,1
57,phase_2_fed_cmt_prd_end_dt,1
57,phase_2_dsrd_aprvl_dt,1
57,phase_2_rcvd_dt,1
57,phase_1_end_dt,1
57,phase_1_strt_dt,1
58,mdcd_demo_aplctn_stus_dt,1
58,phase_3_c_omb_strt_dt,1
58,phase_3_b_omb_strt_dt,1
58,phase_2_rcvd_dt,1
58,phase_1_end_dt,1
58,phase_1_strt_dt,1
59,mdcd_demo_aplctn_stus_dt,1
59,phase_2_state_aplctn_deemd_cmpltn_dt,1
59,phase_2_cmpltns_rvw_dt,1
59,phase_2_rcvd_dt,1
60,mdcd_demo_aplctn_stus_dt,1
60,phase_3_b_cmcs_end_dt,1
60,phase_3_a_sme_strt_dt,1
60,phase_3_a_sme_end_dt,1
60,phase_2_state_aplctn_deemd_cmpltn_dt,1
60,phase_3_b_cmcs_strt_dt,1
60,phase_2_fed_cmt_prd_strt_dt,1
60,phase_3_b_omb_strt_dt,1
60,phase_3_b_ogc_strt_dt,1
60,phase_2_cmpltns_rvw_dt,1
60,phase_2_fed_cmt_prd_end_dt,1
60,phase_4_strt_dt,1
60,phase_2_rcvd_dt,1
61,mdcd_demo_aplctn_stus_dt,1
61,phase_2_state_aplctn_deemd_cmpltn_dt,1
61,phase_2_dsrd_aprvl_dt,1
62,mdcd_demo_aplctn_stus_dt,1
62,phase_2_state_aplctn_deemd_cmpltn_dt,1
62,phase_2_fed_cmt_prd_strt_dt,1
62,phase_2_cmpltns_rvw_dt,1
62,phase_2_fed_cmt_prd_end_dt,1
62,phase_2_dsrd_aprvl_dt,1
62,phase_2_rcvd_dt,1
63,phase_6_end_dt,1
63,mdcd_demo_aplctn_stus_dt,1
63,phase_3_a_frvt_end_dt,1
63,phase_2_state_aplctn_deemd_cmpltn_dt,1
63,phase_3_c_ogc_end_dt,1
63,phase_3_a_sme_strt_dt,1
63,phase_3_a_sme_end_dt,1
63,phase_2_fed_cmt_prd_strt_dt,1
63,phase_3_c_omb_strt_dt,1
63,phase_3_c_omb_end_dt,1
63,phase_3_c_ogc_strt_dt,1
63,phase_6_strt_dt,1
63,phase_3_a_frvt_strt_dt,1
63,phase_2_cmpltns_rvw_dt,1
63,phase_2_fed_cmt_prd_end_dt,1
63,phase_2_rcvd_dt,1
63,phase_1_end_dt,1
63,phase_1_strt_dt,1
64,mdcd_demo_aplctn_stus_dt,1
64,phase_3_c_omb_strt_dt,1
64,phase_2_state_aplctn_deemd_cmpltn_dt,1
64,phase_3_b_ogc_strt_dt,1
64,phase_2_fed_cmt_prd_strt_dt,1
64,phase_2_fed_cmt_prd_end_dt,1
64,phase_2_rcvd_dt,1
65,mdcd_demo_aplctn_stus_dt,1
65,phase_2_state_aplctn_deemd_cmpltn_dt,1
65,phase_3_a_sme_strt_dt,1
65,phase_3_b_cmcs_end_dt,1
65,phase_3_a_sme_end_dt,1
65,phase_2_fed_cmt_prd_strt_dt,1
65,phase_3_b_cmcs_strt_dt,1
65,phase_2_cmpltns_rvw_dt,1
65,phase_2_fed_cmt_prd_end_dt,1
65,phase_2_dsrd_aprvl_dt,1
65,phase_2_rcvd_dt,1
66,phase_6_end_dt,1
66,mdcd_demo_aplctn_stus_dt,1
66,phase_3_b_cmcs_strt_dt,1
66,phase_5_strt_dt,1
66,phase_3_c_omb_strt_dt,1
66,phase_2_state_aplctn_deemd_cmpltn_dt,1
66,phase_3_c_ogc_end_dt,1
66,phase_4_end_dt,1
66,phase_5_end_dt,1
66,phase_3_b_ogc_strt_dt,1
66,phase_3_b_ogc_end_dt,1
66,phase_6_strt_dt,1
66,phase_3_b_omb_strt_dt,1
66,phase_3_c_ogc_strt_dt,1
66,phase_3_b_cmcs_end_dt,1
66,phase_2_fed_cmt_prd_strt_dt,1
66,phase_3_a_frvt_strt_dt,1
66,phase_3_a_frvt_end_dt,1
66,phase_3_b_omb_end_dt,1
66,phase_3_a_sme_end_dt,1
66,phase_3_c_omb_end_dt,1
66,phase_3_a_sme_strt_dt,1
66,phase_2_cmpltns_rvw_dt,1
66,phase_4_strt_dt,1
66,phase_2_fed_cmt_prd_end_dt,1
66,phase_2_dsrd_aprvl_dt,1
66,phase_2_rcvd_dt,1
67,mdcd_demo_aplctn_stus_dt,1
67,phase_3_c_omb_strt_dt,1
67,phase_3_a_sme_end_dt,1
67,phase_3_c_ogc_strt_dt,1
67,phase_3_b_cmcs_strt_dt,1
67,phase_6_strt_dt,1
67,phase_3_b_cmcs_end_dt,1
67,phase_4_end_dt,1
67,phase_2_state_aplctn_deemd_cmpltn_dt,1
67,phase_3_a_sme_strt_dt,1
67,phase_2_cmpltns_rvw_dt,1
67,phase_2_dsrd_aprvl_dt,1
67,phase_4_strt_dt,1
67,phase_2_rcvd_dt,1
68,mdcd_demo_aplctn_stus_dt,1
68,phase_2_state_aplctn_deemd_cmpltn_dt,1
68,phase_2_cmpltns_rvw_dt,1
68,phase_2_rcvd_dt,1
69,mdcd_demo_aplctn_stus_dt,1
69,phase_3_a_sme_strt_dt,1
69,phase_2_state_aplctn_deemd_cmpltn_dt,1
69,phase_3_a_sme_end_dt,1
69,phase_2_fed_cmt_prd_strt_dt,1
69,phase_2_cmpltns_rvw_dt,1
69,phase_2_fed_cmt_prd_end_dt,1
69,phase_2_rcvd_dt,1
70,mdcd_demo_aplctn_stus_dt,1
70,phase_3_b_ogc_strt_dt,1
70,phase_3_b_omb_strt_dt,1
70,phase_3_b_omb_end_dt,1
70,phase_3_a_sme_end_dt,1
70,phase_2_state_aplctn_deemd_cmpltn_dt,1
70,phase_4_end_dt,1
70,phase_3_c_omb_end_dt,1
70,phase_6_strt_dt,1
70,phase_3_c_omb_strt_dt,1
70,phase_3_b_ogc_end_dt,1
70,phase_3_a_sme_strt_dt,1
70,phase_3_b_cmcs_strt_dt,1
70,phase_3_c_ogc_strt_dt,1
70,phase_3_b_cmcs_end_dt,1
70,phase_5_strt_dt,1
70,phase_2_cmpltns_rvw_dt,1
70,phase_4_strt_dt,1
70,phase_2_rcvd_dt,1
71,mdcd_demo_aplctn_stus_dt,1
71,phase_2_state_aplctn_deemd_cmpltn_dt,1
71,phase_2_cmpltns_rvw_dt,1
71,phase_4_strt_dt,1
71,phase_2_rcvd_dt,1
72,mdcd_demo_aplctn_stus_dt,1
72,phase_2_state_aplctn_deemd_cmpltn_dt,1
72,phase_3_a_sme_strt_dt,1
72,phase_3_c_ogc_strt_dt,1
72,phase_3_c_omb_strt_dt,1
72,phase_2_fed_cmt_prd_strt_dt,1
72,phase_2_cmpltns_rvw_dt,1
72,phase_2_fed_cmt_prd_end_dt,1
72,phase_2_rcvd_dt,1
73,mdcd_demo_aplctn_stus_dt,1
73,phase_3_a_sme_strt_dt,1
73,phase_3_a_sme_end_dt,1
73,phase_2_state_aplctn_deemd_cmpltn_dt,1
73,phase_2_fed_cmt_prd_strt_dt,1
73,phase_2_cmpltns_rvw_dt,1
73,phase_2_fed_cmt_prd_end_dt,1
73,phase_2_rcvd_dt,1
74,mdcd_demo_aplctn_stus_dt,1
74,phase_2_fed_cmt_prd_strt_dt,1
74,phase_3_b_cmcs_strt_dt,1
74,phase_3_a_sme_strt_dt,1
74,phase_2_state_aplctn_deemd_cmpltn_dt,1
74,phase_2_cmpltns_rvw_dt,1
74,phase_2_fed_cmt_prd_end_dt,1
74,phase_2_dsrd_aprvl_dt,1
74,phase_2_rcvd_dt,1
75,mdcd_demo_aplctn_stus_dt,1
75,phase_2_state_aplctn_deemd_cmpltn_dt,1
75,phase_3_a_sme_strt_dt,1
75,phase_2_fed_cmt_prd_strt_dt,1
75,phase_3_a_sme_end_dt,1
75,phase_2_cmpltns_rvw_dt,1
75,phase_2_fed_cmt_prd_end_dt,1
75,phase_2_dsrd_aprvl_dt,1
75,phase_2_rcvd_dt,1
76,phase_6_end_dt,1
76,mdcd_demo_aplctn_stus_dt,1
76,phase_3_b_ogc_end_dt,1
76,phase_3_b_cmcs_end_dt,1
76,phase_4_end_dt,1
76,phase_3_b_omb_end_dt,1
76,phase_3_b_ogc_strt_dt,1
76,phase_3_b_cmcs_strt_dt,1
76,phase_5_strt_dt,1
76,phase_3_b_omb_strt_dt,1
76,phase_2_state_aplctn_deemd_cmpltn_dt,1
76,phase_5_end_dt,1
76,phase_3_c_omb_strt_dt,1
76,phase_6_strt_dt,1
76,phase_2_fed_cmt_prd_strt_dt,1
76,phase_3_a_sme_end_dt,1
76,phase_3_c_ogc_strt_dt,1
76,phase_3_a_sme_strt_dt,1
76,phase_2_cmpltns_rvw_dt,1
76,phase_2_fed_cmt_prd_end_dt,1
76,phase_4_strt_dt,1
76,phase_2_dsrd_aprvl_dt,1
76,phase_2_rcvd_dt,1
77,phase_6_end_dt,1
77,mdcd_demo_aplctn_stus_dt,1
77,phase_3_c_omb_end_dt,1
77,phase_3_c_ogc_end_dt,1
77,phase_3_b_omb_end_dt,1
77,phase_2_fed_cmt_prd_strt_dt,1
77,phase_2_state_aplctn_deemd_cmpltn_dt,1
77,phase_3_c_ogc_strt_dt,1
77,phase_3_b_ogc_strt_dt,1
77,phase_3_b_omb_strt_dt,1
77,phase_3_c_omb_strt_dt,1
77,phase_3_b_ogc_end_dt,1
77,phase_6_strt_dt,1
77,phase_5_strt_dt,1
77,phase_5_end_dt,1
77,phase_2_cmpltns_rvw_dt,1
77,phase_2_dsrd_aprvl_dt,1
77,phase_2_fed_cmt_prd_end_dt,1
77,phase_4_strt_dt,1
77,phase_2_rcvd_dt,1
78,mdcd_demo_aplctn_stus_dt,1
78,phase_2_state_aplctn_deemd_cmpltn_dt,1
78,phase_2_fed_cmt_prd_strt_dt,1
78,phase_3_a_sme_strt_dt,1
78,phase_2_cmpltns_rvw_dt,1
78,phase_2_fed_cmt_prd_end_dt,1
78,phase_2_rcvd_dt,1
79,phase_6_end_dt,1
79,mdcd_demo_aplctn_stus_dt,1
79,phase_3_c_ogc_end_dt,1
79,phase_2_state_aplctn_deemd_cmpltn_dt,1
79,phase_3_b_ogc_end_dt,1
79,phase_4_end_dt,1
79,phase_3_c_omb_strt_dt,1
79,phase_3_a_sme_strt_dt,1
79,phase_3_b_omb_end_dt,1
79,phase_2_fed_cmt_prd_strt_dt,1
79,phase_3_b_omb_strt_dt,1
79,phase_3_c_omb_end_dt,1
79,phase_3_b_ogc_strt_dt,1
79,phase_3_c_ogc_strt_dt,1
79,phase_6_strt_dt,1
79,phase_3_a_sme_end_dt,1
79,phase_2_cmpltns_rvw_dt,1
79,phase_4_strt_dt,1
79,phase_2_fed_cmt_prd_end_dt,1
79,phase_2_rcvd_dt,1
80,mdcd_demo_aplctn_stus_dt,1
80,phase_3_c_ogc_strt_dt,1
80,phase_6_strt_dt,1
80,phase_3_b_ogc_strt_dt,1
80,phase_3_c_omb_strt_dt,1
80,phase_3_c_ogc_end_dt,1
80,phase_3_a_sme_strt_dt,1
80,phase_2_fed_cmt_prd_strt_dt,1
80,phase_3_b_cmcs_strt_dt,1
80,phase_3_a_sme_end_dt,1
80,phase_2_state_aplctn_deemd_cmpltn_dt,1
80,phase_4_end_dt,1
80,phase_3_b_omb_strt_dt,1
80,phase_3_c_omb_end_dt,1
80,phase_2_cmpltns_rvw_dt,1
80,phase_2_dsrd_aprvl_dt,1
80,phase_2_fed_cmt_prd_end_dt,1
80,phase_2_rcvd_dt,1
80,phase_1_end_dt,1
80,phase_1_strt_dt,1
81,mdcd_demo_aplctn_stus_dt,1
81,phase_3_c_ogc_strt_dt,1
81,phase_2_state_aplctn_deemd_cmpltn_dt,1
81,phase_3_c_omb_strt_dt,1
81,phase_2_fed_cmt_prd_strt_dt,1
81,phase_3_a_sme_strt_dt,1
81,phase_2_cmpltns_rvw_dt,1
81,phase_2_dsrd_aprvl_dt,1
81,phase_2_fed_cmt_prd_end_dt,1
81,phase_2_rcvd_dt,1
81,phase_1_strt_dt,1
81,phase_1_end_dt,1
82,mdcd_demo_aplctn_stus_dt,1
82,phase_3_b_ogc_strt_dt,1
82,phase_3_a_sme_end_dt,1
82,phase_2_fed_cmt_prd_strt_dt,1
82,phase_3_c_ogc_strt_dt,1
82,phase_3_b_cmcs_strt_dt,1
82,phase_2_state_aplctn_deemd_cmpltn_dt,1
82,phase_3_b_cmcs_end_dt,1
82,phase_3_a_sme_strt_dt,1
82,phase_2_cmpltns_rvw_dt,1
82,phase_2_fed_cmt_prd_end_dt,1
82,phase_4_strt_dt,1
82,phase_2_dsrd_aprvl_dt,1
82,phase_2_rcvd_dt,1
83,mdcd_demo_aplctn_stus_dt,1
83,phase_3_a_sme_end_dt,1
83,phase_2_fed_cmt_prd_strt_dt,1
83,phase_2_state_aplctn_deemd_cmpltn_dt,1
83,phase_3_a_sme_strt_dt,1
83,phase_2_cmpltns_rvw_dt,1
83,phase_2_dsrd_aprvl_dt,1
83,phase_2_rcvd_dt,1
84,mdcd_demo_aplctn_stus_dt,1
84,phase_3_a_sme_strt_dt,1
84,phase_2_fed_cmt_prd_strt_dt,1
84,phase_2_state_aplctn_deemd_cmpltn_dt,1
84,phase_2_cmpltns_rvw_dt,1
84,phase_2_dsrd_aprvl_dt,1
84,phase_2_rcvd_dt,1
85,mdcd_demo_aplctn_stus_dt,1
85,phase_2_fed_cmt_prd_strt_dt,1
85,phase_3_a_sme_strt_dt,1
85,phase_2_state_aplctn_deemd_cmpltn_dt,1
85,phase_3_a_sme_end_dt,1
85,phase_2_cmpltns_rvw_dt,1
85,phase_2_dsrd_aprvl_dt,1
85,phase_2_fed_cmt_prd_end_dt,1
85,phase_2_rcvd_dt,1
86,phase_6_end_dt,1
86,mdcd_demo_aplctn_stus_dt,1
86,phase_3_c_omb_end_dt,1
86,phase_3_c_ogc_end_dt,1
86,phase_2_fed_cmt_prd_strt_dt,1
86,phase_3_a_sme_strt_dt,1
86,phase_3_c_ogc_strt_dt,1
86,phase_3_c_omb_strt_dt,1
86,phase_6_strt_dt,1
86,phase_2_state_aplctn_deemd_cmpltn_dt,1
86,phase_5_end_dt,1
86,phase_2_cmpltns_rvw_dt,1
86,phase_2_dsrd_aprvl_dt,1
86,phase_2_rcvd_dt,1
87,mdcd_demo_aplctn_stus_dt,1
87,phase_2_dsrd_aprvl_dt,1
87,phase_2_rcvd_dt,1
88,mdcd_demo_aplctn_stus_dt,1
88,phase_2_cmpltns_rvw_dt,1
88,phase_2_rcvd_dt,1
89,mdcd_demo_aplctn_stus_dt,1
89,phase_2_cmpltns_rvw_dt,1
89,phase_2_rcvd_dt,1
90,mdcd_demo_aplctn_stus_dt,1
91,mdcd_demo_aplctn_stus_dt,1
91,phase_3_c_omb_strt_dt,1
91,phase_3_c_omb_end_dt,1
91,phase_2_cmpltns_rvw_dt,1
91,phase_2_rcvd_dt,1
92,mdcd_demo_aplctn_stus_dt,1
93,phase_6_end_dt,1
93,mdcd_demo_aplctn_stus_dt,1
93,phase_3_b_omb_end_dt,1
93,phase_2_state_aplctn_deemd_cmpltn_dt,1
93,phase_3_a_sme_end_dt,1
93,phase_3_b_ogc_end_dt,1
93,phase_3_c_omb_strt_dt,1
93,phase_3_c_ogc_strt_dt,1
93,phase_4_end_dt,1
93,phase_2_fed_cmt_prd_strt_dt,1
93,phase_5_end_dt,1
93,phase_3_c_ogc_end_dt,1
93,phase_3_c_omb_end_dt,1
93,phase_3_a_sme_strt_dt,1
93,phase_6_strt_dt,1
93,phase_5_strt_dt,1
93,phase_3_b_omb_strt_dt,1
93,phase_3_b_ogc_strt_dt,1
93,phase_2_cmpltns_rvw_dt,1
93,phase_4_strt_dt,1
93,phase_2_dsrd_aprvl_dt,1
93,phase_2_fed_cmt_prd_end_dt,1
93,phase_2_rcvd_dt,1
94,mdcd_demo_aplctn_stus_dt,1
94,phase_2_fed_cmt_prd_strt_dt,1
94,phase_2_state_aplctn_deemd_cmpltn_dt,1
94,phase_2_cmpltns_rvw_dt,1
94,phase_2_fed_cmt_prd_end_dt,1
94,phase_2_dsrd_aprvl_dt,1
94,phase_2_rcvd_dt,1
94,phase_1_strt_dt,1
94,phase_1_end_dt,1
95,mdcd_demo_aplctn_stus_dt,1
95,phase_2_fed_cmt_prd_strt_dt,1
95,phase_2_state_aplctn_deemd_cmpltn_dt,1
95,phase_2_cmpltns_rvw_dt,1
95,phase_2_fed_cmt_prd_end_dt,1
95,phase_2_rcvd_dt,1
96,mdcd_demo_aplctn_stus_dt,1
96,phase_2_fed_cmt_prd_strt_dt,1
96,phase_2_state_aplctn_deemd_cmpltn_dt,1
96,phase_2_cmpltns_rvw_dt,1
96,phase_2_fed_cmt_prd_end_dt,1
96,phase_2_rcvd_dt,1
97,mdcd_demo_aplctn_stus_dt,1
97,phase_2_cmpltns_rvw_dt,1
97,phase_2_rcvd_dt,1
98,mdcd_demo_aplctn_stus_dt,1
98,phase_3_b_omb_strt_dt,1
98,phase_2_state_aplctn_deemd_cmpltn_dt,1
98,phase_3_c_omb_strt_dt,1
98,phase_3_c_ogc_strt_dt,1
98,phase_3_b_ogc_strt_dt,1
98,phase_6_strt_dt,1
98,phase_2_fed_cmt_prd_strt_dt,1
98,phase_3_a_sme_strt_dt,1
98,phase_2_cmpltns_rvw_dt,1
98,phase_2_fed_cmt_prd_end_dt,1
98,phase_2_dsrd_aprvl_dt,1
98,phase_2_rcvd_dt,1
99,mdcd_demo_aplctn_stus_dt,1
99,phase_2_state_aplctn_deemd_cmpltn_dt,1
99,phase_3_a_sme_end_dt,1
99,phase_3_a_sme_strt_dt,1
99,phase_2_fed_cmt_prd_strt_dt,1
99,phase_2_cmpltns_rvw_dt,1
99,phase_2_dsrd_aprvl_dt,1
99,phase_2_fed_cmt_prd_end_dt,1
99,phase_2_rcvd_dt,1
100,mdcd_demo_aplctn_stus_dt,1
100,phase_3_a_sme_strt_dt,1
100,phase_3_a_sme_end_dt,1
100,phase_3_c_omb_strt_dt,1
100,phase_3_c_ogc_end_dt,1
100,phase_3_c_ogc_strt_dt,1
100,phase_2_state_aplctn_deemd_cmpltn_dt,1
100,phase_2_fed_cmt_prd_strt_dt,1
100,phase_3_c_omb_end_dt,1
100,phase_2_cmpltns_rvw_dt,1
100,phase_2_dsrd_aprvl_dt,1
100,phase_2_fed_cmt_prd_end_dt,1
100,phase_2_rcvd_dt,1
101,mdcd_demo_aplctn_stus_dt,1
101,phase_3_b_cmcs_strt_dt,1
101,phase_2_state_aplctn_deemd_cmpltn_dt,1
101,phase_2_fed_cmt_prd_strt_dt,1
101,phase_3_a_sme_end_dt,1
101,phase_3_a_sme_strt_dt,1
101,phase_2_cmpltns_rvw_dt,1
101,phase_2_fed_cmt_prd_end_dt,1
101,phase_2_dsrd_aprvl_dt,1
101,phase_2_rcvd_dt,1
102,mdcd_demo_aplctn_stus_dt,1
102,phase_2_cmpltns_rvw_dt,1
102,phase_2_rcvd_dt,1
103,mdcd_demo_aplctn_stus_dt,1
104,mdcd_demo_aplctn_stus_dt,1
104,phase_2_cmpltns_rvw_dt,1
104,phase_2_rcvd_dt,1
105,mdcd_demo_aplctn_stus_dt,1
105,phase_2_cmpltns_rvw_dt,1
105,phase_2_rcvd_dt,1
106,mdcd_demo_aplctn_stus_dt,1
107,mdcd_demo_aplctn_stus_dt,1
107,phase_3_b_omb_end_dt,1
107,phase_3_b_ogc_strt_dt,1
107,phase_3_b_omb_strt_dt,1
107,phase_2_cmpltns_rvw_dt,1
107,phase_2_dsrd_aprvl_dt,1
107,phase_4_strt_dt,1
107,phase_2_rcvd_dt,1
108,mdcd_demo_aplctn_stus_dt,1
108,phase_3_c_ogc_strt_dt,1
108,phase_2_state_aplctn_deemd_cmpltn_dt,1
108,phase_3_c_omb_end_dt,1
108,phase_6_strt_dt,1
108,phase_3_c_ogc_end_dt,1
108,phase_3_c_omb_strt_dt,1
108,phase_2_cmpltns_rvw_dt,1
108,phase_2_dsrd_aprvl_dt,1
108,phase_2_rcvd_dt,1
109,mdcd_demo_aplctn_stus_dt,1
109,phase_2_cmpltns_rvw_dt,1
109,phase_2_rcvd_dt,1
110,mdcd_demo_aplctn_stus_dt,1
110,phase_2_state_aplctn_deemd_cmpltn_dt,1
110,phase_3_a_sme_strt_dt,1
110,phase_2_fed_cmt_prd_strt_dt,1
110,phase_3_a_sme_end_dt,1
110,phase_2_cmpltns_rvw_dt,1
110,phase_2_dsrd_aprvl_dt,1
110,phase_2_fed_cmt_prd_end_dt,1
110,phase_2_rcvd_dt,1
111,mdcd_demo_aplctn_stus_dt,1
111,phase_2_state_aplctn_deemd_cmpltn_dt,1
111,phase_2_cmpltns_rvw_dt,1
111,phase_2_dsrd_aprvl_dt,1
111,phase_2_rcvd_dt,1
112,mdcd_demo_aplctn_stus_dt,1
112,phase_2_fed_cmt_prd_strt_dt,1
112,phase_2_state_aplctn_deemd_cmpltn_dt,1
112,phase_3_a_frvt_strt_dt,1
112,phase_3_a_sme_strt_dt,1
112,phase_2_cmpltns_rvw_dt,1
112,phase_2_dsrd_aprvl_dt,1
112,phase_2_fed_cmt_prd_end_dt,1
112,phase_2_rcvd_dt,1
113,mdcd_demo_aplctn_stus_dt,1
113,phase_2_state_aplctn_deemd_cmpltn_dt,1
113,phase_2_cmpltns_rvw_dt,1
113,phase_2_dsrd_aprvl_dt,1
113,phase_2_rcvd_dt,1
114,mdcd_demo_aplctn_stus_dt,1
114,phase_2_state_aplctn_deemd_cmpltn_dt,1
114,phase_2_cmpltns_rvw_dt,1
114,phase_2_dsrd_aprvl_dt,1
114,phase_2_rcvd_dt,1
115,mdcd_demo_aplctn_stus_dt,1
115,phase_2_cmpltns_rvw_dt,1
115,phase_2_rcvd_dt,1
116,mdcd_demo_aplctn_stus_dt,1
116,phase_2_state_aplctn_deemd_cmpltn_dt,1
116,phase_3_b_omb_end_dt,1
116,phase_3_b_cmcs_strt_dt,1
116,phase_4_end_dt,1
116,phase_3_b_ogc_end_dt,1
116,phase_3_c_ogc_strt_dt,1
116,phase_3_b_cmcs_end_dt,1
116,phase_2_fed_cmt_prd_strt_dt,1
116,phase_5_strt_dt,1
116,phase_3_a_frvt_strt_dt,1
116,phase_3_a_frvt_end_dt,1
116,phase_3_a_sme_strt_dt,1
116,phase_3_c_omb_strt_dt,1
116,phase_3_c_omb_end_dt,1
116,phase_3_a_sme_end_dt,1
116,phase_3_b_omb_strt_dt,1
116,phase_3_b_ogc_strt_dt,1
116,phase_6_strt_dt,1
116,phase_2_cmpltns_rvw_dt,1
116,phase_2_dsrd_aprvl_dt,1
116,phase_2_fed_cmt_prd_end_dt,1
116,phase_4_strt_dt,1
116,phase_2_rcvd_dt,1
117,mdcd_demo_aplctn_stus_dt,1
117,phase_2_cmpltns_rvw_dt,1
117,phase_2_rcvd_dt,1
118,mdcd_demo_aplctn_stus_dt,1
118,phase_2_cmpltns_rvw_dt,1
118,phase_2_rcvd_dt,1
119,mdcd_demo_aplctn_stus_dt,1
119,phase_2_state_aplctn_deemd_cmpltn_dt,1
119,phase_2_cmpltns_rvw_dt,1
119,phase_2_dsrd_aprvl_dt,1
119,phase_2_rcvd_dt,1
120,mdcd_demo_aplctn_stus_dt,1
120,phase_2_state_aplctn_deemd_cmpltn_dt,1
120,phase_2_cmpltns_rvw_dt,1
120,phase_2_dsrd_aprvl_dt,1
120,phase_2_rcvd_dt,1
121,mdcd_demo_aplctn_stus_dt,1
121,phase_2_state_aplctn_deemd_cmpltn_dt,1
121,phase_2_cmpltns_rvw_dt,1
121,phase_2_dsrd_aprvl_dt,1
121,phase_2_rcvd_dt,1
122,mdcd_demo_aplctn_stus_dt,1
122,phase_2_cmpltns_rvw_dt,1
122,phase_2_rcvd_dt,1
123,mdcd_demo_aplctn_stus_dt,1
123,phase_2_state_aplctn_deemd_cmpltn_dt,1
123,phase_2_cmpltns_rvw_dt,1
123,phase_2_dsrd_aprvl_dt,1
123,phase_2_rcvd_dt,1
124,mdcd_demo_aplctn_stus_dt,1
124,phase_2_state_aplctn_deemd_cmpltn_dt,1
124,phase_2_fed_cmt_prd_strt_dt,1
124,phase_2_cmpltns_rvw_dt,1
124,phase_2_dsrd_aprvl_dt,1
124,phase_2_fed_cmt_prd_end_dt,1
124,phase_2_rcvd_dt,1
125,mdcd_demo_aplctn_stus_dt,1
126,mdcd_demo_aplctn_stus_dt,1
126,phase_2_state_aplctn_deemd_cmpltn_dt,1
126,phase_2_cmpltns_rvw_dt,1
126,phase_2_rcvd_dt,1
127,phase_6_end_dt,1
127,mdcd_demo_aplctn_stus_dt,1
127,phase_3_a_sme_end_dt,1
127,phase_3_c_omb_end_dt,1
127,phase_2_state_aplctn_deemd_cmpltn_dt,1
127,phase_5_strt_dt,1
127,phase_5_end_dt,1
127,phase_3_b_cmcs_strt_dt,1
127,phase_3_c_ogc_strt_dt,1
127,phase_6_strt_dt,1
127,phase_3_c_omb_strt_dt,1
127,phase_3_a_frvt_strt_dt,1
127,phase_3_b_cmcs_end_dt,1
127,phase_3_b_ogc_end_dt,1
127,phase_3_b_omb_end_dt,1
127,phase_4_end_dt,1
127,phase_3_a_sme_strt_dt,1
127,phase_3_b_ogc_strt_dt,1
127,phase_3_b_omb_strt_dt,1
127,phase_3_a_frvt_end_dt,1
127,phase_2_fed_cmt_prd_strt_dt,1
127,phase_3_c_ogc_end_dt,1
127,phase_2_cmpltns_rvw_dt,1
127,phase_4_strt_dt,1
127,phase_2_dsrd_aprvl_dt,1
127,phase_2_fed_cmt_prd_end_dt,1
127,phase_2_rcvd_dt,1
128,mdcd_demo_aplctn_stus_dt,1
128,phase_3_b_ogc_strt_dt,1
128,phase_3_c_ogc_end_dt,1
128,phase_3_b_omb_end_dt,1
128,phase_3_b_cmcs_end_dt,1
128,phase_4_end_dt,1
128,phase_3_b_omb_strt_dt,1
128,phase_3_b_ogc_end_dt,1
128,phase_3_c_ogc_strt_dt,1
128,phase_3_b_cmcs_strt_dt,1
128,phase_5_strt_dt,1
128,phase_2_state_aplctn_deemd_cmpltn_dt,1
128,phase_3_c_omb_strt_dt,1
128,phase_3_c_omb_end_dt,1
128,phase_2_cmpltns_rvw_dt,1
128,phase_4_strt_dt,1
128,phase_2_dsrd_aprvl_dt,1
128,phase_2_rcvd_dt,1
129,mdcd_demo_aplctn_stus_dt,1
130,mdcd_demo_aplctn_stus_dt,1
130,phase_2_dsrd_aprvl_dt,1
131,mdcd_demo_aplctn_stus_dt,1
131,phase_2_cmpltns_rvw_dt,1
131,phase_2_rcvd_dt,1
132,mdcd_demo_aplctn_stus_dt,1
132,phase_2_state_aplctn_deemd_cmpltn_dt,1
132,phase_2_cmpltns_rvw_dt,1
132,phase_2_rcvd_dt,1
133,mdcd_demo_aplctn_stus_dt,1
133,phase_3_a_frvt_end_dt,1
133,phase_2_state_aplctn_deemd_cmpltn_dt,1
133,phase_3_a_sme_strt_dt,1
133,phase_3_b_ogc_strt_dt,1
133,phase_3_b_omb_strt_dt,1
133,phase_3_a_frvt_strt_dt,1
133,phase_3_a_sme_end_dt,1
133,phase_2_cmpltns_rvw_dt,1
133,phase_2_dsrd_aprvl_dt,1
133,phase_2_rcvd_dt,1
134,phase_6_end_dt,1
134,mdcd_demo_aplctn_stus_dt,1
134,phase_3_a_frvt_end_dt,1
134,phase_3_a_sme_strt_dt,1
134,phase_3_c_ogc_end_dt,1
134,phase_3_c_omb_end_dt,1
134,phase_5_end_dt,1
134,phase_2_fed_cmt_prd_strt_dt,1
134,phase_3_a_frvt_strt_dt,1
134,phase_2_state_aplctn_deemd_cmpltn_dt,1
134,phase_3_a_sme_end_dt,1
134,phase_2_cmpltns_rvw_dt,1
134,phase_2_fed_cmt_prd_end_dt,1
134,phase_2_dsrd_aprvl_dt,1
134,phase_2_rcvd_dt,1
135,mdcd_demo_aplctn_stus_dt,1
135,phase_2_state_aplctn_deemd_cmpltn_dt,1
135,phase_2_cmpltns_rvw_dt,1
135,phase_2_rcvd_dt,1
136,mdcd_demo_aplctn_stus_dt,1
136,phase_3_a_sme_strt_dt,1
136,phase_2_fed_cmt_prd_strt_dt,1
136,phase_2_state_aplctn_deemd_cmpltn_dt,1
136,phase_2_cmpltns_rvw_dt,1
136,phase_2_dsrd_aprvl_dt,1
136,phase_2_fed_cmt_prd_end_dt,1
136,phase_2_rcvd_dt,1
137,mdcd_demo_aplctn_stus_dt,1
137,phase_3_a_sme_strt_dt,1
137,phase_2_state_aplctn_deemd_cmpltn_dt,1
137,phase_2_fed_cmt_prd_strt_dt,1
137,phase_2_cmpltns_rvw_dt,1
137,phase_2_dsrd_aprvl_dt,1
137,phase_2_fed_cmt_prd_end_dt,1
137,phase_2_rcvd_dt,1
138,phase_6_end_dt,1
138,mdcd_demo_aplctn_stus_dt,1
138,phase_6_strt_dt,1
138,phase_3_b_omb_strt_dt,1
138,phase_3_b_omb_end_dt,1
138,phase_3_c_ogc_strt_dt,1
138,phase_5_end_dt,1
138,phase_3_b_ogc_end_dt,1
138,phase_3_b_cmcs_end_dt,1
138,phase_3_b_cmcs_strt_dt,1
138,phase_3_a_frvt_strt_dt,1
138,phase_3_c_ogc_end_dt,1
138,phase_2_state_aplctn_deemd_cmpltn_dt,1
138,phase_3_a_sme_strt_dt,1
138,phase_5_strt_dt,1
138,phase_4_end_dt,1
138,phase_3_a_sme_end_dt,1
138,phase_3_c_omb_end_dt,1
138,phase_3_c_omb_strt_dt,1
138,phase_2_fed_cmt_prd_strt_dt,1
138,phase_3_a_frvt_end_dt,1
138,phase_3_b_ogc_strt_dt,1
138,phase_2_cmpltns_rvw_dt,1
138,phase_2_dsrd_aprvl_dt,1
138,phase_2_fed_cmt_prd_end_dt,1
138,phase_4_strt_dt,1
138,phase_2_rcvd_dt,1
139,mdcd_demo_aplctn_stus_dt,1
139,phase_3_a_sme_strt_dt,1
139,phase_3_a_sme_end_dt,1
139,phase_3_b_omb_end_dt,1
139,phase_3_a_frvt_end_dt,1
139,phase_3_c_ogc_end_dt,1
139,phase_2_state_aplctn_deemd_cmpltn_dt,1
139,phase_2_fed_cmt_prd_strt_dt,1
139,phase_3_a_frvt_strt_dt,1
139,phase_3_b_cmcs_strt_dt,1
139,phase_3_b_omb_strt_dt,1
139,phase_3_b_ogc_strt_dt,1
139,phase_4_end_dt,1
139,phase_3_c_ogc_strt_dt,1
139,phase_3_b_ogc_end_dt,1
139,phase_3_c_omb_end_dt,1
139,phase_3_b_cmcs_end_dt,1
139,phase_3_c_omb_strt_dt,1
139,phase_2_cmpltns_rvw_dt,1
139,phase_2_fed_cmt_prd_end_dt,1
139,phase_4_strt_dt,1
139,phase_2_rcvd_dt,1
140,mdcd_demo_aplctn_stus_dt,1
140,phase_2_state_aplctn_deemd_cmpltn_dt,1
140,phase_2_cmpltns_rvw_dt,1
140,phase_2_rcvd_dt,1
140,phase_1_strt_dt,1
141,mdcd_demo_aplctn_stus_dt,1
141,phase_2_fed_cmt_prd_strt_dt,1
141,phase_2_state_aplctn_deemd_cmpltn_dt,1
141,phase_2_cmpltns_rvw_dt,1
141,phase_2_dsrd_aprvl_dt,1
141,phase_2_fed_cmt_prd_end_dt,1
141,phase_2_rcvd_dt,1
142,mdcd_demo_aplctn_stus_dt,1
142,phase_2_state_aplctn_deemd_cmpltn_dt,1
142,phase_2_cmpltns_rvw_dt,1
142,phase_2_rcvd_dt,1
142,phase_1_strt_dt,1
143,mdcd_demo_aplctn_stus_dt,1
143,phase_2_state_aplctn_deemd_cmpltn_dt,1
143,phase_2_cmpltns_rvw_dt,1
143,phase_2_rcvd_dt,1
144,mdcd_demo_aplctn_stus_dt,1
145,mdcd_demo_aplctn_stus_dt,1
145,phase_2_fed_cmt_prd_strt_dt,1
145,phase_2_state_aplctn_deemd_cmpltn_dt,1
145,phase_2_cmpltns_rvw_dt,1
145,phase_2_dsrd_aprvl_dt,1
145,phase_2_fed_cmt_prd_end_dt,1
145,phase_2_rcvd_dt,1
146,mdcd_demo_aplctn_stus_dt,1
146,phase_2_state_aplctn_deemd_cmpltn_dt,1
146,phase_2_cmpltns_rvw_dt,1
146,phase_2_rcvd_dt,1
147,mdcd_demo_aplctn_stus_dt,1
147,phase_3_c_ogc_strt_dt,1
147,phase_3_c_omb_strt_dt,1
147,phase_2_state_aplctn_deemd_cmpltn_dt,1
147,phase_2_cmpltns_rvw_dt,1
147,phase_4_strt_dt,1
147,phase_2_rcvd_dt,1
148,mdcd_demo_aplctn_stus_dt,1
148,phase_2_state_aplctn_deemd_cmpltn_dt,1
148,phase_2_cmpltns_rvw_dt,1
148,phase_2_rcvd_dt,1
149,mdcd_demo_aplctn_stus_dt,1
149,phase_2_cmpltns_rvw_dt,1
149,phase_2_dsrd_aprvl_dt,1
149,phase_2_rcvd_dt,1
150,mdcd_demo_aplctn_stus_dt,1
151,mdcd_demo_aplctn_stus_dt,1
152,mdcd_demo_aplctn_stus_dt,1
153,mdcd_demo_aplctn_stus_dt,1
153,phase_2_state_aplctn_deemd_cmpltn_dt,1
153,phase_2_cmpltns_rvw_dt,1
153,phase_2_rcvd_dt,1
154,phase_6_end_dt,1
154,mdcd_demo_aplctn_stus_dt,1
154,phase_3_a_sme_end_dt,1
154,phase_2_state_aplctn_deemd_cmpltn_dt,1
154,phase_2_fed_cmt_prd_strt_dt,1
154,phase_4_end_dt,1
154,phase_3_b_cmcs_end_dt,1
154,phase_3_c_ogc_end_dt,1
154,phase_3_c_omb_strt_dt,1
154,phase_3_c_ogc_strt_dt,1
154,phase_3_a_sme_strt_dt,1
154,phase_3_b_cmcs_strt_dt,1
154,phase_6_strt_dt,1
154,phase_2_cmpltns_rvw_dt,1
154,phase_2_dsrd_aprvl_dt,1
154,phase_2_fed_cmt_prd_end_dt,1
154,phase_4_strt_dt,1
154,phase_2_rcvd_dt,1
154,phase_1_strt_dt,1
155,phase_6_end_dt,1
155,mdcd_demo_aplctn_stus_dt,1
155,phase_2_state_aplctn_deemd_cmpltn_dt,1
155,phase_4_end_dt,1
155,phase_3_c_omb_strt_dt,1
155,phase_3_c_omb_end_dt,1
155,phase_3_c_ogc_end_dt,1
155,phase_2_fed_cmt_prd_strt_dt,1
155,phase_3_c_ogc_strt_dt,1
155,phase_5_end_dt,1
155,phase_5_strt_dt,1
155,phase_6_strt_dt,1
155,phase_2_cmpltns_rvw_dt,1
155,phase_2_dsrd_aprvl_dt,1
155,phase_2_fed_cmt_prd_end_dt,1
155,phase_4_strt_dt,1
155,phase_2_rcvd_dt,1
156,mdcd_demo_aplctn_stus_dt,1
156,phase_2_state_aplctn_deemd_cmpltn_dt,1
156,phase_2_fed_cmt_prd_strt_dt,1
156,phase_2_cmpltns_rvw_dt,1
156,phase_2_fed_cmt_prd_end_dt,1
156,phase_2_dsrd_aprvl_dt,1
156,phase_2_rcvd_dt,1
157,phase_6_end_dt,1
157,mdcd_demo_aplctn_stus_dt,1
157,phase_5_end_dt,1
157,phase_3_c_omb_strt_dt,1
157,phase_3_b_omb_end_dt,1
157,phase_3_b_cmcs_strt_dt,1
157,phase_3_b_ogc_strt_dt,1
157,phase_6_strt_dt,1
157,phase_4_end_dt,1
157,phase_3_b_ogc_end_dt,1
157,phase_3_c_ogc_strt_dt,1
157,phase_3_a_frvt_strt_dt,1
157,phase_3_c_ogc_end_dt,1
157,phase_3_b_omb_strt_dt,1
157,phase_3_a_sme_end_dt,1
157,phase_3_b_cmcs_end_dt,1
157,phase_2_state_aplctn_deemd_cmpltn_dt,1
157,phase_3_a_sme_strt_dt,1
157,phase_2_fed_cmt_prd_strt_dt,1
157,phase_5_strt_dt,1
157,phase_3_a_frvt_end_dt,1
157,phase_3_c_omb_end_dt,1
157,phase_2_cmpltns_rvw_dt,1
157,phase_2_fed_cmt_prd_end_dt,1
157,phase_4_strt_dt,1
157,phase_2_rcvd_dt,1
158,mdcd_demo_aplctn_stus_dt,1
158,phase_2_state_aplctn_deemd_cmpltn_dt,1
158,phase_3_a_sme_strt_dt,1
158,phase_3_a_frvt_strt_dt,1
158,phase_3_b_omb_strt_dt,1
158,phase_2_fed_cmt_prd_strt_dt,1
158,phase_2_cmpltns_rvw_dt,1
158,phase_2_dsrd_aprvl_dt,1
158,phase_2_fed_cmt_prd_end_dt,1
158,phase_2_rcvd_dt,1
159,mdcd_demo_aplctn_stus_dt,1
159,phase_2_state_aplctn_deemd_cmpltn_dt,1
159,phase_2_cmpltns_rvw_dt,1
159,phase_2_dsrd_aprvl_dt,1
159,phase_2_rcvd_dt,1
160,mdcd_demo_aplctn_stus_dt,1
160,phase_2_cmpltns_rvw_dt,1
160,phase_2_rcvd_dt,1
161,mdcd_demo_aplctn_stus_dt,1
161,phase_2_state_aplctn_deemd_cmpltn_dt,1
161,phase_2_dsrd_aprvl_dt,1
162,mdcd_demo_aplctn_stus_dt,1
162,phase_2_state_aplctn_deemd_cmpltn_dt,1
162,phase_2_cmpltns_rvw_dt,1
162,phase_2_dsrd_aprvl_dt,1
162,phase_2_rcvd_dt,1
163,mdcd_demo_aplctn_stus_dt,1
163,phase_2_state_aplctn_deemd_cmpltn_dt,1
163,phase_2_cmpltns_rvw_dt,1
163,phase_2_rcvd_dt,1
164,mdcd_demo_aplctn_stus_dt,1
164,phase_2_cmpltns_rvw_dt,1
164,phase_2_rcvd_dt,1
165,mdcd_demo_aplctn_stus_dt,1
166,mdcd_demo_aplctn_stus_dt,1
167,mdcd_demo_aplctn_stus_dt,1
167,phase_2_state_aplctn_deemd_cmpltn_dt,1
168,mdcd_demo_aplctn_stus_dt,1
168,phase_2_state_aplctn_deemd_cmpltn_dt,1
168,phase_2_cmpltns_rvw_dt,1
168,phase_2_dsrd_aprvl_dt,1
168,phase_2_rcvd_dt,1
169,mdcd_demo_aplctn_stus_dt,1
169,phase_2_cmpltns_rvw_dt,1
169,phase_2_rcvd_dt,1
170,mdcd_demo_aplctn_stus_dt,1
170,phase_2_cmpltns_rvw_dt,1
170,phase_2_rcvd_dt,1
171,mdcd_demo_aplctn_stus_dt,1
171,phase_2_cmpltns_rvw_dt,1
171,phase_2_rcvd_dt,1
172,mdcd_demo_aplctn_stus_dt,1
172,phase_2_fed_cmt_prd_strt_dt,1
172,phase_3_a_sme_strt_dt,1
172,phase_2_state_aplctn_deemd_cmpltn_dt,1
172,phase_2_cmpltns_rvw_dt,1
172,phase_2_fed_cmt_prd_end_dt,1
172,phase_2_rcvd_dt,1
173,phase_6_end_dt,1
173,mdcd_demo_aplctn_stus_dt,1
173,phase_3_a_sme_strt_dt,1
173,phase_2_fed_cmt_prd_strt_dt,1
173,phase_3_b_omb_end_dt,1
173,phase_5_end_dt,1
173,phase_3_a_frvt_strt_dt,1
173,phase_6_strt_dt,1
173,phase_3_b_omb_strt_dt,1
173,phase_3_b_ogc_end_dt,1
173,phase_3_c_omb_strt_dt,1
173,phase_3_b_ogc_strt_dt,1
173,phase_3_c_ogc_end_dt,1
173,phase_5_strt_dt,1
173,phase_3_c_ogc_strt_dt,1
173,phase_2_state_aplctn_deemd_cmpltn_dt,1
173,phase_4_end_dt,1
173,phase_3_b_cmcs_end_dt,1
173,phase_3_c_omb_end_dt,1
173,phase_3_a_frvt_end_dt,1
173,phase_2_cmpltns_rvw_dt,1
173,phase_4_strt_dt,1
173,phase_2_dsrd_aprvl_dt,1
173,phase_2_fed_cmt_prd_end_dt,1
173,phase_2_rcvd_dt,1
174,mdcd_demo_aplctn_stus_dt,1
174,phase_2_cmpltns_rvw_dt,1
174,phase_2_rcvd_dt,1
175,mdcd_demo_aplctn_stus_dt,1
175,phase_2_fed_cmt_prd_strt_dt,1
175,phase_2_state_aplctn_deemd_cmpltn_dt,1
175,phase_3_a_sme_strt_dt,1
175,phase_3_a_frvt_strt_dt,1
175,phase_2_cmpltns_rvw_dt,1
175,phase_2_dsrd_aprvl_dt,1
175,phase_2_fed_cmt_prd_end_dt,1
175,phase_2_rcvd_dt,1
176,mdcd_demo_aplctn_stus_dt,1
176,phase_2_fed_cmt_prd_strt_dt,1
176,phase_2_state_aplctn_deemd_cmpltn_dt,1
176,phase_2_cmpltns_rvw_dt,1
176,phase_2_fed_cmt_prd_end_dt,1
176,phase_2_rcvd_dt,1
177,mdcd_demo_aplctn_stus_dt,1
177,phase_2_dsrd_aprvl_dt,1
178,mdcd_demo_aplctn_stus_dt,1
178,phase_2_cmpltns_rvw_dt,1
178,phase_2_rcvd_dt,1
179,mdcd_demo_aplctn_stus_dt,1
179,phase_3_a_sme_strt_dt,1
179,phase_3_a_frvt_strt_dt,1
179,phase_2_cmpltns_rvw_dt,1
179,phase_2_rcvd_dt,1
180,mdcd_demo_aplctn_stus_dt,1
180,phase_3_a_frvt_strt_dt,1
180,phase_2_cmpltns_rvw_dt,1
180,phase_2_rcvd_dt,1
181,mdcd_demo_aplctn_stus_dt,1
181,phase_3_a_frvt_strt_dt,1
182,mdcd_demo_aplctn_stus_dt,1
182,phase_2_cmpltns_rvw_dt,1
182,phase_2_rcvd_dt,1
183,mdcd_demo_aplctn_stus_dt,1
184,mdcd_demo_aplctn_stus_dt,1
185,mdcd_demo_aplctn_stus_dt,1
186,mdcd_demo_aplctn_stus_dt,1
187,mdcd_demo_aplctn_stus_dt,1
188,mdcd_demo_aplctn_stus_dt,1
189,mdcd_demo_aplctn_stus_dt,1
189,phase_2_state_aplctn_deemd_cmpltn_dt,1
189,phase_2_fed_cmt_prd_strt_dt,1
189,phase_2_cmpltns_rvw_dt,1
189,phase_2_fed_cmt_prd_end_dt,1
189,phase_2_rcvd_dt,1
190,mdcd_demo_aplctn_stus_dt,1
190,phase_2_cmpltns_rvw_dt,1
190,phase_2_rcvd_dt,1
191,mdcd_demo_aplctn_stus_dt,1
191,phase_2_cmpltns_rvw_dt,1
191,phase_2_dsrd_aprvl_dt,1
191,phase_2_rcvd_dt,1
192,mdcd_demo_aplctn_stus_dt,1
192,phase_3_b_ogc_end_dt,1
192,phase_2_fed_cmt_prd_strt_dt,1
192,phase_3_a_sme_end_dt,1
192,phase_3_b_omb_strt_dt,1
192,phase_3_a_sme_strt_dt,1
192,phase_3_b_ogc_strt_dt,1
192,phase_2_state_aplctn_deemd_cmpltn_dt,1
192,phase_6_strt_dt,1
192,phase_3_a_frvt_strt_dt,1
192,phase_3_a_frvt_end_dt,1
192,phase_2_cmpltns_rvw_dt,1
192,phase_2_dsrd_aprvl_dt,1
192,phase_2_fed_cmt_prd_end_dt,1
192,phase_2_rcvd_dt,1
193,mdcd_demo_aplctn_stus_dt,1
193,phase_2_cmpltns_rvw_dt,1
193,phase_2_rcvd_dt,1
194,mdcd_demo_aplctn_stus_dt,1
194,phase_2_fed_cmt_prd_strt_dt,1
194,phase_2_state_aplctn_deemd_cmpltn_dt,1
194,phase_2_cmpltns_rvw_dt,1
194,phase_2_dsrd_aprvl_dt,1
194,phase_2_fed_cmt_prd_end_dt,1
194,phase_2_rcvd_dt,1
195,phase_6_end_dt,1
195,mdcd_demo_aplctn_stus_dt,1
195,phase_5_strt_dt,1
195,phase_3_a_sme_strt_dt,1
195,phase_3_c_ogc_end_dt,1
195,phase_3_c_ogc_strt_dt,1
195,phase_3_c_omb_end_dt,1
195,phase_6_strt_dt,1
195,phase_3_a_sme_end_dt,1
195,phase_4_end_dt,1
195,phase_3_c_omb_strt_dt,1
195,phase_2_state_aplctn_deemd_cmpltn_dt,1
195,phase_5_end_dt,1
195,phase_2_cmpltns_rvw_dt,1
195,phase_4_strt_dt,1
195,phase_2_dsrd_aprvl_dt,1
195,phase_2_rcvd_dt,1
195,phase_1_end_dt,1
195,phase_1_strt_dt,1
196,mdcd_demo_aplctn_stus_dt,1
196,phase_3_c_ogc_end_dt,1
196,phase_3_c_ogc_strt_dt,1
196,phase_3_b_ogc_strt_dt,1
196,phase_3_a_sme_strt_dt,1
196,phase_4_end_dt,1
196,phase_3_c_omb_strt_dt,1
196,phase_3_b_omb_strt_dt,1
196,phase_2_state_aplctn_deemd_cmpltn_dt,1
196,phase_6_strt_dt,1
196,phase_3_c_omb_end_dt,1
196,phase_2_fed_cmt_prd_strt_dt,1
196,phase_2_cmpltns_rvw_dt,1
196,phase_4_strt_dt,1
196,phase_2_dsrd_aprvl_dt,1
196,phase_2_fed_cmt_prd_end_dt,1
196,phase_2_rcvd_dt,1
197,mdcd_demo_aplctn_stus_dt,1
197,phase_3_a_sme_strt_dt,1
197,phase_2_fed_cmt_prd_strt_dt,1
197,phase_3_a_frvt_strt_dt,1
197,phase_3_c_omb_strt_dt,1
197,phase_3_c_ogc_end_dt,1
197,phase_2_state_aplctn_deemd_cmpltn_dt,1
197,phase_3_a_sme_end_dt,1
197,phase_3_c_ogc_strt_dt,1
197,phase_3_c_omb_end_dt,1
197,phase_2_cmpltns_rvw_dt,1
197,phase_2_dsrd_aprvl_dt,1
197,phase_2_fed_cmt_prd_end_dt,1
197,phase_2_rcvd_dt,1
198,mdcd_demo_aplctn_stus_dt,1
198,phase_3_b_omb_end_dt,1
198,phase_3_b_cmcs_strt_dt,1
198,phase_3_c_omb_end_dt,1
198,phase_3_c_ogc_strt_dt,1
198,phase_2_state_aplctn_deemd_cmpltn_dt,1
198,phase_2_fed_cmt_prd_strt_dt,1
198,phase_3_a_sme_end_dt,1
198,phase_3_b_ogc_strt_dt,1
198,phase_3_b_ogc_end_dt,1
198,phase_3_a_sme_strt_dt,1
198,phase_3_b_omb_strt_dt,1
198,phase_3_a_frvt_strt_dt,1
198,phase_3_b_cmcs_end_dt,1
198,phase_3_c_omb_strt_dt,1
198,phase_3_a_frvt_end_dt,1
198,phase_2_cmpltns_rvw_dt,1
198,phase_2_dsrd_aprvl_dt,1
198,phase_2_fed_cmt_prd_end_dt,1
198,phase_2_rcvd_dt,1
199,mdcd_demo_aplctn_stus_dt,1
200,mdcd_demo_aplctn_stus_dt,1
200,phase_2_cmpltns_rvw_dt,1
200,phase_2_rcvd_dt,1
201,mdcd_demo_aplctn_stus_dt,1
201,phase_3_c_ogc_strt_dt,1
201,phase_2_state_aplctn_deemd_cmpltn_dt,1
201,phase_2_dsrd_aprvl_dt,1
202,mdcd_demo_aplctn_stus_dt,1
202,phase_2_cmpltns_rvw_dt,1
202,phase_2_rcvd_dt,1
202,phase_1_end_dt,1
202,phase_1_strt_dt,1
203,mdcd_demo_aplctn_stus_dt,1
203,phase_2_cmpltns_rvw_dt,1
203,phase_2_rcvd_dt,1
204,phase_6_end_dt,1
204,mdcd_demo_aplctn_stus_dt,1
204,phase_2_state_aplctn_deemd_cmpltn_dt,1
204,phase_2_fed_cmt_prd_strt_dt,1
204,phase_2_cmpltns_rvw_dt,1
204,phase_2_dsrd_aprvl_dt,1
204,phase_2_fed_cmt_prd_end_dt,1
204,phase_2_rcvd_dt,1
205,mdcd_demo_aplctn_stus_dt,1
205,phase_3_a_sme_end_dt,1
205,phase_5_strt_dt,1
205,phase_3_a_frvt_end_dt,1
205,phase_3_c_ogc_end_dt,1
205,phase_6_strt_dt,1
205,phase_3_b_omb_strt_dt,1
205,phase_3_b_omb_end_dt,1
205,phase_3_a_sme_strt_dt,1
205,phase_3_c_omb_end_dt,1
205,phase_2_state_aplctn_deemd_cmpltn_dt,1
205,phase_3_c_omb_strt_dt,1
205,phase_3_a_frvt_strt_dt,1
205,phase_3_b_ogc_strt_dt,1
205,phase_2_fed_cmt_prd_strt_dt,1
205,phase_3_c_ogc_strt_dt,1
205,phase_3_b_ogc_end_dt,1
205,phase_2_cmpltns_rvw_dt,1
205,phase_4_strt_dt,1
205,phase_2_dsrd_aprvl_dt,1
205,phase_2_fed_cmt_prd_end_dt,1
205,phase_2_rcvd_dt,1
205,phase_1_end_dt,1
205,phase_1_strt_dt,1
206,mdcd_demo_aplctn_stus_dt,1
206,phase_2_state_aplctn_deemd_cmpltn_dt,1
206,phase_3_a_sme_end_dt,1
206,phase_2_fed_cmt_prd_strt_dt,1
206,phase_3_a_frvt_end_dt,1
206,phase_2_cmpltns_rvw_dt,1
206,phase_2_dsrd_aprvl_dt,1
206,phase_2_fed_cmt_prd_end_dt,1
206,phase_2_rcvd_dt,1
206,phase_1_strt_dt,1
207,mdcd_demo_aplctn_stus_dt,1
207,phase_2_fed_cmt_prd_strt_dt,1
207,phase_2_state_aplctn_deemd_cmpltn_dt,1
207,phase_2_cmpltns_rvw_dt,1
207,phase_2_fed_cmt_prd_end_dt,1
207,phase_2_rcvd_dt,1
208,phase_6_end_dt,1
208,mdcd_demo_aplctn_stus_dt,1
208,phase_5_end_dt,1
208,phase_2_cmpltns_rvw_dt,1
208,phase_2_dsrd_aprvl_dt,1
208,phase_2_rcvd_dt,1
209,mdcd_demo_aplctn_stus_dt,1
210,phase_6_end_dt,1
210,mdcd_demo_aplctn_stus_dt,1
210,phase_3_b_cmcs_strt_dt,1
210,phase_3_c_omb_end_dt,1
210,phase_3_a_sme_end_dt,1
210,phase_2_fed_cmt_prd_strt_dt,1
210,phase_3_a_frvt_end_dt,1
210,phase_2_state_aplctn_deemd_cmpltn_dt,1
210,phase_3_a_frvt_strt_dt,1
210,phase_3_a_sme_strt_dt,1
210,phase_2_cmpltns_rvw_dt,1
210,phase_2_fed_cmt_prd_end_dt,1
210,phase_2_rcvd_dt,1
210,phase_1_strt_dt,1
210,phase_1_end_dt,1
211,mdcd_demo_aplctn_stus_dt,1
211,phase_2_state_aplctn_deemd_cmpltn_dt,1
211,phase_2_fed_cmt_prd_strt_dt,1
211,phase_3_a_sme_end_dt,1
211,phase_3_a_sme_strt_dt,1
211,phase_2_cmpltns_rvw_dt,1
211,phase_2_fed_cmt_prd_end_dt,1
211,phase_2_dsrd_aprvl_dt,1
211,phase_2_rcvd_dt,1
212,mdcd_demo_aplctn_stus_dt,1
212,phase_2_cmpltns_rvw_dt,1
212,phase_2_rcvd_dt,1
213,mdcd_demo_aplctn_stus_dt,1
213,phase_2_state_aplctn_deemd_cmpltn_dt,1
213,phase_2_fed_cmt_prd_strt_dt,1
213,phase_2_cmpltns_rvw_dt,1
213,phase_2_fed_cmt_prd_end_dt,1
213,phase_2_rcvd_dt,1
214,mdcd_demo_aplctn_stus_dt,1
214,phase_3_c_ogc_strt_dt,1
214,phase_2_fed_cmt_prd_strt_dt,1
214,phase_3_a_sme_strt_dt,1
214,phase_2_state_aplctn_deemd_cmpltn_dt,1
214,phase_3_c_omb_strt_dt,1
214,phase_2_cmpltns_rvw_dt,1
214,phase_2_fed_cmt_prd_end_dt,1
214,phase_2_dsrd_aprvl_dt,1
214,phase_2_rcvd_dt,1
215,mdcd_demo_aplctn_stus_dt,1
215,phase_2_cmpltns_rvw_dt,1
215,phase_2_rcvd_dt,1
216,mdcd_demo_aplctn_stus_dt,1
216,phase_2_cmpltns_rvw_dt,1
216,phase_2_rcvd_dt,1
217,mdcd_demo_aplctn_stus_dt,1
217,phase_2_cmpltns_rvw_dt,1
217,phase_2_rcvd_dt,1
218,mdcd_demo_aplctn_stus_dt,1
218,phase_2_cmpltns_rvw_dt,1
218,phase_2_rcvd_dt,1
219,mdcd_demo_aplctn_stus_dt,1
220,mdcd_demo_aplctn_stus_dt,1
220,phase_2_cmpltns_rvw_dt,1
220,phase_2_rcvd_dt,1
221,mdcd_demo_aplctn_stus_dt,1
221,phase_2_cmpltns_rvw_dt,1
221,phase_2_rcvd_dt,1
222,mdcd_demo_aplctn_stus_dt,1
222,phase_2_cmpltns_rvw_dt,1
222,phase_2_rcvd_dt,1
223,mdcd_demo_aplctn_stus_dt,1
224,mdcd_demo_aplctn_stus_dt,1
225,mdcd_demo_aplctn_stus_dt,1
225,phase_2_cmpltns_rvw_dt,1
225,phase_2_dsrd_aprvl_dt,1
225,phase_2_rcvd_dt,1
226,mdcd_demo_aplctn_stus_dt,1
226,phase_2_cmpltns_rvw_dt,1
226,phase_2_rcvd_dt,1
227,mdcd_demo_aplctn_stus_dt,1
228,mdcd_demo_aplctn_stus_dt,1
228,phase_2_cmpltns_rvw_dt,1
228,phase_2_rcvd_dt,1
229,mdcd_demo_aplctn_stus_dt,1
230,mdcd_demo_aplctn_stus_dt,1
231,mdcd_demo_aplctn_stus_dt,1
232,mdcd_demo_aplctn_stus_dt,1
232,phase_6_strt_dt,1
232,phase_5_strt_dt,1
232,phase_2_fed_cmt_prd_strt_dt,1
232,phase_2_state_aplctn_deemd_cmpltn_dt,1
232,phase_2_cmpltns_rvw_dt,1
232,phase_2_dsrd_aprvl_dt,1
232,phase_2_fed_cmt_prd_end_dt,1
232,phase_2_rcvd_dt,1
233,mdcd_demo_aplctn_stus_dt,1
233,phase_2_state_aplctn_deemd_cmpltn_dt,1
233,phase_2_cmpltns_rvw_dt,1
233,phase_2_dsrd_aprvl_dt,1
233,phase_2_rcvd_dt,1
234,mdcd_demo_aplctn_stus_dt,1
234,phase_3_c_ogc_strt_dt,1
234,phase_3_a_frvt_strt_dt,1
234,phase_3_a_sme_strt_dt,1
234,phase_3_c_omb_strt_dt,1
234,phase_3_c_omb_end_dt,1
234,phase_3_c_ogc_end_dt,1
234,phase_5_strt_dt,1
234,phase_2_fed_cmt_prd_strt_dt,1
234,phase_2_state_aplctn_deemd_cmpltn_dt,1
234,phase_6_strt_dt,1
234,phase_2_cmpltns_rvw_dt,1
234,phase_4_strt_dt,1
234,phase_2_dsrd_aprvl_dt,1
234,phase_2_fed_cmt_prd_end_dt,1
234,phase_2_rcvd_dt,1
235,mdcd_demo_aplctn_stus_dt,1
235,phase_2_cmpltns_rvw_dt,1
235,phase_2_rcvd_dt,1
236,mdcd_demo_aplctn_stus_dt,1
236,phase_3_c_ogc_end_dt,1
236,phase_3_c_omb_strt_dt,1
236,phase_3_a_sme_strt_dt,1
236,phase_3_a_frvt_end_dt,1
236,phase_3_a_sme_end_dt,1
236,phase_3_a_frvt_strt_dt,1
236,phase_4_end_dt,1
236,phase_2_fed_cmt_prd_strt_dt,1
236,phase_3_c_ogc_strt_dt,1
236,phase_2_state_aplctn_deemd_cmpltn_dt,1
236,phase_3_c_omb_end_dt,1
236,phase_2_cmpltns_rvw_dt,1
236,phase_4_strt_dt,1
236,phase_2_fed_cmt_prd_end_dt,1
236,phase_2_dsrd_aprvl_dt,1
236,phase_2_rcvd_dt,1
237,mdcd_demo_aplctn_stus_dt,1
237,phase_2_state_aplctn_deemd_cmpltn_dt,1
237,phase_2_dsrd_aprvl_dt,1
238,mdcd_demo_aplctn_stus_dt,1
238,phase_2_state_aplctn_deemd_cmpltn_dt,1
238,phase_3_a_frvt_strt_dt,1
238,phase_3_a_sme_strt_dt,1
238,phase_2_fed_cmt_prd_strt_dt,1
238,phase_2_cmpltns_rvw_dt,1
238,phase_2_fed_cmt_prd_end_dt,1
238,phase_2_rcvd_dt,1
239,mdcd_demo_aplctn_stus_dt,1
239,phase_3_a_sme_strt_dt,1
239,phase_3_a_sme_end_dt,1
239,phase_2_state_aplctn_deemd_cmpltn_dt,1
239,phase_2_fed_cmt_prd_strt_dt,1
239,phase_3_a_frvt_end_dt,1
239,phase_3_a_frvt_strt_dt,1
239,phase_2_cmpltns_rvw_dt,1
239,phase_2_fed_cmt_prd_end_dt,1
239,phase_2_rcvd_dt,1
240,mdcd_demo_aplctn_stus_dt,1
240,phase_2_fed_cmt_prd_strt_dt,1
240,phase_2_state_aplctn_deemd_cmpltn_dt,1
240,phase_3_a_sme_strt_dt,1
240,phase_3_a_frvt_strt_dt,1
240,phase_2_cmpltns_rvw_dt,1
240,phase_2_dsrd_aprvl_dt,1
240,phase_2_fed_cmt_prd_end_dt,1
240,phase_2_rcvd_dt,1
241,mdcd_demo_aplctn_stus_dt,1
241,phase_3_b_omb_strt_dt,1
241,phase_2_state_aplctn_deemd_cmpltn_dt,1
241,phase_6_strt_dt,1
241,phase_3_b_ogc_end_dt,1
241,phase_2_fed_cmt_prd_strt_dt,1
241,phase_3_b_omb_end_dt,1
241,phase_3_b_ogc_strt_dt,1
241,phase_2_cmpltns_rvw_dt,1
241,phase_2_fed_cmt_prd_end_dt,1
241,phase_2_dsrd_aprvl_dt,1
241,phase_2_rcvd_dt,1
242,phase_6_end_dt,1
242,mdcd_demo_aplctn_stus_dt,1
242,phase_6_strt_dt,1
242,phase_3_a_frvt_end_dt,1
242,phase_3_a_sme_strt_dt,1
242,phase_3_a_frvt_strt_dt,1
242,phase_2_state_aplctn_deemd_cmpltn_dt,1
242,phase_3_a_sme_end_dt,1
242,phase_2_fed_cmt_prd_strt_dt,1
242,phase_2_cmpltns_rvw_dt,1
242,phase_2_dsrd_aprvl_dt,1
242,phase_2_fed_cmt_prd_end_dt,1
242,phase_2_rcvd_dt,1
243,phase_6_end_dt,1
243,mdcd_demo_aplctn_stus_dt,1
243,phase_3_a_frvt_strt_dt,1
243,phase_3_c_ogc_end_dt,1
243,phase_6_strt_dt,1
243,phase_3_a_frvt_end_dt,1
243,phase_3_c_omb_end_dt,1
243,phase_2_state_aplctn_deemd_cmpltn_dt,1
243,phase_3_a_sme_end_dt,1
243,phase_3_a_sme_strt_dt,1
243,phase_3_c_omb_strt_dt,1
243,phase_3_c_ogc_strt_dt,1
243,phase_2_cmpltns_rvw_dt,1
243,phase_2_dsrd_aprvl_dt,1
243,phase_2_rcvd_dt,1
244,mdcd_demo_aplctn_stus_dt,1
244,phase_2_state_aplctn_deemd_cmpltn_dt,1
244,phase_2_fed_cmt_prd_strt_dt,1
244,phase_2_cmpltns_rvw_dt,1
244,phase_2_fed_cmt_prd_end_dt,1
244,phase_2_dsrd_aprvl_dt,1
244,phase_2_rcvd_dt,1
245,mdcd_demo_aplctn_stus_dt,1
246,mdcd_demo_aplctn_stus_dt,1
246,phase_3_a_sme_end_dt,1
246,phase_2_fed_cmt_prd_strt_dt,1
246,phase_2_state_aplctn_deemd_cmpltn_dt,1
246,phase_3_a_sme_strt_dt,1
246,phase_2_cmpltns_rvw_dt,1
246,phase_2_fed_cmt_prd_end_dt,1
246,phase_2_rcvd_dt,1
247,mdcd_demo_aplctn_stus_dt,1
247,phase_2_state_aplctn_deemd_cmpltn_dt,1
247,phase_2_cmpltns_rvw_dt,1
247,phase_2_rcvd_dt,1
248,mdcd_demo_aplctn_stus_dt,1
248,phase_2_state_aplctn_deemd_cmpltn_dt,1
248,phase_2_cmpltns_rvw_dt,1
248,phase_2_rcvd_dt,1
249,mdcd_demo_aplctn_stus_dt,1
249,phase_2_cmpltns_rvw_dt,1
249,phase_2_rcvd_dt,1
250,phase_6_end_dt,1
250,mdcd_demo_aplctn_stus_dt,1
250,phase_3_b_omb_strt_dt,1
250,phase_3_b_omb_end_dt,1
250,phase_3_b_cmcs_end_dt,1
250,phase_3_b_ogc_strt_dt,1
250,phase_6_strt_dt,1
250,phase_3_a_sme_strt_dt,1
250,phase_3_c_ogc_strt_dt,1
250,phase_2_fed_cmt_prd_strt_dt,1
250,phase_3_a_frvt_end_dt,1
250,phase_3_c_omb_strt_dt,1
250,phase_3_b_ogc_end_dt,1
250,phase_5_strt_dt,1
250,phase_3_a_sme_end_dt,1
250,phase_3_b_cmcs_strt_dt,1
250,phase_4_end_dt,1
250,phase_3_a_frvt_strt_dt,1
250,phase_3_c_ogc_end_dt,1
250,phase_2_state_aplctn_deemd_cmpltn_dt,1
250,phase_3_c_omb_end_dt,1
250,phase_5_end_dt,1
250,phase_2_cmpltns_rvw_dt,1
250,phase_4_strt_dt,1
250,phase_2_dsrd_aprvl_dt,1
250,phase_2_fed_cmt_prd_end_dt,1
250,phase_2_rcvd_dt,1
251,mdcd_demo_aplctn_stus_dt,1
251,phase_3_b_omb_strt_dt,1
251,phase_3_a_frvt_end_dt,1
251,phase_2_state_aplctn_deemd_cmpltn_dt,1
251,phase_3_a_sme_end_dt,1
251,phase_2_fed_cmt_prd_strt_dt,1
251,phase_3_a_sme_strt_dt,1
251,phase_3_a_frvt_strt_dt,1
251,phase_3_b_cmcs_end_dt,1
251,phase_2_cmpltns_rvw_dt,1
251,phase_2_dsrd_aprvl_dt,1
251,phase_2_fed_cmt_prd_end_dt,1
251,phase_2_rcvd_dt,1
252,mdcd_demo_aplctn_stus_dt,1
252,phase_2_state_aplctn_deemd_cmpltn_dt,1
252,phase_3_c_omb_end_dt,1
252,phase_3_c_ogc_strt_dt,1
252,phase_3_c_ogc_end_dt,1
252,phase_3_c_omb_strt_dt,1
252,phase_6_strt_dt,1
252,phase_2_cmpltns_rvw_dt,1
252,phase_2_dsrd_aprvl_dt,1
252,phase_2_rcvd_dt,1
253,mdcd_demo_aplctn_stus_dt,1
254,phase_6_end_dt,1
254,mdcd_demo_aplctn_stus_dt,1
254,phase_3_c_ogc_strt_dt,1
254,phase_2_state_aplctn_deemd_cmpltn_dt,1
254,phase_3_c_omb_end_dt,1
254,phase_3_c_omb_strt_dt,1
254,phase_3_c_ogc_end_dt,1
254,phase_2_fed_cmt_prd_strt_dt,1
254,phase_3_a_frvt_strt_dt,1
254,phase_3_a_sme_strt_dt,1
254,phase_2_cmpltns_rvw_dt,1
254,phase_2_fed_cmt_prd_end_dt,1
254,phase_2_dsrd_aprvl_dt,1
254,phase_2_rcvd_dt,1
255,mdcd_demo_aplctn_stus_dt,1
255,phase_3_c_omb_strt_dt,1
255,phase_3_a_sme_end_dt,1
255,phase_3_a_sme_strt_dt,1
255,phase_3_c_ogc_strt_dt,1
255,phase_3_c_omb_end_dt,1
255,phase_3_a_frvt_strt_dt,1
255,phase_3_c_ogc_end_dt,1
255,phase_2_fed_cmt_prd_strt_dt,1
255,phase_2_state_aplctn_deemd_cmpltn_dt,1
255,phase_3_a_frvt_end_dt,1
255,phase_2_cmpltns_rvw_dt,1
255,phase_2_dsrd_aprvl_dt,1
255,phase_2_fed_cmt_prd_end_dt,1
255,phase_2_rcvd_dt,1
256,mdcd_demo_aplctn_stus_dt,1
256,phase_2_fed_cmt_prd_strt_dt,1
256,phase_3_b_ogc_end_dt,1
256,phase_3_b_omb_end_dt,1
256,phase_2_state_aplctn_deemd_cmpltn_dt,1
256,phase_3_a_sme_end_dt,1
256,phase_3_a_sme_strt_dt,1
256,phase_3_b_ogc_strt_dt,1
256,phase_3_a_frvt_strt_dt,1
256,phase_3_b_omb_strt_dt,1
256,phase_2_cmpltns_rvw_dt,1
256,phase_2_dsrd_aprvl_dt,1
256,phase_2_fed_cmt_prd_end_dt,1
256,phase_2_rcvd_dt,1
257,mdcd_demo_aplctn_stus_dt,1
258,mdcd_demo_aplctn_stus_dt,1
258,phase_2_cmpltns_rvw_dt,1
258,phase_2_rcvd_dt,1
259,mdcd_demo_aplctn_stus_dt,1
259,phase_2_cmpltns_rvw_dt,1
259,phase_2_rcvd_dt,1
260,phase_6_end_dt,1
260,mdcd_demo_aplctn_stus_dt,1
260,phase_3_c_omb_strt_dt,1
260,phase_3_c_omb_end_dt,1
260,phase_2_state_aplctn_deemd_cmpltn_dt,1
260,phase_4_end_dt,1
260,phase_6_strt_dt,1
260,phase_3_c_ogc_strt_dt,1
260,phase_3_c_ogc_end_dt,1
260,phase_2_cmpltns_rvw_dt,1
260,phase_4_strt_dt,1
260,phase_2_dsrd_aprvl_dt,1
260,phase_2_rcvd_dt,1
261,mdcd_demo_aplctn_stus_dt,1
261,phase_2_state_aplctn_deemd_cmpltn_dt,1
261,phase_2_fed_cmt_prd_strt_dt,1
261,phase_2_cmpltns_rvw_dt,1
261,phase_2_dsrd_aprvl_dt,1
261,phase_2_fed_cmt_prd_end_dt,1
261,phase_2_rcvd_dt,1
262,mdcd_demo_aplctn_stus_dt,1
262,phase_3_a_frvt_end_dt,1
262,phase_3_a_sme_end_dt,1
262,phase_3_a_sme_strt_dt,1
262,phase_3_a_frvt_strt_dt,1
262,phase_2_fed_cmt_prd_strt_dt,1
262,phase_2_state_aplctn_deemd_cmpltn_dt,1
262,phase_2_cmpltns_rvw_dt,1
262,phase_2_dsrd_aprvl_dt,1
262,phase_2_fed_cmt_prd_end_dt,1
262,phase_2_rcvd_dt,1
262,phase_1_strt_dt,1
263,mdcd_demo_aplctn_stus_dt,1
263,phase_2_state_aplctn_deemd_cmpltn_dt,1
263,phase_3_a_sme_end_dt,1
263,phase_2_fed_cmt_prd_strt_dt,1
263,phase_3_a_frvt_end_dt,1
263,phase_3_a_frvt_strt_dt,1
263,phase_3_a_sme_strt_dt,1
263,phase_2_cmpltns_rvw_dt,1
263,phase_2_fed_cmt_prd_end_dt,1
263,phase_2_rcvd_dt,1
264,mdcd_demo_aplctn_stus_dt,1
264,phase_3_a_frvt_end_dt,1
264,phase_3_a_frvt_strt_dt,1
264,phase_2_fed_cmt_prd_strt_dt,1
264,phase_3_a_sme_strt_dt,1
264,phase_2_state_aplctn_deemd_cmpltn_dt,1
264,phase_3_a_sme_end_dt,1
264,phase_2_cmpltns_rvw_dt,1
264,phase_2_fed_cmt_prd_end_dt,1
264,phase_2_rcvd_dt,1
265,mdcd_demo_aplctn_stus_dt,1
266,mdcd_demo_aplctn_stus_dt,1
266,phase_2_cmpltns_rvw_dt,1
266,phase_2_rcvd_dt,1
267,mdcd_demo_aplctn_stus_dt,1
267,phase_2_state_aplctn_deemd_cmpltn_dt,1
267,phase_2_fed_cmt_prd_strt_dt,1
267,phase_2_cmpltns_rvw_dt,1
267,phase_2_fed_cmt_prd_end_dt,1
267,phase_2_dsrd_aprvl_dt,1
267,phase_2_rcvd_dt,1
268,mdcd_demo_aplctn_stus_dt,1
268,phase_2_cmpltns_rvw_dt,1
268,phase_2_rcvd_dt,1
269,mdcd_demo_aplctn_stus_dt,1
269,phase_2_cmpltns_rvw_dt,1
269,phase_2_rcvd_dt,1
270,mdcd_demo_aplctn_stus_dt,1
271,mdcd_demo_aplctn_stus_dt,1
271,phase_2_cmpltns_rvw_dt,1
271,phase_2_rcvd_dt,1
272,mdcd_demo_aplctn_stus_dt,1
273,mdcd_demo_aplctn_stus_dt,1
274,mdcd_demo_aplctn_stus_dt,1
274,phase_3_b_cmcs_strt_dt,1
274,phase_3_a_sme_end_dt,1
274,phase_3_a_sme_strt_dt,1
274,phase_2_fed_cmt_prd_strt_dt,1
274,phase_2_state_aplctn_deemd_cmpltn_dt,1
274,phase_3_a_frvt_end_dt,1
274,phase_3_c_omb_strt_dt,1
274,phase_3_a_frvt_strt_dt,1
274,phase_3_c_ogc_strt_dt,1
274,phase_2_cmpltns_rvw_dt,1
274,phase_2_fed_cmt_prd_end_dt,1
274,phase_2_dsrd_aprvl_dt,1
274,phase_2_rcvd_dt,1
275,phase_6_end_dt,1
275,mdcd_demo_aplctn_stus_dt,1
275,phase_3_c_ogc_end_dt,1
275,phase_3_a_sme_strt_dt,1
275,phase_2_fed_cmt_prd_strt_dt,1
275,phase_3_a_sme_end_dt,1
275,phase_4_end_dt,1
275,phase_3_c_omb_end_dt,1
275,phase_2_state_aplctn_deemd_cmpltn_dt,1
275,phase_3_b_cmcs_end_dt,1
275,phase_3_a_frvt_end_dt,1
275,phase_3_b_cmcs_strt_dt,1
275,phase_3_a_frvt_strt_dt,1
275,phase_6_strt_dt,1
275,phase_3_c_ogc_strt_dt,1
275,phase_3_c_omb_strt_dt,1
275,phase_2_cmpltns_rvw_dt,1
275,phase_2_dsrd_aprvl_dt,1
275,phase_2_fed_cmt_prd_end_dt,1
275,phase_4_strt_dt,1
275,phase_2_rcvd_dt,1
276,mdcd_demo_aplctn_stus_dt,1
276,phase_3_b_ogc_strt_dt,1
276,phase_3_c_omb_strt_dt,1
276,phase_3_c_omb_end_dt,1
276,phase_3_b_ogc_end_dt,1
276,phase_3_c_ogc_end_dt,1
276,phase_3_b_omb_end_dt,1
276,phase_3_c_ogc_strt_dt,1
276,phase_3_b_omb_strt_dt,1
276,phase_2_dsrd_aprvl_dt,1
276,phase_4_strt_dt,1
276,phase_2_rcvd_dt,1
277,mdcd_demo_aplctn_stus_dt,1
277,phase_2_cmpltns_rvw_dt,1
277,phase_2_rcvd_dt,1
278,phase_6_end_dt,1
278,mdcd_demo_aplctn_stus_dt,1
278,phase_6_strt_dt,1
278,phase_2_state_aplctn_deemd_cmpltn_dt,1
278,phase_3_a_sme_strt_dt,1
278,phase_3_a_sme_end_dt,1
278,phase_2_cmpltns_rvw_dt,1
278,phase_2_dsrd_aprvl_dt,1
278,phase_2_rcvd_dt,1
279,mdcd_demo_aplctn_stus_dt,1
279,phase_2_dsrd_aprvl_dt,1
280,phase_6_end_dt,1
280,mdcd_demo_aplctn_stus_dt,1
280,phase_3_c_omb_strt_dt,1
280,phase_3_c_ogc_strt_dt,1
280,phase_6_strt_dt,1
280,phase_2_state_aplctn_deemd_cmpltn_dt,1
280,phase_3_a_sme_strt_dt,1
280,phase_3_c_ogc_end_dt,1
280,phase_3_c_omb_end_dt,1
280,phase_3_a_sme_end_dt,1
280,phase_4_end_dt,1
280,phase_4_strt_dt,1
280,phase_2_dsrd_aprvl_dt,1
280,phase_2_rcvd_dt,1
280,phase_1_end_dt,1
280,phase_1_strt_dt,1
281,mdcd_demo_aplctn_stus_dt,1
282,mdcd_demo_aplctn_stus_dt,1
282,phase_2_dsrd_aprvl_dt,1
283,mdcd_demo_aplctn_stus_dt,1
283,phase_2_cmpltns_rvw_dt,1
283,phase_2_rcvd_dt,1
284,mdcd_demo_aplctn_stus_dt,1
284,phase_2_state_aplctn_deemd_cmpltn_dt,1
284,phase_3_c_ogc_strt_dt,1
284,phase_3_a_sme_strt_dt,1
284,phase_3_a_frvt_strt_dt,1
284,phase_3_a_frvt_end_dt,1
284,phase_2_fed_cmt_prd_strt_dt,1
284,phase_3_a_sme_end_dt,1
284,phase_2_cmpltns_rvw_dt,1
284,phase_2_dsrd_aprvl_dt,1
284,phase_2_fed_cmt_prd_end_dt,1
284,phase_2_rcvd_dt,1
285,phase_6_end_dt,1
285,mdcd_demo_aplctn_stus_dt,1
285,phase_4_end_dt,1
285,phase_3_c_omb_end_dt,1
285,phase_3_c_ogc_strt_dt,1
285,phase_2_fed_cmt_prd_strt_dt,1
285,phase_3_c_omb_strt_dt,1
285,phase_2_state_aplctn_deemd_cmpltn_dt,1
285,phase_6_strt_dt,1
285,phase_3_c_ogc_end_dt,1
285,phase_2_cmpltns_rvw_dt,1
285,phase_2_dsrd_aprvl_dt,1
285,phase_4_strt_dt,1
285,phase_2_fed_cmt_prd_end_dt,1
285,phase_2_rcvd_dt,1
286,phase_6_end_dt,1
286,mdcd_demo_aplctn_stus_dt,1
286,phase_4_end_dt,1
286,phase_3_b_ogc_end_dt,1
286,phase_3_c_ogc_end_dt,1
286,phase_3_c_omb_end_dt,1
286,phase_5_strt_dt,1
286,phase_6_strt_dt,1
286,phase_3_b_cmcs_end_dt,1
286,phase_3_a_sme_strt_dt,1
286,phase_5_end_dt,1
286,phase_3_c_omb_strt_dt,1
286,phase_3_b_ogc_strt_dt,1
286,phase_2_state_aplctn_deemd_cmpltn_dt,1
286,phase_3_b_cmcs_strt_dt,1
286,phase_3_a_frvt_strt_dt,1
286,phase_2_fed_cmt_prd_strt_dt,1
286,phase_3_c_ogc_strt_dt,1
286,phase_3_a_sme_end_dt,1
286,phase_2_cmpltns_rvw_dt,1
286,phase_4_strt_dt,1
286,phase_2_fed_cmt_prd_end_dt,1
286,phase_2_rcvd_dt,1
287,phase_6_end_dt,1
287,mdcd_demo_aplctn_stus_dt,1
287,phase_3_a_frvt_end_dt,1
287,phase_3_c_omb_end_dt,1
287,phase_3_c_ogc_strt_dt,1
287,phase_3_a_frvt_strt_dt,1
287,phase_6_strt_dt,1
287,phase_5_strt_dt,1
287,phase_3_c_omb_strt_dt,1
287,phase_5_end_dt,1
287,phase_2_fed_cmt_prd_strt_dt,1
287,phase_4_end_dt,1
287,phase_3_a_sme_end_dt,1
287,phase_3_a_sme_strt_dt,1
287,phase_3_c_ogc_end_dt,1
287,phase_2_state_aplctn_deemd_cmpltn_dt,1
287,phase_2_cmpltns_rvw_dt,1
287,phase_2_fed_cmt_prd_end_dt,1
287,phase_4_strt_dt,1
287,phase_2_rcvd_dt,1
288,mdcd_demo_aplctn_stus_dt,1
288,phase_2_state_aplctn_deemd_cmpltn_dt,1
288,phase_2_dsrd_aprvl_dt,1
289,phase_6_end_dt,1
289,mdcd_demo_aplctn_stus_dt,1
289,phase_2_fed_cmt_prd_strt_dt,1
289,phase_3_b_ogc_end_dt,1
289,phase_5_strt_dt,1
289,phase_5_end_dt,1
289,phase_3_a_frvt_end_dt,1
289,phase_3_b_omb_strt_dt,1
289,phase_4_end_dt,1
289,phase_3_b_cmcs_strt_dt,1
289,phase_6_strt_dt,1
289,phase_3_a_frvt_strt_dt,1
289,phase_3_c_ogc_end_dt,1
289,phase_2_state_aplctn_deemd_cmpltn_dt,1
289,phase_3_b_omb_end_dt,1
289,phase_3_c_omb_end_dt,1
289,phase_3_c_omb_strt_dt,1
289,phase_3_b_ogc_strt_dt,1
289,phase_3_c_ogc_strt_dt,1
289,phase_3_b_cmcs_end_dt,1
289,phase_3_a_sme_strt_dt,1
289,phase_3_a_sme_end_dt,1
289,phase_2_cmpltns_rvw_dt,1
289,phase_2_fed_cmt_prd_end_dt,1
289,phase_2_dsrd_aprvl_dt,1
289,phase_4_strt_dt,1
289,phase_2_rcvd_dt,1
290,phase_6_end_dt,1
290,mdcd_demo_aplctn_stus_dt,1
290,phase_3_c_omb_strt_dt,1
290,phase_4_end_dt,1
290,phase_3_c_ogc_strt_dt,1
290,phase_6_strt_dt,1
290,phase_3_a_frvt_end_dt,1
290,phase_3_c_omb_end_dt,1
290,phase_3_a_frvt_strt_dt,1
290,phase_3_c_ogc_end_dt,1
290,phase_2_state_aplctn_deemd_cmpltn_dt,1
290,phase_2_fed_cmt_prd_strt_dt,1
290,phase_3_a_sme_strt_dt,1
290,phase_3_a_sme_end_dt,1
290,phase_2_cmpltns_rvw_dt,1
290,phase_2_fed_cmt_prd_end_dt,1
290,phase_4_strt_dt,1
290,phase_2_rcvd_dt,1
291,mdcd_demo_aplctn_stus_dt,1
291,phase_2_dsrd_aprvl_dt,1
292,mdcd_demo_aplctn_stus_dt,1
293,mdcd_demo_aplctn_stus_dt,1
293,phase_2_fed_cmt_prd_strt_dt,1
293,phase_2_state_aplctn_deemd_cmpltn_dt,1
293,phase_2_cmpltns_rvw_dt,1
293,phase_2_fed_cmt_prd_end_dt,1
293,phase_2_dsrd_aprvl_dt,1
293,phase_2_rcvd_dt,1
294,mdcd_demo_aplctn_stus_dt,1
294,phase_2_dsrd_aprvl_dt,1
294,phase_2_rcvd_dt,1
295,mdcd_demo_aplctn_stus_dt,1
295,phase_3_a_sme_strt_dt,1
295,phase_2_fed_cmt_prd_strt_dt,1
295,phase_3_a_frvt_strt_dt,1
295,phase_2_state_aplctn_deemd_cmpltn_dt,1
295,phase_2_cmpltns_rvw_dt,1
295,phase_2_dsrd_aprvl_dt,1
295,phase_2_fed_cmt_prd_end_dt,1
295,phase_2_rcvd_dt,1
296,phase_6_end_dt,1
296,mdcd_demo_aplctn_stus_dt,1
296,phase_2_state_aplctn_deemd_cmpltn_dt,1
296,phase_3_c_omb_strt_dt,1
296,phase_3_c_ogc_end_dt,1
296,phase_6_strt_dt,1
296,phase_3_c_ogc_strt_dt,1
296,phase_4_end_dt,1
296,phase_3_c_omb_end_dt,1
296,phase_2_dsrd_aprvl_dt,1
296,phase_4_strt_dt,1
296,phase_2_rcvd_dt,1
297,mdcd_demo_aplctn_stus_dt,1
297,phase_2_cmpltns_rvw_dt,1
297,phase_2_rcvd_dt,1
298,mdcd_demo_aplctn_stus_dt,1
298,phase_2_cmpltns_rvw_dt,1
298,phase_2_rcvd_dt,1
299,mdcd_demo_aplctn_stus_dt,1
300,mdcd_demo_aplctn_stus_dt,1
300,phase_3_c_omb_strt_dt,1
300,phase_3_c_ogc_end_dt,1
300,phase_3_c_ogc_strt_dt,1
300,phase_2_dsrd_aprvl_dt,1
300,phase_2_rcvd_dt,1
301,mdcd_demo_aplctn_stus_dt,1
301,phase_2_cmpltns_rvw_dt,1
301,phase_2_dsrd_aprvl_dt,1
301,phase_2_rcvd_dt,1
302,mdcd_demo_aplctn_stus_dt,1
302,phase_2_dsrd_aprvl_dt,1
303,mdcd_demo_aplctn_stus_dt,1
303,phase_2_cmpltns_rvw_dt,1
303,phase_2_rcvd_dt,1
304,mdcd_demo_aplctn_stus_dt,1
304,phase_2_state_aplctn_deemd_cmpltn_dt,1
304,phase_2_dsrd_aprvl_dt,1
304,phase_2_rcvd_dt,1
305,phase_6_end_dt,1
305,mdcd_demo_aplctn_stus_dt,1
305,phase_6_strt_dt,1
305,phase_2_dsrd_aprvl_dt,1
306,mdcd_demo_aplctn_stus_dt,1
306,phase_2_cmpltns_rvw_dt,1
306,phase_2_rcvd_dt,1
307,mdcd_demo_aplctn_stus_dt,1
307,phase_2_cmpltns_rvw_dt,1
307,phase_2_rcvd_dt,1
308,mdcd_demo_aplctn_stus_dt,1
309,mdcd_demo_aplctn_stus_dt,1
309,phase_3_b_omb_end_dt,1
309,phase_3_b_ogc_strt_dt,1
309,phase_3_b_omb_strt_dt,1
309,phase_3_b_ogc_end_dt,1
309,phase_6_strt_dt,1
309,phase_2_cmpltns_rvw_dt,1
309,phase_2_dsrd_aprvl_dt,1
309,phase_2_rcvd_dt,1
310,mdcd_demo_aplctn_stus_dt,1
310,phase_2_cmpltns_rvw_dt,1
310,phase_2_rcvd_dt,1
311,mdcd_demo_aplctn_stus_dt,1
311,phase_3_a_sme_end_dt,1
311,phase_3_a_sme_strt_dt,1
311,phase_2_dsrd_aprvl_dt,1
311,phase_2_rcvd_dt,1
311,phase_1_end_dt,1
311,phase_1_strt_dt,1
312,mdcd_demo_aplctn_stus_dt,1
312,phase_2_state_aplctn_deemd_cmpltn_dt,1
312,phase_3_a_frvt_strt_dt,1
312,phase_3_a_sme_end_dt,1
312,phase_3_a_sme_strt_dt,1
312,phase_2_fed_cmt_prd_strt_dt,1
312,phase_2_cmpltns_rvw_dt,1
312,phase_2_dsrd_aprvl_dt,1
312,phase_2_fed_cmt_prd_end_dt,1
312,phase_2_rcvd_dt,1
313,mdcd_demo_aplctn_stus_dt,1
313,phase_2_cmpltns_rvw_dt,1
313,phase_2_rcvd_dt,1
314,mdcd_demo_aplctn_stus_dt,1
314,phase_2_cmpltns_rvw_dt,1
314,phase_2_rcvd_dt,1
315,mdcd_demo_aplctn_stus_dt,1
315,phase_2_cmpltns_rvw_dt,1
315,phase_2_rcvd_dt,1
316,mdcd_demo_aplctn_stus_dt,1
316,phase_2_cmpltns_rvw_dt,1
316,phase_2_rcvd_dt,1
317,mdcd_demo_aplctn_stus_dt,1
317,phase_2_cmpltns_rvw_dt,1
317,phase_2_rcvd_dt,1
318,mdcd_demo_aplctn_stus_dt,1
318,phase_2_cmpltns_rvw_dt,1
318,phase_2_rcvd_dt,1
319,mdcd_demo_aplctn_stus_dt,1
319,phase_2_cmpltns_rvw_dt,1
319,phase_2_rcvd_dt,1
320,mdcd_demo_aplctn_stus_dt,1
320,phase_2_cmpltns_rvw_dt,1
320,phase_2_rcvd_dt,1
321,mdcd_demo_aplctn_stus_dt,1
322,mdcd_demo_aplctn_stus_dt,1
323,mdcd_demo_aplctn_stus_dt,1
323,phase_2_cmpltns_rvw_dt,1
323,phase_2_rcvd_dt,1
324,mdcd_demo_aplctn_stus_dt,1
325,mdcd_demo_aplctn_stus_dt,1
326,phase_6_end_dt,1
326,mdcd_demo_aplctn_stus_dt,1
326,phase_3_b_ogc_end_dt,1
326,phase_3_a_frvt_end_dt,1
326,phase_3_c_ogc_end_dt,1
326,phase_3_c_omb_strt_dt,1
326,phase_3_a_frvt_strt_dt,1
326,phase_3_b_cmcs_strt_dt,1
326,phase_2_fed_cmt_prd_strt_dt,1
326,phase_4_end_dt,1
326,phase_3_b_ogc_strt_dt,1
326,phase_3_a_sme_strt_dt,1
326,phase_3_c_omb_end_dt,1
326,phase_2_state_aplctn_deemd_cmpltn_dt,1
326,phase_3_b_omb_end_dt,1
326,phase_5_end_dt,1
326,phase_3_a_sme_end_dt,1
326,phase_3_b_omb_strt_dt,1
326,phase_5_strt_dt,1
326,phase_3_c_ogc_strt_dt,1
326,phase_3_b_cmcs_end_dt,1
326,phase_6_strt_dt,1
326,phase_2_cmpltns_rvw_dt,1
326,phase_2_fed_cmt_prd_end_dt,1
326,phase_4_strt_dt,1
326,phase_2_rcvd_dt,1
327,mdcd_demo_aplctn_stus_dt,1
328,mdcd_demo_aplctn_stus_dt,1
328,phase_2_state_aplctn_deemd_cmpltn_dt,1
328,phase_2_dsrd_aprvl_dt,1
329,mdcd_demo_aplctn_stus_dt,1
329,phase_2_state_aplctn_deemd_cmpltn_dt,1
329,phase_2_dsrd_aprvl_dt,1
330,mdcd_demo_aplctn_stus_dt,1
331,mdcd_demo_aplctn_stus_dt,1
331,phase_2_cmpltns_rvw_dt,1
331,phase_2_rcvd_dt,1
332,mdcd_demo_aplctn_stus_dt,1
332,phase_2_state_aplctn_deemd_cmpltn_dt,1
332,phase_2_fed_cmt_prd_strt_dt,1
332,phase_2_cmpltns_rvw_dt,1
332,phase_2_fed_cmt_prd_end_dt,1
332,phase_2_dsrd_aprvl_dt,1
332,phase_2_rcvd_dt,1
333,mdcd_demo_aplctn_stus_dt,1
333,phase_3_a_sme_end_dt,1
333,phase_2_fed_cmt_prd_strt_dt,1
333,phase_3_a_sme_strt_dt,1
333,phase_2_state_aplctn_deemd_cmpltn_dt,1
333,phase_3_a_frvt_strt_dt,1
333,phase_3_a_frvt_end_dt,1
333,phase_2_cmpltns_rvw_dt,1
333,phase_2_fed_cmt_prd_end_dt,1
333,phase_2_dsrd_aprvl_dt,1
333,phase_2_rcvd_dt,1
333,phase_1_strt_dt,1
333,phase_1_end_dt,1
334,phase_6_end_dt,1
334,mdcd_demo_aplctn_stus_dt,1
334,phase_6_strt_dt,1
334,phase_3_c_ogc_strt_dt,1
334,phase_3_a_sme_end_dt,1
334,phase_3_c_omb_end_dt,1
334,phase_3_a_sme_strt_dt,1
334,phase_3_a_frvt_strt_dt,1
334,phase_3_a_frvt_end_dt,1
334,phase_3_c_omb_strt_dt,1
334,phase_3_c_ogc_end_dt,1
334,phase_2_state_aplctn_deemd_cmpltn_dt,1
334,phase_2_fed_cmt_prd_strt_dt,1
334,phase_2_cmpltns_rvw_dt,1
334,phase_2_fed_cmt_prd_end_dt,1
334,phase_2_dsrd_aprvl_dt,1
334,phase_2_rcvd_dt,1
335,mdcd_demo_aplctn_stus_dt,1
335,phase_2_cmpltns_rvw_dt,1
335,phase_2_rcvd_dt,1
336,mdcd_demo_aplctn_stus_dt,1
336,phase_2_state_aplctn_deemd_cmpltn_dt,1
336,phase_2_fed_cmt_prd_strt_dt,1
336,phase_2_cmpltns_rvw_dt,1
336,phase_2_dsrd_aprvl_dt,1
336,phase_2_fed_cmt_prd_end_dt,1
336,phase_2_rcvd_dt,1
337,mdcd_demo_aplctn_stus_dt,1
337,phase_3_b_cmcs_end_dt,1
337,phase_2_state_aplctn_deemd_cmpltn_dt,1
337,phase_2_cmpltns_rvw_dt,1
337,phase_2_dsrd_aprvl_dt,1
337,phase_2_rcvd_dt,1
338,mdcd_demo_aplctn_stus_dt,1
338,phase_2_cmpltns_rvw_dt,1
338,phase_2_dsrd_aprvl_dt,1
338,phase_2_rcvd_dt,1
339,mdcd_demo_aplctn_stus_dt,1
339,phase_3_b_omb_strt_dt,1
339,phase_3_c_omb_end_dt,1
339,phase_3_a_sme_end_dt,1
339,phase_3_b_ogc_end_dt,1
339,phase_3_a_frvt_end_dt,1
339,phase_3_c_ogc_end_dt,1
339,phase_2_fed_cmt_prd_strt_dt,1
339,phase_3_b_omb_end_dt,1
339,phase_3_b_ogc_strt_dt,1
339,phase_3_a_frvt_strt_dt,1
339,phase_3_c_ogc_strt_dt,1
339,phase_2_state_aplctn_deemd_cmpltn_dt,1
339,phase_3_c_omb_strt_dt,1
339,phase_3_a_sme_strt_dt,1
339,phase_2_cmpltns_rvw_dt,1
339,phase_4_strt_dt,1
339,phase_2_dsrd_aprvl_dt,1
339,phase_2_fed_cmt_prd_end_dt,1
339,phase_2_rcvd_dt,1
340,mdcd_demo_aplctn_stus_dt,1
340,phase_2_fed_cmt_prd_strt_dt,1
340,phase_2_state_aplctn_deemd_cmpltn_dt,1
340,phase_2_cmpltns_rvw_dt,1
340,phase_2_dsrd_aprvl_dt,1
340,phase_2_fed_cmt_prd_end_dt,1
340,phase_2_rcvd_dt,1
341,mdcd_demo_aplctn_stus_dt,1
341,phase_2_cmpltns_rvw_dt,1
341,phase_2_rcvd_dt,1
342,mdcd_demo_aplctn_stus_dt,1
343,mdcd_demo_aplctn_stus_dt,1
344,mdcd_demo_aplctn_stus_dt,1
344,phase_2_cmpltns_rvw_dt,1
344,phase_2_rcvd_dt,1
345,mdcd_demo_aplctn_stus_dt,1
345,phase_2_cmpltns_rvw_dt,1
345,phase_2_rcvd_dt,1
346,mdcd_demo_aplctn_stus_dt,1
347,mdcd_demo_aplctn_stus_dt,1
347,phase_2_state_aplctn_deemd_cmpltn_dt,1
347,phase_2_fed_cmt_prd_strt_dt,1
347,phase_2_cmpltns_rvw_dt,1
347,phase_2_fed_cmt_prd_end_dt,1
347,phase_2_dsrd_aprvl_dt,1
347,phase_2_rcvd_dt,1
348,mdcd_demo_aplctn_stus_dt,1
348,phase_2_fed_cmt_prd_strt_dt,1
348,phase_2_state_aplctn_deemd_cmpltn_dt,1
348,phase_2_cmpltns_rvw_dt,1
348,phase_2_dsrd_aprvl_dt,1
348,phase_2_fed_cmt_prd_end_dt,1
348,phase_2_rcvd_dt,1
349,phase_6_end_dt,1
349,mdcd_demo_aplctn_stus_dt,1
349,phase_4_end_dt,1
349,phase_3_c_ogc_end_dt,1
349,phase_3_c_ogc_strt_dt,1
349,phase_3_c_omb_end_dt,1
349,phase_6_strt_dt,1
349,phase_3_c_omb_strt_dt,1
349,phase_5_end_dt,1
349,phase_5_strt_dt,1
349,phase_2_dsrd_aprvl_dt,1
349,phase_4_strt_dt,1
350,mdcd_demo_aplctn_stus_dt,1
350,phase_2_cmpltns_rvw_dt,1
350,phase_2_rcvd_dt,1
351,mdcd_demo_aplctn_stus_dt,1
351,phase_3_c_omb_end_dt,1
351,phase_3_c_ogc_end_dt,1
351,phase_3_c_ogc_strt_dt,1
351,phase_3_c_omb_strt_dt,1
351,phase_2_cmpltns_rvw_dt,1
351,phase_2_dsrd_aprvl_dt,1
351,phase_2_rcvd_dt,1
352,mdcd_demo_aplctn_stus_dt,1
353,phase_6_end_dt,1
353,mdcd_demo_aplctn_stus_dt,1
353,phase_3_c_omb_end_dt,1
353,phase_6_strt_dt,1
353,phase_2_fed_cmt_prd_strt_dt,1
353,phase_3_c_ogc_end_dt,1
353,phase_2_state_aplctn_deemd_cmpltn_dt,1
353,phase_3_c_omb_strt_dt,1
353,phase_3_c_ogc_strt_dt,1
353,phase_2_cmpltns_rvw_dt,1
353,phase_2_fed_cmt_prd_end_dt,1
353,phase_2_rcvd_dt,1
354,mdcd_demo_aplctn_stus_dt,1
354,phase_2_cmpltns_rvw_dt,1
354,phase_2_rcvd_dt,1
355,mdcd_demo_aplctn_stus_dt,1
355,phase_2_fed_cmt_prd_strt_dt,1
355,phase_2_state_aplctn_deemd_cmpltn_dt,1
355,phase_2_cmpltns_rvw_dt,1
355,phase_2_dsrd_aprvl_dt,1
355,phase_2_fed_cmt_prd_end_dt,1
355,phase_2_rcvd_dt,1
355,phase_1_strt_dt,1
355,phase_1_end_dt,1
356,mdcd_demo_aplctn_stus_dt,1
356,phase_2_cmpltns_rvw_dt,1
356,phase_2_rcvd_dt,1
357,phase_6_end_dt,1
357,mdcd_demo_aplctn_stus_dt,1
357,phase_3_c_ogc_end_dt,1
357,phase_2_state_aplctn_deemd_cmpltn_dt,1
357,phase_3_c_omb_strt_dt,1
357,phase_3_c_omb_end_dt,1
357,phase_3_c_ogc_strt_dt,1
357,phase_2_fed_cmt_prd_strt_dt,1
357,phase_6_strt_dt,1
357,phase_2_cmpltns_rvw_dt,1
357,phase_2_fed_cmt_prd_end_dt,1
357,phase_2_rcvd_dt,1
358,mdcd_demo_aplctn_stus_dt,1
358,phase_3_b_omb_end_dt,1
358,phase_3_c_ogc_end_dt,1
358,phase_3_a_sme_strt_dt,1
358,phase_2_state_aplctn_deemd_cmpltn_dt,1
358,phase_3_c_ogc_strt_dt,1
358,phase_3_a_frvt_strt_dt,1
358,phase_3_a_frvt_end_dt,1
358,phase_3_c_omb_strt_dt,1
358,phase_3_c_omb_end_dt,1
358,phase_3_b_ogc_end_dt,1
358,phase_3_a_sme_end_dt,1
358,phase_3_b_omb_strt_dt,1
358,phase_3_b_ogc_strt_dt,1
358,phase_2_fed_cmt_prd_strt_dt,1
358,phase_2_cmpltns_rvw_dt,1
358,phase_2_dsrd_aprvl_dt,1
358,phase_4_strt_dt,1
358,phase_2_fed_cmt_prd_end_dt,1
358,phase_2_rcvd_dt,1
358,phase_1_strt_dt,1
358,phase_1_end_dt,1
359,mdcd_demo_aplctn_stus_dt,1
359,phase_2_cmpltns_rvw_dt,1
359,phase_2_dsrd_aprvl_dt,1
359,phase_2_rcvd_dt,1
360,mdcd_demo_aplctn_stus_dt,1
360,phase_2_state_aplctn_deemd_cmpltn_dt,1
360,phase_2_fed_cmt_prd_strt_dt,1
360,phase_2_cmpltns_rvw_dt,1
360,phase_2_fed_cmt_prd_end_dt,1
360,phase_2_rcvd_dt,1
361,phase_6_end_dt,1
361,mdcd_demo_aplctn_stus_dt,1
361,phase_2_fed_cmt_prd_strt_dt,1
361,phase_3_c_omb_strt_dt,1
361,phase_2_state_aplctn_deemd_cmpltn_dt,1
361,phase_6_strt_dt,1
361,phase_3_a_sme_end_dt,1
361,phase_3_a_frvt_end_dt,1
361,phase_3_c_ogc_strt_dt,1
361,phase_3_a_frvt_strt_dt,1
361,phase_3_a_sme_strt_dt,1
361,phase_2_cmpltns_rvw_dt,1
361,phase_2_dsrd_aprvl_dt,1
361,phase_2_fed_cmt_prd_end_dt,1
361,phase_2_rcvd_dt,1
362,phase_6_end_dt,1
362,mdcd_demo_aplctn_stus_dt,1
362,phase_3_c_ogc_end_dt,1
362,phase_3_c_omb_end_dt,1
362,phase_2_cmpltns_rvw_dt,1
362,phase_2_dsrd_aprvl_dt,1
362,phase_2_rcvd_dt,1
363,mdcd_demo_aplctn_stus_dt,1
364,mdcd_demo_aplctn_stus_dt,1
364,phase_2_state_aplctn_deemd_cmpltn_dt,1
364,phase_3_a_sme_strt_dt,1
364,phase_3_a_sme_end_dt,1
364,phase_2_fed_cmt_prd_strt_dt,1
364,phase_2_cmpltns_rvw_dt,1
364,phase_2_fed_cmt_prd_end_dt,1
364,phase_2_rcvd_dt,1
365,phase_6_end_dt,1
365,mdcd_demo_aplctn_stus_dt,1
365,phase_4_end_dt,1
365,phase_3_a_frvt_end_dt,1
365,phase_2_state_aplctn_deemd_cmpltn_dt,1
365,phase_3_c_omb_end_dt,1
365,phase_3_b_omb_end_dt,1
365,phase_3_b_cmcs_strt_dt,1
365,phase_5_end_dt,1
365,phase_3_b_cmcs_end_dt,1
365,phase_3_b_ogc_strt_dt,1
365,phase_3_c_omb_strt_dt,1
365,phase_3_b_omb_strt_dt,1
365,phase_3_a_sme_end_dt,1
365,phase_3_a_sme_strt_dt,1
365,phase_5_strt_dt,1
365,phase_3_c_ogc_end_dt,1
365,phase_6_strt_dt,1
365,phase_2_fed_cmt_prd_strt_dt,1
365,phase_3_b_ogc_end_dt,1
365,phase_3_c_ogc_strt_dt,1
365,phase_3_a_frvt_strt_dt,1
365,phase_2_cmpltns_rvw_dt,1
365,phase_4_strt_dt,1
365,phase_2_fed_cmt_prd_end_dt,1
365,phase_2_rcvd_dt,1
366,mdcd_demo_aplctn_stus_dt,1
366,phase_3_a_sme_end_dt,1
366,phase_3_b_cmcs_end_dt,1
366,phase_2_fed_cmt_prd_strt_dt,1
366,phase_3_a_frvt_strt_dt,1
366,phase_3_b_omb_end_dt,1
366,phase_2_state_aplctn_deemd_cmpltn_dt,1
366,phase_3_b_omb_strt_dt,1
366,phase_3_b_cmcs_strt_dt,1
366,phase_3_c_ogc_strt_dt,1
366,phase_3_c_omb_end_dt,1
366,phase_3_b_ogc_end_dt,1
366,phase_3_c_ogc_end_dt,1
366,phase_3_a_sme_strt_dt,1
366,phase_3_c_omb_strt_dt,1
366,phase_3_a_frvt_end_dt,1
366,phase_4_end_dt,1
366,phase_3_b_ogc_strt_dt,1
366,phase_2_cmpltns_rvw_dt,1
366,phase_2_fed_cmt_prd_end_dt,1
366,phase_4_strt_dt,1
366,phase_2_rcvd_dt,1
367,mdcd_demo_aplctn_stus_dt,1
367,phase_2_fed_cmt_prd_strt_dt,1
367,phase_2_state_aplctn_deemd_cmpltn_dt,1
367,phase_2_cmpltns_rvw_dt,1
367,phase_2_fed_cmt_prd_end_dt,1
367,phase_2_rcvd_dt,1
368,mdcd_demo_aplctn_stus_dt,1
368,phase_2_cmpltns_rvw_dt,1
368,phase_2_dsrd_aprvl_dt,1
368,phase_2_rcvd_dt,1
369,mdcd_demo_aplctn_stus_dt,1
369,phase_2_cmpltns_rvw_dt,1
369,phase_2_rcvd_dt,1
370,mdcd_demo_aplctn_stus_dt,1
370,phase_2_cmpltns_rvw_dt,1
370,phase_2_rcvd_dt,1
371,mdcd_demo_aplctn_stus_dt,1
371,phase_3_a_frvt_strt_dt,1
371,phase_2_state_aplctn_deemd_cmpltn_dt,1
371,phase_3_a_frvt_end_dt,1
371,phase_2_fed_cmt_prd_strt_dt,1
371,phase_3_a_sme_strt_dt,1
371,phase_3_a_sme_end_dt,1
371,phase_2_cmpltns_rvw_dt,1
371,phase_2_fed_cmt_prd_end_dt,1
371,phase_2_dsrd_aprvl_dt,1
371,phase_2_rcvd_dt,1
372,mdcd_demo_aplctn_stus_dt,1
372,phase_2_state_aplctn_deemd_cmpltn_dt,1
372,phase_2_fed_cmt_prd_strt_dt,1
372,phase_2_cmpltns_rvw_dt,1
372,phase_2_dsrd_aprvl_dt,1
372,phase_2_fed_cmt_prd_end_dt,1
372,phase_2_rcvd_dt,1
373,mdcd_demo_aplctn_stus_dt,1
373,phase_2_state_aplctn_deemd_cmpltn_dt,1
373,phase_2_fed_cmt_prd_strt_dt,1
373,phase_3_a_sme_end_dt,1
373,phase_3_a_frvt_strt_dt,1
373,phase_3_a_sme_strt_dt,1
373,phase_2_cmpltns_rvw_dt,1
373,phase_2_fed_cmt_prd_end_dt,1
373,phase_2_rcvd_dt,1
374,mdcd_demo_aplctn_stus_dt,1
374,phase_2_cmpltns_rvw_dt,1
374,phase_2_rcvd_dt,1
375,mdcd_demo_aplctn_stus_dt,1
375,phase_3_b_cmcs_strt_dt,1
375,phase_3_a_sme_end_dt,1
375,phase_2_state_aplctn_deemd_cmpltn_dt,1
375,phase_3_a_frvt_strt_dt,1
375,phase_3_a_sme_strt_dt,1
375,phase_2_fed_cmt_prd_strt_dt,1
375,phase_2_cmpltns_rvw_dt,1
375,phase_2_dsrd_aprvl_dt,1
375,phase_2_fed_cmt_prd_end_dt,1
375,phase_2_rcvd_dt,1
375,phase_1_end_dt,1
375,phase_1_strt_dt,1
376,mdcd_demo_aplctn_stus_dt,1
376,phase_3_b_cmcs_strt_dt,1
376,phase_2_state_aplctn_deemd_cmpltn_dt,1
376,phase_3_b_cmcs_end_dt,1
376,phase_3_a_frvt_strt_dt,1
376,phase_3_a_frvt_end_dt,1
376,phase_3_a_sme_strt_dt,1
376,phase_2_fed_cmt_prd_strt_dt,1
376,phase_3_c_omb_strt_dt,1
376,phase_3_a_sme_end_dt,1
376,phase_3_c_ogc_strt_dt,1
376,phase_2_cmpltns_rvw_dt,1
376,phase_2_dsrd_aprvl_dt,1
376,phase_2_fed_cmt_prd_end_dt,1
376,phase_2_rcvd_dt,1
377,mdcd_demo_aplctn_stus_dt,1
377,phase_2_cmpltns_rvw_dt,1
377,phase_2_rcvd_dt,1
378,mdcd_demo_aplctn_stus_dt,1
378,phase_2_cmpltns_rvw_dt,1
378,phase_2_rcvd_dt,1
379,mdcd_demo_aplctn_stus_dt,1
379,phase_2_cmpltns_rvw_dt,1
379,phase_2_rcvd_dt,1
380,mdcd_demo_aplctn_stus_dt,1
380,phase_2_cmpltns_rvw_dt,1
380,phase_2_rcvd_dt,1
381,mdcd_demo_aplctn_stus_dt,1
381,phase_2_cmpltns_rvw_dt,1
381,phase_2_rcvd_dt,1
382,mdcd_demo_aplctn_stus_dt,1
383,mdcd_demo_aplctn_stus_dt,1
383,phase_2_cmpltns_rvw_dt,1
383,phase_2_rcvd_dt,1
384,mdcd_demo_aplctn_stus_dt,1
384,phase_2_fed_cmt_prd_strt_dt,1
384,phase_2_state_aplctn_deemd_cmpltn_dt,1
384,phase_2_cmpltns_rvw_dt,1
384,phase_2_fed_cmt_prd_end_dt,1
384,phase_2_dsrd_aprvl_dt,1
384,phase_2_rcvd_dt,1
384,phase_1_strt_dt,1
384,phase_1_end_dt,1
385,mdcd_demo_aplctn_stus_dt,1
385,phase_2_state_aplctn_deemd_cmpltn_dt,1
385,phase_2_cmpltns_rvw_dt,1
385,phase_2_dsrd_aprvl_dt,1
385,phase_2_rcvd_dt,1
386,mdcd_demo_aplctn_stus_dt,1
386,phase_2_cmpltns_rvw_dt,1
386,phase_2_rcvd_dt,1
387,mdcd_demo_aplctn_stus_dt,1
387,phase_2_cmpltns_rvw_dt,1
387,phase_2_rcvd_dt,1
388,mdcd_demo_aplctn_stus_dt,1
388,phase_2_cmpltns_rvw_dt,1
388,phase_2_rcvd_dt,1
389,mdcd_demo_aplctn_stus_dt,1
389,phase_2_cmpltns_rvw_dt,1
389,phase_2_dsrd_aprvl_dt,1
389,phase_2_rcvd_dt,1
389,phase_1_strt_dt,1
389,phase_1_end_dt,1
390,mdcd_demo_aplctn_stus_dt,1
391,mdcd_demo_aplctn_stus_dt,1
391,phase_3_a_sme_end_dt,1
391,phase_2_state_aplctn_deemd_cmpltn_dt,1
391,phase_3_a_sme_strt_dt,1
391,phase_2_fed_cmt_prd_strt_dt,1
391,phase_2_cmpltns_rvw_dt,1
391,phase_2_fed_cmt_prd_end_dt,1
391,phase_2_rcvd_dt,1
392,mdcd_demo_aplctn_stus_dt,1
392,phase_2_cmpltns_rvw_dt,1
392,phase_2_rcvd_dt,1
393,mdcd_demo_aplctn_stus_dt,1
393,phase_6_strt_dt,1
393,phase_3_a_sme_strt_dt,1
393,phase_3_c_omb_end_dt,1
393,phase_2_fed_cmt_prd_strt_dt,1
393,phase_3_a_sme_end_dt,1
393,phase_2_state_aplctn_deemd_cmpltn_dt,1
393,phase_3_c_ogc_end_dt,1
393,phase_3_a_frvt_strt_dt,1
393,phase_3_c_ogc_strt_dt,1
393,phase_3_c_omb_strt_dt,1
393,phase_2_cmpltns_rvw_dt,1
393,phase_2_fed_cmt_prd_end_dt,1
393,phase_2_dsrd_aprvl_dt,1
393,phase_2_rcvd_dt,1
394,mdcd_demo_aplctn_stus_dt,1
394,phase_2_fed_cmt_prd_strt_dt,1
394,phase_2_state_aplctn_deemd_cmpltn_dt,1
394,phase_3_a_sme_strt_dt,1
394,phase_3_a_frvt_strt_dt,1
394,phase_3_a_frvt_end_dt,1
394,phase_3_a_sme_end_dt,1
394,phase_2_cmpltns_rvw_dt,1
394,phase_2_fed_cmt_prd_end_dt,1
394,phase_2_rcvd_dt,1
395,mdcd_demo_aplctn_stus_dt,1
395,phase_2_state_aplctn_deemd_cmpltn_dt,1
395,phase_2_fed_cmt_prd_strt_dt,1
395,phase_2_cmpltns_rvw_dt,1
395,phase_2_fed_cmt_prd_end_dt,1
395,phase_2_rcvd_dt,1
396,mdcd_demo_aplctn_stus_dt,1
396,phase_3_a_frvt_strt_dt,1
396,phase_3_a_sme_end_dt,1
396,phase_2_state_aplctn_deemd_cmpltn_dt,1
396,phase_2_fed_cmt_prd_strt_dt,1
396,phase_3_a_frvt_end_dt,1
396,phase_3_a_sme_strt_dt,1
396,phase_2_cmpltns_rvw_dt,1
396,phase_2_fed_cmt_prd_end_dt,1
396,phase_2_dsrd_aprvl_dt,1
396,phase_2_rcvd_dt,1
397,mdcd_demo_aplctn_stus_dt,1
397,phase_2_state_aplctn_deemd_cmpltn_dt,1
397,phase_2_fed_cmt_prd_strt_dt,1
397,phase_2_cmpltns_rvw_dt,1
397,phase_2_fed_cmt_prd_end_dt,1
397,phase_2_dsrd_aprvl_dt,1
397,phase_2_rcvd_dt,1
398,mdcd_demo_aplctn_stus_dt,1
398,phase_3_c_ogc_strt_dt,1
398,phase_6_strt_dt,1
398,phase_3_c_omb_end_dt,1
398,phase_3_b_omb_end_dt,1
398,phase_2_fed_cmt_prd_strt_dt,1
398,phase_3_a_sme_end_dt,1
398,phase_3_c_omb_strt_dt,1
398,phase_3_b_ogc_strt_dt,1
398,phase_3_c_ogc_end_dt,1
398,phase_3_b_cmcs_end_dt,1
398,phase_3_b_omb_strt_dt,1
398,phase_3_b_ogc_end_dt,1
398,phase_2_state_aplctn_deemd_cmpltn_dt,1
398,phase_3_b_cmcs_strt_dt,1
398,phase_3_a_sme_strt_dt,1
398,phase_3_a_frvt_strt_dt,1
398,phase_3_a_frvt_end_dt,1
398,phase_2_cmpltns_rvw_dt,1
398,phase_2_dsrd_aprvl_dt,1
398,phase_4_strt_dt,1
398,phase_2_fed_cmt_prd_end_dt,1
398,phase_2_rcvd_dt,1
398,phase_1_end_dt,1
398,phase_1_strt_dt,1
399,mdcd_demo_aplctn_stus_dt,1
399,phase_2_cmpltns_rvw_dt,1
399,phase_2_rcvd_dt,1
400,mdcd_demo_aplctn_stus_dt,1
401,mdcd_demo_aplctn_stus_dt,1
401,phase_2_state_aplctn_deemd_cmpltn_dt,1
401,phase_2_fed_cmt_prd_strt_dt,1
401,phase_2_cmpltns_rvw_dt,1
401,phase_2_fed_cmt_prd_end_dt,1
401,phase_2_dsrd_aprvl_dt,1
401,phase_2_rcvd_dt,1
402,phase_6_end_dt,1
402,mdcd_demo_aplctn_stus_dt,1
402,phase_6_strt_dt,1
402,phase_3_c_ogc_strt_dt,1
402,phase_3_c_ogc_end_dt,1
402,phase_3_c_omb_strt_dt,1
402,phase_2_state_aplctn_deemd_cmpltn_dt,1
402,phase_2_fed_cmt_prd_strt_dt,1
402,phase_3_c_omb_end_dt,1
402,phase_2_cmpltns_rvw_dt,1
402,phase_2_dsrd_aprvl_dt,1
402,phase_2_fed_cmt_prd_end_dt,1
402,phase_2_rcvd_dt,1
402,phase_1_end_dt,1
402,phase_1_strt_dt,1
403,mdcd_demo_aplctn_stus_dt,1
403,phase_3_c_ogc_end_dt,1
403,phase_3_a_frvt_strt_dt,1
403,phase_3_a_sme_strt_dt,1
403,phase_2_state_aplctn_deemd_cmpltn_dt,1
403,phase_3_c_omb_strt_dt,1
403,phase_3_c_ogc_strt_dt,1
403,phase_3_a_sme_end_dt,1
403,phase_2_fed_cmt_prd_strt_dt,1
403,phase_3_a_frvt_end_dt,1
403,phase_3_c_omb_end_dt,1
403,phase_2_cmpltns_rvw_dt,1
403,phase_2_fed_cmt_prd_end_dt,1
403,phase_2_dsrd_aprvl_dt,1
403,phase_2_rcvd_dt,1
403,phase_1_end_dt,1
403,phase_1_strt_dt,1
404,phase_6_end_dt,1
404,mdcd_demo_aplctn_stus_dt,1
404,phase_3_c_omb_strt_dt,1
404,phase_3_a_frvt_end_dt,1
404,phase_3_b_omb_end_dt,1
404,phase_2_fed_cmt_prd_strt_dt,1
404,phase_3_a_sme_strt_dt,1
404,phase_3_b_ogc_strt_dt,1
404,phase_3_a_sme_end_dt,1
404,phase_3_c_ogc_end_dt,1
404,phase_3_b_omb_strt_dt,1
404,phase_3_b_ogc_end_dt,1
404,phase_3_c_ogc_strt_dt,1
404,phase_2_state_aplctn_deemd_cmpltn_dt,1
404,phase_3_a_frvt_strt_dt,1
404,phase_6_strt_dt,1
404,phase_3_c_omb_end_dt,1
404,phase_2_cmpltns_rvw_dt,1
404,phase_2_fed_cmt_prd_end_dt,1
404,phase_2_rcvd_dt,1
405,mdcd_demo_aplctn_stus_dt,1
405,phase_2_dsrd_aprvl_dt,1
406,mdcd_demo_aplctn_stus_dt,1
406,phase_2_dsrd_aprvl_dt,1
407,phase_6_end_dt,1
407,mdcd_demo_aplctn_stus_dt,1
407,phase_6_strt_dt,1
407,phase_3_b_ogc_end_dt,1
407,phase_5_strt_dt,1
407,phase_3_b_cmcs_strt_dt,1
407,phase_3_c_omb_end_dt,1
407,phase_2_state_aplctn_deemd_cmpltn_dt,1
407,phase_3_c_ogc_strt_dt,1
407,phase_3_b_cmcs_end_dt,1
407,phase_3_c_ogc_end_dt,1
407,phase_3_b_ogc_strt_dt,1
407,phase_4_end_dt,1
407,phase_5_end_dt,1
407,phase_2_fed_cmt_prd_strt_dt,1
407,phase_3_c_omb_strt_dt,1
407,phase_2_cmpltns_rvw_dt,1
407,phase_2_fed_cmt_prd_end_dt,1
407,phase_4_strt_dt,1
407,phase_2_rcvd_dt,1
408,mdcd_demo_aplctn_stus_dt,1
408,phase_2_cmpltns_rvw_dt,1
408,phase_2_rcvd_dt,1
409,mdcd_demo_aplctn_stus_dt,1
409,phase_2_state_aplctn_deemd_cmpltn_dt,1
409,phase_2_fed_cmt_prd_strt_dt,1
409,phase_2_cmpltns_rvw_dt,1
409,phase_2_fed_cmt_prd_end_dt,1
409,phase_2_rcvd_dt,1
410,mdcd_demo_aplctn_stus_dt,1
410,phase_2_fed_cmt_prd_strt_dt,1
410,phase_2_state_aplctn_deemd_cmpltn_dt,1
410,phase_2_cmpltns_rvw_dt,1
410,phase_2_fed_cmt_prd_end_dt,1
410,phase_2_rcvd_dt,1
410,phase_1_end_dt,1
410,phase_1_strt_dt,1
411,mdcd_demo_aplctn_stus_dt,1
411,phase_2_cmpltns_rvw_dt,1
411,phase_2_dsrd_aprvl_dt,1
411,phase_2_rcvd_dt,1
412,mdcd_demo_aplctn_stus_dt,1
412,phase_2_fed_cmt_prd_strt_dt,1
412,phase_3_a_sme_end_dt,1
412,phase_3_a_frvt_strt_dt,1
412,phase_3_a_sme_strt_dt,1
412,phase_2_state_aplctn_deemd_cmpltn_dt,1
412,phase_2_cmpltns_rvw_dt,1
412,phase_2_fed_cmt_prd_end_dt,1
412,phase_2_dsrd_aprvl_dt,1
412,phase_2_rcvd_dt,1
413,mdcd_demo_aplctn_stus_dt,1
413,phase_2_cmpltns_rvw_dt,1
413,phase_2_rcvd_dt,1
414,mdcd_demo_aplctn_stus_dt,1
414,phase_2_state_aplctn_deemd_cmpltn_dt,1
414,phase_3_c_omb_strt_dt,1
414,phase_3_a_sme_end_dt,1
414,phase_2_fed_cmt_prd_strt_dt,1
414,phase_3_a_frvt_end_dt,1
414,phase_3_c_ogc_strt_dt,1
414,phase_3_a_frvt_strt_dt,1
414,phase_3_b_cmcs_strt_dt,1
414,phase_3_a_sme_strt_dt,1
414,phase_2_cmpltns_rvw_dt,1
414,phase_2_fed_cmt_prd_end_dt,1
414,phase_2_dsrd_aprvl_dt,1
414,phase_2_rcvd_dt,1
415,mdcd_demo_aplctn_stus_dt,1
415,phase_2_cmpltns_rvw_dt,1
415,phase_2_rcvd_dt,1
416,mdcd_demo_aplctn_stus_dt,1
416,phase_2_cmpltns_rvw_dt,1
416,phase_2_rcvd_dt,1
417,mdcd_demo_aplctn_stus_dt,1
417,phase_3_b_cmcs_strt_dt,1
417,phase_2_state_aplctn_deemd_cmpltn_dt,1
417,phase_3_a_frvt_strt_dt,1
417,phase_3_a_sme_end_dt,1
417,phase_2_fed_cmt_prd_strt_dt,1
417,phase_3_a_frvt_end_dt,1
417,phase_3_a_sme_strt_dt,1
417,phase_2_cmpltns_rvw_dt,1
417,phase_2_fed_cmt_prd_end_dt,1
417,phase_2_dsrd_aprvl_dt,1
417,phase_2_rcvd_dt,1
418,mdcd_demo_aplctn_stus_dt,1
418,phase_2_state_aplctn_deemd_cmpltn_dt,1
418,phase_2_fed_cmt_prd_strt_dt,1
418,phase_2_cmpltns_rvw_dt,1
418,phase_2_fed_cmt_prd_end_dt,1
418,phase_2_rcvd_dt,1
419,mdcd_demo_aplctn_stus_dt,1
419,phase_2_cmpltns_rvw_dt,1
419,phase_2_rcvd_dt,1
420,mdcd_demo_aplctn_stus_dt,1
421,mdcd_demo_aplctn_stus_dt,1
422,mdcd_demo_aplctn_stus_dt,1
422,phase_2_cmpltns_rvw_dt,1
422,phase_2_dsrd_aprvl_dt,1
422,phase_2_rcvd_dt,1
423,mdcd_demo_aplctn_stus_dt,1
423,phase_2_fed_cmt_prd_strt_dt,1
423,phase_3_c_omb_strt_dt,1
423,phase_3_a_sme_strt_dt,1
423,phase_3_a_frvt_strt_dt,1
423,phase_3_b_omb_strt_dt,1
423,phase_3_a_sme_end_dt,1
423,phase_3_b_ogc_strt_dt,1
423,phase_3_c_ogc_strt_dt,1
423,phase_3_b_cmcs_end_dt,1
423,phase_2_state_aplctn_deemd_cmpltn_dt,1
423,phase_3_b_cmcs_strt_dt,1
423,phase_3_a_frvt_end_dt,1
423,phase_2_cmpltns_rvw_dt,1
423,phase_2_dsrd_aprvl_dt,1
423,phase_2_fed_cmt_prd_end_dt,1
423,phase_2_rcvd_dt,1
424,mdcd_demo_aplctn_stus_dt,1
424,phase_2_cmpltns_rvw_dt,1
424,phase_2_rcvd_dt,1
425,mdcd_demo_aplctn_stus_dt,1
425,phase_5_end_dt,1
426,mdcd_demo_aplctn_stus_dt,1
426,phase_5_strt_dt,1
426,phase_3_c_omb_strt_dt,1
426,phase_3_b_ogc_end_dt,1
426,phase_3_b_omb_end_dt,1
426,phase_3_a_sme_end_dt,1
426,phase_2_state_aplctn_deemd_cmpltn_dt,1
426,phase_3_b_cmcs_strt_dt,1
426,phase_4_end_dt,1
426,phase_3_b_ogc_strt_dt,1
426,phase_3_c_ogc_end_dt,1
426,phase_3_c_omb_end_dt,1
426,phase_5_end_dt,1
426,phase_3_a_frvt_end_dt,1
426,phase_3_b_omb_strt_dt,1
426,phase_3_b_cmcs_end_dt,1
426,phase_2_fed_cmt_prd_strt_dt,1
426,phase_3_a_frvt_strt_dt,1
426,phase_3_a_sme_strt_dt,1
426,phase_3_c_ogc_strt_dt,1
426,phase_2_cmpltns_rvw_dt,1
426,phase_2_dsrd_aprvl_dt,1
426,phase_2_fed_cmt_prd_end_dt,1
426,phase_4_strt_dt,1
426,phase_2_rcvd_dt,1
426,phase_1_strt_dt,1
426,phase_1_end_dt,1
427,mdcd_demo_aplctn_stus_dt,1
427,phase_2_fed_cmt_prd_strt_dt,1
427,phase_2_state_aplctn_deemd_cmpltn_dt,1
427,phase_2_cmpltns_rvw_dt,1
427,phase_2_fed_cmt_prd_end_dt,1
427,phase_2_rcvd_dt,1
428,mdcd_demo_aplctn_stus_dt,1
429,phase_6_end_dt,1
429,mdcd_demo_aplctn_stus_dt,1
429,phase_4_end_dt,1
429,phase_3_a_frvt_strt_dt,1
429,phase_3_c_ogc_end_dt,1
429,phase_3_a_sme_end_dt,1
429,phase_3_a_sme_strt_dt,1
429,phase_3_c_ogc_strt_dt,1
429,phase_2_fed_cmt_prd_strt_dt,1
429,phase_3_c_omb_end_dt,1
429,phase_2_state_aplctn_deemd_cmpltn_dt,1
429,phase_6_strt_dt,1
429,phase_3_a_frvt_end_dt,1
429,phase_3_c_omb_strt_dt,1
429,phase_2_cmpltns_rvw_dt,1
429,phase_2_fed_cmt_prd_end_dt,1
429,phase_4_strt_dt,1
429,phase_2_rcvd_dt,1
430,mdcd_demo_aplctn_stus_dt,1
430,phase_3_a_sme_strt_dt,1
430,phase_2_state_aplctn_deemd_cmpltn_dt,1
430,phase_2_fed_cmt_prd_strt_dt,1
430,phase_2_cmpltns_rvw_dt,1
430,phase_2_fed_cmt_prd_end_dt,1
430,phase_2_rcvd_dt,1
431,mdcd_demo_aplctn_stus_dt,1
432,mdcd_demo_aplctn_stus_dt,1
432,phase_3_a_frvt_strt_dt,1
432,phase_3_c_ogc_strt_dt,1
432,phase_2_fed_cmt_prd_strt_dt,1
432,phase_3_c_omb_end_dt,1
432,phase_3_c_ogc_end_dt,1
432,phase_3_c_omb_strt_dt,1
432,phase_3_b_omb_strt_dt,1
432,phase_3_b_omb_end_dt,1
432,phase_3_a_sme_end_dt,1
432,phase_3_b_ogc_strt_dt,1
432,phase_3_a_frvt_end_dt,1
432,phase_3_b_cmcs_end_dt,1
432,phase_2_state_aplctn_deemd_cmpltn_dt,1
432,phase_4_end_dt,1
432,phase_3_a_sme_strt_dt,1
432,phase_3_b_cmcs_strt_dt,1
432,phase_2_cmpltns_rvw_dt,1
432,phase_4_strt_dt,1
432,phase_2_fed_cmt_prd_end_dt,1
432,phase_2_rcvd_dt,1
433,phase_6_end_dt,1
433,mdcd_demo_aplctn_stus_dt,1
433,phase_3_c_ogc_strt_dt,1
433,phase_5_strt_dt,1
433,phase_3_a_sme_strt_dt,1
433,phase_3_a_sme_end_dt,1
433,phase_6_strt_dt,1
433,phase_2_state_aplctn_deemd_cmpltn_dt,1
433,phase_4_end_dt,1
433,phase_3_a_frvt_end_dt,1
433,phase_3_a_frvt_strt_dt,1
433,phase_3_c_omb_strt_dt,1
433,phase_3_c_ogc_end_dt,1
433,phase_2_fed_cmt_prd_strt_dt,1
433,phase_3_c_omb_end_dt,1
433,phase_5_end_dt,1
433,phase_2_cmpltns_rvw_dt,1
433,phase_2_fed_cmt_prd_end_dt,1
433,phase_4_strt_dt,1
433,phase_2_dsrd_aprvl_dt,1
433,phase_2_rcvd_dt,1
434,phase_6_end_dt,1
434,mdcd_demo_aplctn_stus_dt,1
434,phase_3_a_frvt_strt_dt,1
434,phase_5_strt_dt,1
434,phase_2_fed_cmt_prd_strt_dt,1
434,phase_3_b_cmcs_strt_dt,1
434,phase_3_c_omb_end_dt,1
434,phase_3_b_omb_strt_dt,1
434,phase_5_end_dt,1
434,phase_3_b_cmcs_end_dt,1
434,phase_3_b_ogc_end_dt,1
434,phase_3_b_omb_end_dt,1
434,phase_3_c_omb_strt_dt,1
434,phase_2_state_aplctn_deemd_cmpltn_dt,1
434,phase_3_b_ogc_strt_dt,1
434,phase_3_a_sme_end_dt,1
434,phase_3_c_ogc_strt_dt,1
434,phase_3_a_sme_strt_dt,1
434,phase_6_strt_dt,1
434,phase_4_end_dt,1
434,phase_3_a_frvt_end_dt,1
434,phase_3_c_ogc_end_dt,1
434,phase_2_cmpltns_rvw_dt,1
434,phase_4_strt_dt,1
434,phase_2_fed_cmt_prd_end_dt,1
434,phase_2_rcvd_dt,1
435,mdcd_demo_aplctn_stus_dt,1
436,mdcd_demo_aplctn_stus_dt,1
437,mdcd_demo_aplctn_stus_dt,1
437,phase_3_a_sme_end_dt,1
437,phase_3_a_sme_strt_dt,1
437,phase_2_state_aplctn_deemd_cmpltn_dt,1
437,phase_2_fed_cmt_prd_strt_dt,1
437,phase_2_cmpltns_rvw_dt,1
437,phase_2_fed_cmt_prd_end_dt,1
437,phase_2_rcvd_dt,1
438,mdcd_demo_aplctn_stus_dt,1
439,mdcd_demo_aplctn_stus_dt,1
439,phase_3_a_sme_end_dt,1
439,phase_3_a_frvt_strt_dt,1
439,phase_4_end_dt,1
439,phase_3_b_cmcs_strt_dt,1
439,phase_3_c_ogc_strt_dt,1
439,phase_3_a_frvt_end_dt,1
439,phase_3_a_sme_strt_dt,1
439,phase_2_state_aplctn_deemd_cmpltn_dt,1
439,phase_3_b_ogc_end_dt,1
439,phase_3_b_ogc_strt_dt,1
439,phase_3_c_omb_strt_dt,1
439,phase_3_b_omb_end_dt,1
439,phase_3_c_omb_end_dt,1
439,phase_3_b_omb_strt_dt,1
439,phase_2_fed_cmt_prd_strt_dt,1
439,phase_3_c_ogc_end_dt,1
439,phase_3_b_cmcs_end_dt,1
439,phase_2_cmpltns_rvw_dt,1
439,phase_2_fed_cmt_prd_end_dt,1
439,phase_4_strt_dt,1
439,phase_2_rcvd_dt,1
440,mdcd_demo_aplctn_stus_dt,1
440,phase_3_b_omb_strt_dt,1
440,phase_3_a_frvt_strt_dt,1
440,phase_3_a_sme_end_dt,1
440,phase_3_b_ogc_strt_dt,1
440,phase_3_a_frvt_end_dt,1
440,phase_3_c_omb_strt_dt,1
440,phase_3_c_ogc_strt_dt,1
440,phase_3_b_cmcs_end_dt,1
440,phase_3_a_sme_strt_dt,1
440,phase_2_fed_cmt_prd_strt_dt,1
440,phase_3_b_cmcs_strt_dt,1
440,phase_2_state_aplctn_deemd_cmpltn_dt,1
440,phase_2_cmpltns_rvw_dt,1
440,phase_4_strt_dt,1
440,phase_2_dsrd_aprvl_dt,1
440,phase_2_fed_cmt_prd_end_dt,1
440,phase_2_rcvd_dt,1
440,phase_1_end_dt,1
440,phase_1_strt_dt,1
441,mdcd_demo_aplctn_stus_dt,1
441,phase_2_cmpltns_rvw_dt,1
441,phase_2_rcvd_dt,1
442,mdcd_demo_aplctn_stus_dt,1
442,phase_2_state_aplctn_deemd_cmpltn_dt,1
442,phase_3_a_frvt_strt_dt,1
442,phase_3_a_sme_end_dt,1
442,phase_3_a_sme_strt_dt,1
442,phase_3_a_frvt_end_dt,1
442,phase_2_fed_cmt_prd_strt_dt,1
442,phase_3_b_cmcs_strt_dt,1
442,phase_2_cmpltns_rvw_dt,1
442,phase_2_fed_cmt_prd_end_dt,1
442,phase_2_dsrd_aprvl_dt,1
442,phase_2_rcvd_dt,1
442,phase_1_end_dt,1
442,phase_1_strt_dt,1
443,mdcd_demo_aplctn_stus_dt,1
443,phase_3_b_omb_end_dt,1
443,phase_2_state_aplctn_deemd_cmpltn_dt,1
443,phase_3_b_ogc_strt_dt,1
443,phase_4_end_dt,1
443,phase_3_b_cmcs_strt_dt,1
443,phase_3_c_omb_end_dt,1
443,phase_3_b_omb_strt_dt,1
443,phase_3_b_cmcs_end_dt,1
443,phase_3_a_sme_strt_dt,1
443,phase_3_c_ogc_strt_dt,1
443,phase_3_b_ogc_end_dt,1
443,phase_3_c_ogc_end_dt,1
443,phase_3_c_omb_strt_dt,1
443,phase_3_a_frvt_end_dt,1
443,phase_2_fed_cmt_prd_strt_dt,1
443,phase_3_a_frvt_strt_dt,1
443,phase_3_a_sme_end_dt,1
443,phase_2_cmpltns_rvw_dt,1
443,phase_2_fed_cmt_prd_end_dt,1
443,phase_4_strt_dt,1
443,phase_2_rcvd_dt,1
444,mdcd_demo_aplctn_stus_dt,1
444,phase_3_c_omb_strt_dt,1
444,phase_6_strt_dt,1
444,phase_3_b_omb_end_dt,1
444,phase_3_a_sme_end_dt,1
444,phase_5_strt_dt,1
444,phase_3_c_ogc_strt_dt,1
444,phase_3_b_omb_strt_dt,1
444,phase_3_b_ogc_strt_dt,1
444,phase_3_c_ogc_end_dt,1
444,phase_3_a_sme_strt_dt,1
444,phase_3_c_omb_end_dt,1
444,phase_3_b_ogc_end_dt,1
444,phase_2_dsrd_aprvl_dt,1
444,phase_2_rcvd_dt,1
445,mdcd_demo_aplctn_stus_dt,1
445,phase_2_state_aplctn_deemd_cmpltn_dt,1
445,phase_2_fed_cmt_prd_strt_dt,1
445,phase_2_cmpltns_rvw_dt,1
445,phase_2_fed_cmt_prd_end_dt,1
445,phase_2_rcvd_dt,1
445,phase_1_end_dt,1
445,phase_1_strt_dt,1
446,mdcd_demo_aplctn_stus_dt,1
446,phase_3_a_sme_end_dt,1
446,phase_2_state_aplctn_deemd_cmpltn_dt,1
446,phase_3_a_frvt_strt_dt,1
446,phase_3_a_sme_strt_dt,1
446,phase_2_fed_cmt_prd_strt_dt,1
446,phase_2_cmpltns_rvw_dt,1
446,phase_2_fed_cmt_prd_end_dt,1
446,phase_2_rcvd_dt,1
447,mdcd_demo_aplctn_stus_dt,1
447,phase_3_b_omb_strt_dt,1
447,phase_3_c_omb_strt_dt,1
447,phase_3_b_ogc_strt_dt,1
447,phase_3_a_sme_strt_dt,1
447,phase_3_a_sme_end_dt,1
447,phase_3_c_ogc_strt_dt,1
447,phase_2_dsrd_aprvl_dt,1
447,phase_4_strt_dt,1
447,phase_1_end_dt,1
447,phase_1_strt_dt,1
448,mdcd_demo_aplctn_stus_dt,1
448,phase_3_a_sme_strt_dt,1
448,phase_3_a_sme_end_dt,1
448,phase_3_c_omb_strt_dt,1
448,phase_3_b_ogc_strt_dt,1
448,phase_3_c_ogc_strt_dt,1
448,phase_3_b_omb_strt_dt,1
448,phase_2_dsrd_aprvl_dt,1
448,phase_4_strt_dt,1
448,phase_1_end_dt,1
448,phase_1_strt_dt,1
449,mdcd_demo_aplctn_stus_dt,1
449,phase_3_a_sme_strt_dt,1
449,phase_3_a_sme_end_dt,1
449,phase_2_dsrd_aprvl_dt,1
450,phase_6_end_dt,1
450,mdcd_demo_aplctn_stus_dt,1
450,phase_3_b_omb_end_dt,1
450,phase_3_b_omb_strt_dt,1
450,phase_3_a_sme_strt_dt,1
450,phase_3_b_ogc_end_dt,1
450,phase_6_strt_dt,1
450,phase_3_b_ogc_strt_dt,1
450,phase_3_a_sme_end_dt,1
450,phase_2_dsrd_aprvl_dt,1
451,mdcd_demo_aplctn_stus_dt,1
451,phase_2_state_aplctn_deemd_cmpltn_dt,1
451,phase_2_fed_cmt_prd_strt_dt,1
451,phase_2_cmpltns_rvw_dt,1
451,phase_2_fed_cmt_prd_end_dt,1
451,phase_2_rcvd_dt,1
452,mdcd_demo_aplctn_stus_dt,1
453,mdcd_demo_aplctn_stus_dt,1
453,phase_3_a_sme_end_dt,1
453,phase_3_a_frvt_end_dt,1
453,phase_3_a_sme_strt_dt,1
453,phase_2_fed_cmt_prd_strt_dt,1
453,phase_2_state_aplctn_deemd_cmpltn_dt,1
453,phase_3_a_frvt_strt_dt,1
453,phase_2_cmpltns_rvw_dt,1
453,phase_2_fed_cmt_prd_end_dt,1
453,phase_2_rcvd_dt,1
454,mdcd_demo_aplctn_stus_dt,1
454,phase_3_a_frvt_end_dt,1
454,phase_2_state_aplctn_deemd_cmpltn_dt,1
454,phase_3_a_sme_end_dt,1
454,phase_3_a_frvt_strt_dt,1
454,phase_3_a_sme_strt_dt,1
454,phase_2_fed_cmt_prd_strt_dt,1
454,phase_2_cmpltns_rvw_dt,1
454,phase_2_dsrd_aprvl_dt,1
454,phase_2_fed_cmt_prd_end_dt,1
454,phase_2_rcvd_dt,1
454,phase_1_end_dt,1
454,phase_1_strt_dt,1
455,mdcd_demo_aplctn_stus_dt,1
455,phase_2_state_aplctn_deemd_cmpltn_dt,1
455,phase_2_fed_cmt_prd_strt_dt,1
455,phase_2_cmpltns_rvw_dt,1
455,phase_2_fed_cmt_prd_end_dt,1
455,phase_2_rcvd_dt,1
456,mdcd_demo_aplctn_stus_dt,1
456,phase_3_a_sme_strt_dt,1
456,phase_3_a_frvt_end_dt,1
456,phase_2_state_aplctn_deemd_cmpltn_dt,1
456,phase_2_fed_cmt_prd_strt_dt,1
456,phase_3_a_frvt_strt_dt,1
456,phase_3_a_sme_end_dt,1
456,phase_2_cmpltns_rvw_dt,1
456,phase_2_fed_cmt_prd_end_dt,1
456,phase_2_rcvd_dt,1
457,mdcd_demo_aplctn_stus_dt,1
457,phase_2_state_aplctn_deemd_cmpltn_dt,1
457,phase_2_fed_cmt_prd_strt_dt,1
457,phase_3_a_sme_strt_dt,1
457,phase_2_cmpltns_rvw_dt,1
457,phase_2_fed_cmt_prd_end_dt,1
457,phase_2_rcvd_dt,1
457,phase_1_strt_dt,1
457,phase_1_end_dt,1
458,phase_6_end_dt,1
458,mdcd_demo_aplctn_stus_dt,1
458,phase_2_state_aplctn_deemd_cmpltn_dt,1
458,phase_3_a_frvt_strt_dt,1
458,phase_3_b_ogc_strt_dt,1
458,phase_3_c_omb_end_dt,1
458,phase_3_a_sme_end_dt,1
458,phase_3_b_omb_strt_dt,1
458,phase_3_b_ogc_end_dt,1
458,phase_3_c_ogc_end_dt,1
458,phase_2_fed_cmt_prd_strt_dt,1
458,phase_3_b_omb_end_dt,1
458,phase_3_a_frvt_end_dt,1
458,phase_3_a_sme_strt_dt,1
458,phase_2_cmpltns_rvw_dt,1
458,phase_4_strt_dt,1
458,phase_2_fed_cmt_prd_end_dt,1
458,phase_2_rcvd_dt,1
458,phase_1_end_dt,1
458,phase_1_strt_dt,1
459,mdcd_demo_aplctn_stus_dt,1
459,phase_2_cmpltns_rvw_dt,1
459,phase_2_dsrd_aprvl_dt,1
459,phase_2_rcvd_dt,1
460,mdcd_demo_aplctn_stus_dt,1
460,phase_2_state_aplctn_deemd_cmpltn_dt,1
460,phase_2_fed_cmt_prd_strt_dt,1
460,phase_2_cmpltns_rvw_dt,1
460,phase_2_fed_cmt_prd_end_dt,1
460,phase_2_rcvd_dt,1
461,mdcd_demo_aplctn_stus_dt,1
463,mdcd_demo_aplctn_stus_dt,1
464,mdcd_demo_aplctn_stus_dt,1
464,phase_3_a_frvt_strt_dt,1
464,phase_2_state_aplctn_deemd_cmpltn_dt,1
464,phase_3_a_sme_strt_dt,1
464,phase_2_fed_cmt_prd_strt_dt,1
464,phase_2_cmpltns_rvw_dt,1
464,phase_2_fed_cmt_prd_end_dt,1
464,phase_2_rcvd_dt,1
465,mdcd_demo_aplctn_stus_dt,1
465,phase_2_state_aplctn_deemd_cmpltn_dt,1
465,phase_2_fed_cmt_prd_strt_dt,1
465,phase_2_cmpltns_rvw_dt,1
465,phase_2_fed_cmt_prd_end_dt,1
465,phase_2_rcvd_dt,1
466,mdcd_demo_aplctn_stus_dt,1
466,phase_2_state_aplctn_deemd_cmpltn_dt,1
466,phase_2_fed_cmt_prd_strt_dt,1
466,phase_2_cmpltns_rvw_dt,1
466,phase_2_fed_cmt_prd_end_dt,1
466,phase_2_rcvd_dt,1
467,mdcd_demo_aplctn_stus_dt,1
467,phase_2_fed_cmt_prd_strt_dt,1
467,phase_2_state_aplctn_deemd_cmpltn_dt,1
467,phase_2_cmpltns_rvw_dt,1
467,phase_2_fed_cmt_prd_end_dt,1
467,phase_2_rcvd_dt,1
468,mdcd_demo_aplctn_stus_dt,1
468,phase_2_state_aplctn_deemd_cmpltn_dt,1
468,phase_2_fed_cmt_prd_strt_dt,1
468,phase_3_a_sme_strt_dt,1
468,phase_2_cmpltns_rvw_dt,1
468,phase_2_fed_cmt_prd_end_dt,1
468,phase_2_rcvd_dt,1
469,mdcd_demo_aplctn_stus_dt,1
469,phase_3_a_frvt_strt_dt,1
469,phase_2_state_aplctn_deemd_cmpltn_dt,1
469,phase_3_a_sme_strt_dt,1
469,phase_2_fed_cmt_prd_strt_dt,1
469,phase_2_cmpltns_rvw_dt,1
469,phase_2_fed_cmt_prd_end_dt,1
469,phase_2_rcvd_dt,1
470,mdcd_demo_aplctn_stus_dt,1
470,phase_2_state_aplctn_deemd_cmpltn_dt,1
470,phase_2_cmpltns_rvw_dt,1
470,phase_2_rcvd_dt,1
471,mdcd_demo_aplctn_stus_dt,1
471,phase_3_a_sme_end_dt,1
471,phase_2_state_aplctn_deemd_cmpltn_dt,1
471,phase_3_a_frvt_end_dt,1
471,phase_2_fed_cmt_prd_strt_dt,1
471,phase_3_a_frvt_strt_dt,1
471,phase_3_a_sme_strt_dt,1
471,phase_2_cmpltns_rvw_dt,1
471,phase_2_fed_cmt_prd_end_dt,1
471,phase_2_dsrd_aprvl_dt,1
471,phase_2_rcvd_dt,1
472,mdcd_demo_aplctn_stus_dt,1
472,phase_2_fed_cmt_prd_strt_dt,1
472,phase_2_state_aplctn_deemd_cmpltn_dt,1
472,phase_2_cmpltns_rvw_dt,1
472,phase_2_fed_cmt_prd_end_dt,1
472,phase_2_rcvd_dt,1
472,phase_1_strt_dt,1
472,phase_1_end_dt,1
473,mdcd_demo_aplctn_stus_dt,1
473,phase_2_state_aplctn_deemd_cmpltn_dt,1
473,phase_2_fed_cmt_prd_strt_dt,1
473,phase_2_cmpltns_rvw_dt,1
473,phase_2_fed_cmt_prd_end_dt,1
473,phase_2_rcvd_dt,1
474,mdcd_demo_aplctn_stus_dt,1
474,phase_2_state_aplctn_deemd_cmpltn_dt,1
474,phase_2_fed_cmt_prd_strt_dt,1
474,phase_2_cmpltns_rvw_dt,1
474,phase_2_fed_cmt_prd_end_dt,1
474,phase_2_rcvd_dt,1
475,mdcd_demo_aplctn_stus_dt,1
475,phase_2_fed_cmt_prd_strt_dt,1
475,phase_2_state_aplctn_deemd_cmpltn_dt,1
475,phase_2_cmpltns_rvw_dt,1
475,phase_2_fed_cmt_prd_end_dt,1
475,phase_2_rcvd_dt,1
476,mdcd_demo_aplctn_stus_dt,1
477,mdcd_demo_aplctn_stus_dt,1
477,phase_2_cmpltns_rvw_dt,1
477,phase_2_rcvd_dt,1
478,mdcd_demo_aplctn_stus_dt,1
478,phase_2_state_aplctn_deemd_cmpltn_dt,1
478,phase_3_a_sme_strt_dt,1
478,phase_2_fed_cmt_prd_strt_dt,1
478,phase_3_a_sme_end_dt,1
478,phase_2_cmpltns_rvw_dt,1
478,phase_2_fed_cmt_prd_end_dt,1
478,phase_2_rcvd_dt,1
479,mdcd_demo_aplctn_stus_dt,1
479,phase_2_state_aplctn_deemd_cmpltn_dt,1
479,phase_3_a_sme_strt_dt,1
479,phase_3_a_sme_end_dt,1
479,phase_2_fed_cmt_prd_strt_dt,1
479,phase_2_cmpltns_rvw_dt,1
479,phase_2_fed_cmt_prd_end_dt,1
479,phase_2_rcvd_dt,1
480,mdcd_demo_aplctn_stus_dt,1
480,phase_2_state_aplctn_deemd_cmpltn_dt,1
480,phase_3_a_sme_end_dt,1
480,phase_2_fed_cmt_prd_strt_dt,1
480,phase_3_a_sme_strt_dt,1
480,phase_2_cmpltns_rvw_dt,1
480,phase_2_fed_cmt_prd_end_dt,1
480,phase_2_rcvd_dt,1
481,mdcd_demo_aplctn_stus_dt,1
482,mdcd_demo_aplctn_stus_dt,1
483,mdcd_demo_aplctn_stus_dt,1
483,phase_2_state_aplctn_deemd_cmpltn_dt,1
483,phase_2_fed_cmt_prd_strt_dt,1
483,phase_2_cmpltns_rvw_dt,1
483,phase_2_fed_cmt_prd_end_dt,1
483,phase_2_rcvd_dt,1
484,mdcd_demo_aplctn_stus_dt,1
484,phase_2_state_aplctn_deemd_cmpltn_dt,1
484,phase_2_fed_cmt_prd_strt_dt,1
484,phase_2_cmpltns_rvw_dt,1
484,phase_2_fed_cmt_prd_end_dt,1
484,phase_2_rcvd_dt,1
485,mdcd_demo_aplctn_stus_dt,1
485,phase_2_fed_cmt_prd_strt_dt,1
485,phase_2_state_aplctn_deemd_cmpltn_dt,1
485,phase_2_cmpltns_rvw_dt,1
485,phase_2_fed_cmt_prd_end_dt,1
485,phase_2_rcvd_dt,1
486,mdcd_demo_aplctn_stus_dt,1
486,phase_2_fed_cmt_prd_strt_dt,1
486,phase_3_a_frvt_strt_dt,1
486,phase_2_state_aplctn_deemd_cmpltn_dt,1
486,phase_3_a_sme_strt_dt,1
486,phase_2_cmpltns_rvw_dt,1
486,phase_2_fed_cmt_prd_end_dt,1
486,phase_2_rcvd_dt,1
487,mdcd_demo_aplctn_stus_dt,1
488,mdcd_demo_aplctn_stus_dt,1
488,phase_2_state_aplctn_deemd_cmpltn_dt,1
488,phase_2_fed_cmt_prd_strt_dt,1
488,phase_3_a_sme_strt_dt,1
488,phase_2_cmpltns_rvw_dt,1
488,phase_2_fed_cmt_prd_end_dt,1
488,phase_2_rcvd_dt,1
489,mdcd_demo_aplctn_stus_dt,1
489,phase_2_state_aplctn_deemd_cmpltn_dt,1
489,phase_2_cmpltns_rvw_dt,1
489,phase_2_dsrd_aprvl_dt,1
489,phase_2_rcvd_dt,1
