application_id,phase_id,unmet_kind,unmet_requirement,is_clearance_conditional
007cc95c-92ae-40cc-850e-50bb331b658d,Application Intake,date,Completeness Review Due Date,False
01202dd5-67e9-432f-a5ef-d9e4e49f8f76,Application Intake,date,Completeness Review Due Date,False
0181f074-ee92-420b-822d-aedfadcd4c7d,Application Intake,date,Completeness Review Due Date,False
01dca696-c094-4f14-ade8-c96f19292a92,Application Intake,date,Completeness Review Due Date,False
0473183d-2e93-4371-a841-47350d3e765b,Application Intake,date,Completeness Review Due Date,False
08ced498-8997-401c-a186-daa67a4ff809,Application Intake,date,Completeness Review Due Date,False
08fceebe-6835-408b-97de-b7f3b8522706,Application Intake,date,Completeness Review Due Date,False
0965889d-2796-4022-adc9-7ad6b2f7895e,Application Intake,date,Completeness Review Due Date,False
0977ad7f-a35c-4e4e-b50b-2f1834ad5014,Application Intake,date,Completeness Review Due Date,False
09f34d93-656c-4793-ad53-f06d53f03192,Application Intake,date,Completeness Review Due Date,False
0a7679ae-d047-49fb-9996-9c5c497a1ad5,Application Intake,date,Completeness Review Due Date,False
0aacc3ec-a6fc-41cb-84e3-3fd8ca5f4c25,Application Intake,date,Completeness Review Due Date,False
0ad53526-62cf-405b-aaaf-d62dfa2433b6,Application Intake,date,Completeness Review Due Date,False
0b11ca84-a492-41e1-9fb1-7c988da310ba,Application Intake,date,Completeness Review Due Date,False
0b49419b-eb17-4fb1-99e2-79f58fca2b75,Application Intake,date,Completeness Review Due Date,False
0b8752ca-48d3-4e08-8369-d92c9d1b0427,Application Intake,date,Completeness Review Due Date,False
0c74168d-4ed3-485b-aca4-d82cd5ca4fa5,Application Intake,date,Completeness Review Due Date,False
0cc17b4c-5437-425e-9700-c8e90f09aaf6,Application Intake,date,Completeness Review Due Date,False
0cdb6064-b473-4a2e-bdc2-d6dfded63446,Application Intake,date,Completeness Review Due Date,False
0fbdef7a-fb36-430d-ae8d-0d34882e1c74,Application Intake,date,Completeness Review Due Date,False
0fcfc81f-e55a-4374-ba2b-ec37081df6d3,Application Intake,date,Completeness Review Due Date,False
110f9760-16ff-4adf-8f29-1c0a24db5ca0,Application Intake,date,Completeness Review Due Date,False
11bbbe73-e085-4be3-84ec-70cfb3a2f31b,Application Intake,date,Completeness Review Due Date,False
123b47d8-b25f-448b-a762-b51d97c518dc,Application Intake,date,Completeness Review Due Date,False
13fbcf4d-aaac-4d6f-9c56-1c7de963b003,Application Intake,date,Completeness Review Due Date,False
14631a8e-32a3-4657-a29e-9374112a72e9,Application Intake,date,Completeness Review Due Date,False
150fd48e-7a9a-4417-a4a2-04e6240e0da1,Application Intake,date,Completeness Review Due Date,False
16b94b99-94e4-47f7-86f2-235d6fbbb3f0,Application Intake,date,Completeness Review Due Date,False
17d07543-f9f1-481f-90e3-49125eea23d3,Application Intake,date,Completeness Review Due Date,False
17fae73d-32e2-487b-802d-4245eb8dac1b,Application Intake,date,Completeness Review Due Date,False
18bf9f77-362a-405b-849c-d2c642fcd9b4,Application Intake,date,Completeness Review Due Date,False
194ee888-180e-4ec1-86e2-90ac54999c6e,Application Intake,date,Completeness Review Due Date,False
196cd174-4db0-4d4d-bc83-612c75b53c0c,Application Intake,date,Completeness Review Due Date,False
19cde612-c7fa-42bf-861e-c527ab0b5b6e,Application Intake,date,Completeness Review Due Date,False
1ac4f92b-8b39-4081-ab13-f12d29995ba7,Application Intake,date,Completeness Review Due Date,False
1ad59f7a-cd6e-4454-8809-f1529f4d2590,Application Intake,date,Completeness Review Due Date,False
1b0a267d-bb05-4d13-9499-9ce34b1aff6f,Application Intake,date,Completeness Review Due Date,False
1b155e69-e927-4a64-be66-940ac3093a0d,Application Intake,date,Completeness Review Due Date,False
1b3322cf-8bdf-4cfd-85fc-880f96ae6c78,Application Intake,date,Completeness Review Due Date,False
1b4db82b-54a7-4da0-b5ae-9d677c54a565,Application Intake,date,Completeness Review Due Date,False
1bd03341-d171-424d-8bf8-acb73c44c57a,Application Intake,date,Completeness Review Due Date,False
1c26a74c-03ef-4302-94a0-3b794cf583ab,Application Intake,date,Completeness Review Due Date,False
1cd11925-91b7-4110-b62f-e26f5980e336,Application Intake,date,Completeness Review Due Date,False
1e0a7577-b08e-46bf-8119-1aa425b90334,Application Intake,date,Completeness Review Due Date,False
2071241b-eaec-4108-9ad5-5d5bc6f96071,Application Intake,date,Completeness Review Due Date,False
2073f1f3-9c70-4e27-9f9e-4105c51be8f7,Application Intake,date,Completeness Review Due Date,False
224b4c22-66d1-40fe-ae57-04c911173d74,Application Intake,date,Completeness Review Due Date,False
232ce729-df65-41ad-ae63-40d269cd34aa,Application Intake,date,Completeness Review Due Date,False
26cf0dca-fe07-4614-9ed1-cc59bbad3c76,Application Intake,date,Completeness Review Due Date,False
279bc6a9-6a87-474f-881b-b14b05f731c8,Application Intake,date,Completeness Review Due Date,False
27c14bd5-9e48-4833-8da0-d0bd2727aaec,Application Intake,date,Completeness Review Due Date,False
280e7e47-9d18-4963-bfa5-22dab94f8408,Application Intake,date,Completeness Review Due Date,False
2916eb15-b065-4f44-ac82-a37475aedeab,Application Intake,date,Completeness Review Due Date,False
2accbe88-b9ce-4d0f-8368-d4f8352301a5,Application Intake,date,Completeness Review Due Date,False
2b0c1e40-571d-4b06-975b-02d163f138ae,Application Intake,date,Completeness Review Due Date,False
2b8070d1-36c9-4562-8686-3551ae2ef257,Application Intake,date,Completeness Review Due Date,False
2c51fad0-036e-4062-96d3-f741d1f23341,Application Intake,date,Completeness Review Due Date,False
2d35dad4-a3f0-44e9-b79b-8ae9f29642fe,Application Intake,date,Completeness Review Due Date,False
2d38b1d0-0919-4d3c-8f42-3e6c62683b50,Application Intake,date,Completeness Review Due Date,False
2dc270c0-27f0-4992-8602-1fbbdcafa7b0,Application Intake,date,Completeness Review Due Date,False
2df84448-6f71-4914-b227-3ffbb6c3f3b8,Application Intake,date,Completeness Review Due Date,False
2e8fea71-0bde-4508-8478-9413704abf1d,Application Intake,date,Completeness Review Due Date,False
2f5ee146-d497-4de9-8d00-e67db4a54563,Application Intake,date,Completeness Review Due Date,False
2f94274e-5b24-467e-a3e1-3ea5dd93bbec,Application Intake,date,Completeness Review Due Date,False
30539da0-ca78-4740-a5b1-da3e35a2f472,Application Intake,date,Completeness Review Due Date,False
31afe2bf-4951-4d57-99ba-6394eb5711ba,Application Intake,date,Completeness Review Due Date,False
31c6c568-37af-4d37-887b-636ff767fea1,Application Intake,date,Completeness Review Due Date,False
3208d7be-c6bf-4fe3-b373-f528c99dd548,Application Intake,date,Completeness Review Due Date,False
349f4f06-0e6c-491c-9e39-16073e2ee0f3,Application Intake,date,Completeness Review Due Date,False
356a9ff0-124e-4a2f-9629-08e72f33b78b,Application Intake,date,Completeness Review Due Date,False
35eb3be5-e50e-49d3-bf7c-42fa6f767e87,Application Intake,date,Completeness Review Due Date,False
36b8a283-3e06-49b9-8236-e5947b849673,Application Intake,date,Completeness Review Due Date,False
388ac56a-d77a-47d8-a1a9-223726638ee9,Application Intake,date,Completeness Review Due Date,False
3954a225-e64e-4e6f-badd-e41ef1ed8ec4,Application Intake,date,Completeness Review Due Date,False
396573ba-a1e2-4428-ad77-276a273884ab,Application Intake,date,Completeness Review Due Date,False
3be48392-7bc2-416c-9064-516e8fbca5fd,Application Intake,date,Completeness Review Due Date,False
3c42d745-e2c8-42df-827f-910a55f563bb,Application Intake,date,Completeness Review Due Date,False
3f8ab05e-a761-4775-8d14-dc3b6ac9c42f,Application Intake,date,Completeness Review Due Date,False
3f9b7639-d592-4f2b-8665-806bc4be4817,Application Intake,date,Completeness Review Due Date,False
4273d858-eb53-49ce-892f-da66c13a1041,Application Intake,date,Completeness Review Due Date,False
4278f28d-1806-4898-b56e-5fe6a7cc3bbb,Application Intake,date,Completeness Review Due Date,False
42bda103-5071-4e05-95df-6a21b02309a0,Application Intake,date,Completeness Review Due Date,False
4300b588-9c0e-490d-9b7f-08074583756e,Application Intake,date,Completeness Review Due Date,False
434c0046-5d1d-4558-919b-fefb46dc5e59,Application Intake,date,Completeness Review Due Date,False
43d8b6eb-c59c-4106-ac90-f3a5145d0fc5,Application Intake,date,Completeness Review Due Date,False
43f0f178-3151-4e8f-9836-5c92522c971f,Application Intake,date,Completeness Review Due Date,False
4510420f-1095-4c0c-b6ff-8f909a92ff6b,Application Intake,date,Completeness Review Due Date,False
45460c60-fb59-4c72-87b1-253ff9674656,Application Intake,date,Completeness Review Due Date,False
47d57b40-32df-4108-b2f4-9371b7251603,Application Intake,date,Completeness Review Due Date,False
4ac33e36-e034-4905-bc81-18c4fb117723,Application Intake,date,Completeness Review Due Date,False
4c6f2ef7-46f4-4d5b-b200-dfdc9fc7182c,Application Intake,date,Completeness Review Due Date,False
4c7e1658-26d9-4281-8923-f39602cbe62d,Application Intake,date,Completeness Review Due Date,False
4c859061-4d2d-4ba2-9b25-ed2ea253a660,Application Intake,date,Completeness Review Due Date,False
4d1d0cbd-d678-46bd-9271-5d820b84d247,Application Intake,date,Completeness Review Due Date,False
4df5b564-f29a-4d6f-888a-f45cfafc80a7,Application Intake,date,Completeness Review Due Date,False
4f4ca8f2-642d-486b-9e1b-403d044e0c08,Application Intake,date,Completeness Review Due Date,False
50607850-a7d0-41e6-9e1c-5eaa97970480,Application Intake,date,Completeness Review Due Date,False
51573012-04dc-491f-b41a-0bb4b24efec9,Application Intake,date,Completeness Review Due Date,False
517d3bce-f1df-4b8a-abf5-4714d5dd0e0e,Application Intake,date,Completeness Review Due Date,False
52a0996b-7c44-494d-b776-c61ea23e8151,Application Intake,date,Completeness Review Due Date,False
52e72c12-28f6-40b8-847a-8955b3e9e17e,Application Intake,date,Completeness Review Due Date,False
532eb869-f195-47a4-85d4-c9cd60d5b74d,Application Intake,date,Completeness Review Due Date,False
563107d6-fbe5-4d2e-b9c0-82224b7b799f,Application Intake,date,Completeness Review Due Date,False
563f2f45-f01b-4496-97ed-b87c3c7df7da,Application Intake,date,Completeness Review Due Date,False
5658e206-a582-4aa5-b4c9-8dc15f882ede,Application Intake,date,Completeness Review Due Date,False
592546ba-edaa-4798-a4ba-8ef560f70d8a,Application Intake,date,Completeness Review Due Date,False
59c17cc5-53df-493c-9fe7-8c60fc74b2e9,Application Intake,date,Completeness Review Due Date,False
5a771745-7b29-42b9-b42a-67ae2458aa9f,Application Intake,date,Completeness Review Due Date,False
5b401019-3ea0-4a2b-b244-522d987c44d4,Application Intake,date,Completeness Review Due Date,False
5c691bac-63fb-49b2-8ba2-64943643c0f9,Application Intake,date,Completeness Review Due Date,False
5c9f465d-0d82-45dc-b417-a9f37d22aeca,Application Intake,date,Completeness Review Due Date,False
5d2f4ed6-f0c0-4ca8-b358-0895ecec7264,Application Intake,date,Completeness Review Due Date,False
5d3e70d1-a912-40f5-a96f-2972c859d992,Application Intake,date,Completeness Review Due Date,False
5fe23d01-4b5e-4219-af15-0704686827fc,Application Intake,date,Completeness Review Due Date,False
60ea7851-9e7e-4105-ae9d-fdf7ee9dce7a,Application Intake,date,Completeness Review Due Date,False
6121bb37-1f43-4709-be1d-7e2e0e1524e4,Application Intake,date,Completeness Review Due Date,False
62752f90-fcb7-4eba-9d0d-64cfd883a3f6,Application Intake,date,Completeness Review Due Date,False
644cea4d-9889-4f33-8e94-aba05cac72c7,Application Intake,date,Completeness Review Due Date,False
64d33085-d365-4e7c-9a9a-03f009e60a7d,Application Intake,date,Completeness Review Due Date,False
64d488e8-b0ea-4975-8cab-b5e1c5e7081e,Application Intake,date,Completeness Review Due Date,False
656ea06b-143e-4e04-981b-cc409f142662,Application Intake,date,Completeness Review Due Date,False
658036b5-c984-434a-b72d-88cfcafee003,Application Intake,date,Completeness Review Due Date,False
65abf3d1-0cd4-4d40-bcce-156a76c0a035,Application Intake,date,Completeness Review Due Date,False
65e2a59a-dd59-4fdb-abc6-741972bc1a84,Application Intake,date,Completeness Review Due Date,False
661424ae-5057-4909-bdf3-9ae7ec847d24,Application Intake,date,Completeness Review Due Date,False
674aac2b-0390-4171-8c9d-4c1c3c03a8e6,Application Intake,date,Completeness Review Due Date,False
685474b8-5a90-49b6-aa6c-59b65628eaf9,Application Intake,date,Completeness Review Due Date,False
68fff0c7-741d-465d-971e-9c3aae683fa3,Application Intake,date,Completeness Review Due Date,False
6c913f9b-c332-4952-a70d-1a6231261340,Application Intake,date,Completeness Review Due Date,False
6e11e177-b4ea-45fe-8c56-0af3e9e2e1e6,Application Intake,date,Completeness Review Due Date,False
6e992441-2a89-4294-a7f4-9becec15e22b,Application Intake,date,Completeness Review Due Date,False
6eb1f8a6-6dcb-4f27-990f-3c938fd2478d,Application Intake,date,Completeness Review Due Date,False
6ef3661c-b813-425e-95ee-75a33095b612,Application Intake,date,Completeness Review Due Date,False
6f50e23b-ce21-4e18-8fb6-f7775b89e41e,Application Intake,date,Completeness Review Due Date,False
7113f4e2-9519-404d-bd73-191cffcaaeb7,Application Intake,date,Completeness Review Due Date,False
713bada4-df31-4258-9b20-9dadac43c1cc,Application Intake,date,Completeness Review Due Date,False
71bd7472-26c4-4cd1-a1fd-d23bc11cf9e0,Application Intake,date,Completeness Review Due Date,False
71e8bdde-35a5-43a0-9ebd-53cd29bb5aed,Application Intake,date,Completeness Review Due Date,False
7247c6cc-a4f8-422b-a0d4-eb7023de52c4,Application Intake,date,Completeness Review Due Date,False
72ba07e4-1073-4c30-976b-4c6d836a7afa,Application Intake,date,Completeness Review Due Date,False
7359cb4b-7f34-4322-9379-448e4c4a3ebf,Application Intake,date,Completeness Review Due Date,False
7381c72c-ddc3-406e-82af-988a5972a2c9,Application Intake,date,Completeness Review Due Date,False
753784a3-c5ec-4826-a5ee-dfc9664cbf90,Application Intake,date,Completeness Review Due Date,False
76f5cfc6-aae5-470d-bdd3-9492644e3dbd,Application Intake,date,Completeness Review Due Date,False
77487dfc-4eaa-4b0d-97fc-91b3614a9542,Application Intake,date,Completeness Review Due Date,False
77621ac9-146a-4540-bdf2-e59e63e5278d,Application Intake,date,Completeness Review Due Date,False
79b7bb6e-2230-4d76-a4fc-b498031190a3,Application Intake,date,Completeness Review Due Date,False
79d28d84-31cd-4e95-9e98-92fb3e480065,Application Intake,date,Completeness Review Due Date,False
7ae1272a-e47a-4228-aae8-7855b6737052,Application Intake,date,Completeness Review Due Date,False
7c356590-c4df-4f86-a44e-ab562321ee09,Application Intake,date,Completeness Review Due Date,False
7c43bc46-6034-4df6-a40f-d8bba45e320a,Application Intake,date,Completeness Review Due Date,False
7c66762a-21ce-4e96-a766-1b705463e62c,Application Intake,date,Completeness Review Due Date,False
7c9256d8-ff1b-4208-a542-9c2485ea95d7,Application Intake,date,Completeness Review Due Date,False
7d002e7e-6ac9-47ea-8ae7-5ef111b9202a,Application Intake,date,Completeness Review Due Date,False
7d0bd82d-b71e-48a5-885c-0e6efbccb57b,Application Intake,date,Completeness Review Due Date,False
7e09d6dd-6a16-4878-a186-686978528cb6,Application Intake,date,Completeness Review Due Date,False
7e6ad85c-4984-4a98-87e8-574a2eebdc47,Application Intake,date,Completeness Review Due Date,False
7ee95840-8e0a-4dde-8636-ca10711f046e,Application Intake,date,Completeness Review Due Date,False
7f405a54-2777-4fa1-85c0-8dbaa1c7d361,Application Intake,date,Completeness Review Due Date,False
805e0f96-ad57-490a-b16b-76811f9d3cbe,Application Intake,date,Completeness Review Due Date,False
80a1a128-5ef0-47ba-af5a-d9bb4be2af9f,Application Intake,date,Completeness Review Due Date,False
812eee93-224e-45d1-8b44-b5f112330a1c,Application Intake,date,Completeness Review Due Date,False
8263c0a9-0ff4-42af-a9be-bbc9eac3c117,Application Intake,date,Completeness Review Due Date,False
83c3e37c-2043-4d84-ba05-c305d78b230b,Application Intake,date,Completeness Review Due Date,False
85091d55-a133-4bef-af0a-f8c0ec9f7a55,Application Intake,date,Completeness Review Due Date,False
861404d8-993a-4c33-965d-bc3c1e399e6e,Application Intake,date,Completeness Review Due Date,False
86761e5d-41eb-44ed-8f8b-2ce49781c2be,Application Intake,date,Completeness Review Due Date,False
86ae7990-339a-4643-a194-dd0455c29760,Application Intake,date,Completeness Review Due Date,False
86df92e1-e4ed-47f1-9bdf-56f216818bba,Application Intake,date,Completeness Review Due Date,False
886828db-adcb-49a5-9550-45030a0bf747,Application Intake,date,Completeness Review Due Date,False
89897d99-9c7e-4475-9815-3e71708dd352,Application Intake,date,Completeness Review Due Date,False
8cb9aba6-e34e-451a-81b5-49212188a3a5,Application Intake,date,Completeness Review Due Date,False
8cbe1c30-8b78-4c66-8b4d-1dc6aa90b759,Application Intake,date,Completeness Review Due Date,False
8dd91d38-fbd3-4d49-8735-c3aa42dc6a73,Application Intake,date,Completeness Review Due Date,False
8e1176a4-6d9e-4258-b058-855ee4b31b9d,Application Intake,date,Completeness Review Due Date,False
8f00753c-cc0e-4a2a-a810-2ad6159fb047,Application Intake,date,Completeness Review Due Date,False
8f1f11a7-8398-47e4-8891-9b03b1a8560d,Application Intake,date,Completeness Review Due Date,False
9082ab6c-6c8c-4290-8cb9-0497a54b355b,Application Intake,date,Completeness Review Due Date,False
9125774f-80db-44ba-a2c0-9fdcbd3deef9,Application Intake,date,Completeness Review Due Date,False
9368bc5d-845f-4100-8e38-82a4895b751a,Application Intake,date,Completeness Review Due Date,False
93aac463-f051-4f83-bdf7-8f3a5b6c6205,Application Intake,date,Completeness Review Due Date,False
946c3779-7558-40f6-b24b-e7f1a581f2f5,Application Intake,date,Completeness Review Due Date,False
950fcd2f-4f1f-41dd-bc0d-ac257837771d,Application Intake,date,Completeness Review Due Date,False
96bf3ad9-99db-4a02-be53-a022ee5a272a,Application Intake,date,Completeness Review Due Date,False
982be203-d26f-477d-bcc6-cea99fb4d491,Application Intake,date,Completeness Review Due Date,False
98c57471-6d7f-4432-b122-43ef914f1beb,Application Intake,date,Completeness Review Due Date,False
99b5f4e4-9072-4d43-a767-888ff839fa20,Application Intake,date,Completeness Review Due Date,False
9a7713d3-de8b-44aa-a022-f597dfbf0773,Application Intake,date,Completeness Review Due Date,False
9ad8ca1f-1260-4f7b-b292-d4705c67a713,Application Intake,date,Completeness Review Due Date,False
9b235170-7893-4b07-89a6-d0a338e0cc13,Application Intake,date,Completeness Review Due Date,False
9b75046b-5e27-4b6a-898f-0374e0357255,Application Intake,date,Completeness Review Due Date,False
9beda77c-9c5b-491c-82f2-2ad45f002b6f,Application Intake,date,Completeness Review Due Date,False
9d5f9218-6afd-465f-aea0-783c6494a809,Application Intake,date,Completeness Review Due Date,False
9e0362bb-03dd-4149-9164-5827f02feb08,Application Intake,date,Completeness Review Due Date,False
9f4e6bbb-1e12-45c4-b519-51cb75c49ef4,Application Intake,date,Completeness Review Due Date,False
a0426e42-6d70-4059-b67d-0d0135a58ba8,Application Intake,date,Completeness Review Due Date,False
a07522dd-7b9f-43a8-9afd-7807503c1361,Application Intake,date,Completeness Review Due Date,False
a1720a4f-5984-4b4c-b929-d10fb071ee97,Application Intake,date,Completeness Review Due Date,False
a4c7e4c0-c0d3-4f12-8b13-3d259379ccdc,Application Intake,date,Completeness Review Due Date,False
a4cb9112-817b-4bd9-a566-75fba2a9ac6d,Application Intake,date,Completeness Review Due Date,False
a664bde0-11bc-47f3-876f-392e943b092c,Application Intake,date,Completeness Review Due Date,False
a9341a96-f3ac-4d19-b867-805c1c13e0bf,Application Intake,date,Completeness Review Due Date,False
af7fe1f7-b3b6-4372-bc4f-e4b3c8e8b574,Application Intake,date,Completeness Review Due Date,False
b2b50a67-a9c7-4796-8bbb-2885202e8cf5,Application Intake,date,Completeness Review Due Date,False
b40aacee-3dac-447e-a9b6-23b85ad86812,Application Intake,date,Completeness Review Due Date,False
b4397db8-6c82-4093-8872-91cbf5698efe,Application Intake,date,Completeness Review Due Date,False
b526c4a0-fd7e-4b09-af5f-302fc71143a2,Application Intake,date,Completeness Review Due Date,False
b58d203e-fe49-446d-8872-05ee866c51bc,Application Intake,date,Completeness Review Due Date,False
b646eaa5-5146-42ba-8793-f9ff4daffbfb,Application Intake,date,Completeness Review Due Date,False
b8979015-28d2-462d-b4c9-23e734e74637,Application Intake,date,Completeness Review Due Date,False
b8ca0693-642b-42a5-89d5-a0f271e2beaa,Application Intake,date,Completeness Review Due Date,False
b8ce4b5d-b2e0-49ce-9878-2f77b5da13a3,Application Intake,date,Completeness Review Due Date,False
b93e171d-8d45-4f17-92d5-adac4866e548,Application Intake,date,Completeness Review Due Date,False
b948eef7-7d1c-44a1-bce9-264e1bd1adbd,Application Intake,date,Completeness Review Due Date,False
b973a0b2-97a5-4846-8396-ba03f50995ef,Application Intake,date,Completeness Review Due Date,False
bb46787a-42bc-417f-a7b8-cdef0fda771f,Application Intake,date,Completeness Review Due Date,False
bc2eaa99-81ce-4727-9212-2e647e4e40a1,Application Intake,date,Completeness Review Due Date,False
bc598f12-3acd-4021-9163-0c01c53d11dd,Application Intake,date,Completeness Review Due Date,False
bcff12d0-748c-47e9-ac21-567260b29630,Application Intake,date,Completeness Review Due Date,False
bd04b5ec-78bb-42e4-af8b-28d59388da88,Application Intake,date,Completeness Review Due Date,False
bd48c893-ab19-4763-88b0-91f9347cc516,Application Intake,date,Completeness Review Due Date,False
bd8d30ad-ee9d-4ba5-a2ff-d2940fde0be3,Application Intake,date,Completeness Review Due Date,False
be09c9ac-d9b9-4370-a268-d973ec0d16f5,Application Intake,date,Completeness Review Due Date,False
bf144d9c-f861-4915-9640-faae738fe092,Application Intake,date,Completeness Review Due Date,False
bf354cb7-af95-45ad-9efa-9e9c76184a8a,Application Intake,date,Completeness Review Due Date,False
c0a1acc2-15f1-458d-94b6-c5fed8f205d4,Application Intake,date,Completeness Review Due Date,False
c13062a4-817d-498f-8c5e-e4f449c1d978,Application Intake,date,Completeness Review Due Date,False
c16a997e-e0f9-4347-8494-9ce77a7ad192,Application Intake,date,Completeness Review Due Date,False
c2f49dfd-0b97-4aab-bc5c-416624ae2cf9,Application Intake,date,Completeness Review Due Date,False
c3046e84-add8-4311-8c2b-a4b4b454c7fd,Application Intake,date,Completeness Review Due Date,False
c34edfa1-113c-47c3-8443-aa98f8a984c7,Application Intake,date,Completeness Review Due Date,False
c5798784-3aef-4ad7-b15a-8248b8a7a274,Application Intake,date,Completeness Review Due Date,False
c74f0781-a0c4-4277-9844-6daa46cdc03d,Application Intake,date,Completeness Review Due Date,False
c7b6bc2b-de8c-4594-94a2-f94a7cdbec01,Application Intake,date,Completeness Review Due Date,False
c7c07fe5-ac27-4296-9440-13916aa30f3a,Application Intake,date,Completeness Review Due Date,False
c88d9b17-5c4d-4c6c-b028-d0ba7894ef2f,Application Intake,date,Completeness Review Due Date,False
c8dabc76-00ef-4790-b6bf-569e26aa1ed9,Application Intake,date,Completeness Review Due Date,False
cace5bc9-6f15-4469-b848-03d64fa0662f,Application Intake,date,Completeness Review Due Date,False
cb5f2906-d9da-497b-8695-092e12c18b9e,Application Intake,date,Completeness Review Due Date,False
cb65dde4-8817-4d5e-8d2d-ca9819c0905d,Application Intake,date,Completeness Review Due Date,False
cb7441d0-c691-4dfb-b98d-a2a8f4b7e81f,Application Intake,date,Completeness Review Due Date,False
ccf6abde-3eae-4fb9-a473-bcf38786512f,Application Intake,date,Completeness Review Due Date,False
cd347114-a964-462b-a855-bfd14c955c14,Application Intake,date,Completeness Review Due Date,False
cd8bd6bd-4867-4466-84f4-2d6f204c8628,Application Intake,date,Completeness Review Due Date,False
cdb1dabc-8e0f-4648-9216-4540cfe80211,Application Intake,date,Completeness Review Due Date,False
ce6b5e64-f60b-4661-b1f2-10c25e1c6ad1,Application Intake,date,Completeness Review Due Date,False
cfd0656a-ae45-41c2-bb82-62df6645076f,Application Intake,date,Completeness Review Due Date,False
d2e61c74-178a-4791-b53d-8a1e4ebddd40,Application Intake,date,Completeness Review Due Date,False
d40d1207-a663-40bd-8036-287fc06ea360,Application Intake,date,Completeness Review Due Date,False
d4ce7d33-6c38-4061-85a7-09a7d7be42fd,Application Intake,date,Completeness Review Due Date,False
d74e616c-e6db-4410-9ce1-eadd02eca4e5,Application Intake,date,Completeness Review Due Date,False
d81482a4-fc33-45dc-be8b-9a3a0dd1356e,Application Intake,date,Completeness Review Due Date,False
da5535b9-14bf-48f9-9061-03a8b14f988c,Application Intake,date,Completeness Review Due Date,False
daa5e216-e5ee-4567-a2dc-6165b252b2fb,Application Intake,date,Completeness Review Due Date,False
dac3f05e-1815-4d03-8066-5aa5c1c7ff4a,Application Intake,date,Completeness Review Due Date,False
dbb154f3-4cf5-430e-adbd-df9df5867685,Application Intake,date,Completeness Review Due Date,False
dc8dd640-fc64-4ba3-9894-f243b1e14869,Application Intake,date,Completeness Review Due Date,False
dcdd103d-91da-441d-bd81-3aebf0b31e37,Application Intake,date,Completeness Review Due Date,False
dd544bef-c3da-45bb-b665-546f32a96a7e,Application Intake,date,Completeness Review Due Date,False
e05f17af-8550-4ebe-81d5-e3804993556c,Application Intake,date,Completeness Review Due Date,False
e084fdf7-7572-4eda-9b86-bf3bed22ba02,Application Intake,date,Completeness Review Due Date,False
e14e3eb8-f350-403c-bee3-21868690dfe4,Application Intake,date,Completeness Review Due Date,False
e1db1851-cd99-4ccc-82aa-a2a48982c475,Application Intake,date,Completeness Review Due Date,False
e3b59b4d-8488-4e32-ae71-b6b3c244ef41,Application Intake,date,Completeness Review Due Date,False
e3cbac18-f203-4de2-bda7-dc9a2dc03f58,Application Intake,date,Completeness Review Due Date,False
e4d572d3-49e4-4f44-992a-ea12360501cb,Application Intake,date,Completeness Review Due Date,False
e50ea93d-3fdc-4ca1-b94b-958c044e6330,Application Intake,date,Completeness Review Due Date,False
e576fa42-1317-481f-bb30-8e5b26e96c27,Application Intake,date,Completeness Review Due Date,False
e7572db9-1cc7-4455-9d22-d0d676dd4792,Application Intake,date,Completeness Review Due Date,False
e79fd204-c812-4957-a90a-46c3beb81d56,Application Intake,date,Completeness Review Due Date,False
e7ed830c-61a5-4f3b-b6e0-b7c2f120fd3e,Application Intake,date,Completeness Review Due Date,False
e9225e11-2ed6-4c44-b08b-497ff585e349,Application Intake,date,Completeness Review Due Date,False
ec1d7adf-e662-4db6-a5a5-d6ab811f2d24,Application Intake,date,Completeness Review Due Date,False
ec46307f-ec7b-4e65-a15e-bb1c3d360114,Application Intake,date,Completeness Review Due Date,False
ec76e94b-178b-414b-a442-16cfa3b83a2e,Application Intake,date,Completeness Review Due Date,False
eef2cfd3-6b55-45b0-82ef-17f2d932c519,Application Intake,date,Completeness Review Due Date,False
f13dadee-5052-421c-b42b-3dbba6740c2e,Application Intake,date,Completeness Review Due Date,False
f1ddca41-3217-44af-bcff-bc2e2fd2b710,Application Intake,date,Completeness Review Due Date,False
f28de1d9-0c7f-482b-be4a-37a5010395b6,Application Intake,date,Completeness Review Due Date,False
f35c1cd7-761e-4072-a2d6-1abe8117ced5,Application Intake,date,Completeness Review Due Date,False
f42e43e2-536c-445c-88b3-5ef2a83423ad,Application Intake,date,Completeness Review Due Date,False
f4358c61-6506-497e-a179-dac4603ce4a4,Application Intake,date,Completeness Review Due Date,False
f641320f-8cae-452f-999f-f650d13d24ff,Application Intake,date,Completeness Review Due Date,False
f69d1f8d-849e-4c43-84af-1d6aadb19433,Application Intake,date,Completeness Review Due Date,False
f6eec1f1-9bdc-41ea-a810-e0695dd360b1,Application Intake,date,Completeness Review Due Date,False
f723aea0-4ef8-4a60-b98e-0393f346cfbd,Application Intake,date,Completeness Review Due Date,False
f8750186-e249-4421-8246-abb93a6a80e2,Application Intake,date,Completeness Review Due Date,False
f935244b-2eac-4613-b7fa-d94d731015c5,Application Intake,date,Completeness Review Due Date,False
fa23b695-abaf-4991-a36c-fd3b562bca5d,Application Intake,date,Completeness Review Due Date,False
fa288f4b-d424-4cfa-8faa-c1e2b08dc009,Application Intake,date,Completeness Review Due Date,False
fb5ab5b6-9802-4344-9765-bc636223a99c,Application Intake,date,Completeness Review Due Date,False
fb67f194-6495-46de-b313-f37e3f77892e,Application Intake,date,Completeness Review Due Date,False
fbca251b-1a37-4c01-bc0f-7a8f956e81fd,Application Intake,date,Completeness Review Due Date,False
fc8af835-194a-4fdb-a3db-750a7af79998,Application Intake,date,Completeness Review Due Date,False
fd3ac48a-a385-4ba1-b26f-f078f892ccfc,Application Intake,date,Completeness Review Due Date,False
fe0d0cd6-268b-42a8-a671-88f6cf199192,Application Intake,date,Completeness Review Due Date,False
fe371a3a-ba6b-4f7c-83e7-60f36602e89d,Application Intake,date,Completeness Review Due Date,False
007cc95c-92ae-40cc-850e-50bb331b658d,Application Intake,date,State Application Submitted Date,False
01202dd5-67e9-432f-a5ef-d9e4e49f8f76,Application Intake,date,State Application Submitted Date,False
01dca696-c094-4f14-ade8-c96f19292a92,Application Intake,date,State Application Submitted Date,False
0473183d-2e93-4371-a841-47350d3e765b,Application Intake,date,State Application Submitted Date,False
08ced498-8997-401c-a186-daa67a4ff809,Application Intake,date,State Application Submitted Date,False
08fceebe-6835-408b-97de-b7f3b8522706,Application Intake,date,State Application Submitted Date,False
0965889d-2796-4022-adc9-7ad6b2f7895e,Application Intake,date,State Application Submitted Date,False
09f34d93-656c-4793-ad53-f06d53f03192,Application Intake,date,State Application Submitted Date,False
0aacc3ec-a6fc-41cb-84e3-3fd8ca5f4c25,Application Intake,date,State Application Submitted Date,False
0ad53526-62cf-405b-aaaf-d62dfa2433b6,Application Intake,date,State Application Submitted Date,False
0b8752ca-48d3-4e08-8369-d92c9d1b0427,Application Intake,date,State Application Submitted Date,False
0c74168d-4ed3-485b-aca4-d82cd5ca4fa5,Application Intake,date,State Application Submitted Date,False
0cc17b4c-5437-425e-9700-c8e90f09aaf6,Application Intake,date,State Application Submitted Date,False
0cdb6064-b473-4a2e-bdc2-d6dfded63446,Application Intake,date,State Application Submitted Date,False
110f9760-16ff-4adf-8f29-1c0a24db5ca0,Application Intake,date,State Application Submitted Date,False
11bbbe73-e085-4be3-84ec-70cfb3a2f31b,Application Intake,date,State Application Submitted Date,False
123b47d8-b25f-448b-a762-b51d97c518dc,Application Intake,date,State Application Submitted Date,False
12d5ea2c-39f6-43af-ba29-0226e0daeafe,Application Intake,date,State Application Submitted Date,False
14631a8e-32a3-4657-a29e-9374112a72e9,Application Intake,date,State Application Submitted Date,False
150fd48e-7a9a-4417-a4a2-04e6240e0da1,Application Intake,date,State Application Submitted Date,False
16b94b99-94e4-47f7-86f2-235d6fbbb3f0,Application Intake,date,State Application Submitted Date,False
17d07543-f9f1-481f-90e3-49125eea23d3,Application Intake,date,State Application Submitted Date,False
17fae73d-32e2-487b-802d-4245eb8dac1b,Application Intake,date,State Application Submitted Date,False
194ee888-180e-4ec1-86e2-90ac54999c6e,Application Intake,date,State Application Submitted Date,False
196cd174-4db0-4d4d-bc83-612c75b53c0c,Application Intake,date,State Application Submitted Date,False
1ad59f7a-cd6e-4454-8809-f1529f4d2590,Application Intake,date,State Application Submitted Date,False
1b155e69-e927-4a64-be66-940ac3093a0d,Application Intake,date,State Application Submitted Date,False
1b3322cf-8bdf-4cfd-85fc-880f96ae6c78,Application Intake,date,State Application Submitted Date,False
1bd03341-d171-424d-8bf8-acb73c44c57a,Application Intake,date,State Application Submitted Date,False
1c26a74c-03ef-4302-94a0-3b794cf583ab,Application Intake,date,State Application Submitted Date,False
1e0a7577-b08e-46bf-8119-1aa425b90334,Application Intake,date,State Application Submitted Date,False
2071241b-eaec-4108-9ad5-5d5bc6f96071,Application Intake,date,State Application Submitted Date,False
2073f1f3-9c70-4e27-9f9e-4105c51be8f7,Application Intake,date,State Application Submitted Date,False
20cf31ac-c083-4d90-8028-8685c18a1751,Application Intake,date,State Application Submitted Date,False
224b4c22-66d1-40fe-ae57-04c911173d74,Application Intake,date,State Application Submitted Date,False
24d0aa55-6041-43b0-8e4b-5ef69afa5505,Application Intake,date,State Application Submitted Date,False
279bc6a9-6a87-474f-881b-b14b05f731c8,Application Intake,date,State Application Submitted Date,False
27c14bd5-9e48-4833-8da0-d0bd2727aaec,Application Intake,date,State Application Submitted Date,False
280e7e47-9d18-4963-bfa5-22dab94f8408,Application Intake,date,State Application Submitted Date,False
2916eb15-b065-4f44-ac82-a37475aedeab,Application Intake,date,State Application Submitted Date,False
291eb311-4a9a-48ff-b096-fd0df6e11d73,Application Intake,date,State Application Submitted Date,False
2accbe88-b9ce-4d0f-8368-d4f8352301a5,Application Intake,date,State Application Submitted Date,False
2b0c1e40-571d-4b06-975b-02d163f138ae,Application Intake,date,State Application Submitted Date,False
2b8070d1-36c9-4562-8686-3551ae2ef257,Application Intake,date,State Application Submitted Date,False
2c51fad0-036e-4062-96d3-f741d1f23341,Application Intake,date,State Application Submitted Date,False
2d35dad4-a3f0-44e9-b79b-8ae9f29642fe,Application Intake,date,State Application Submitted Date,False
2df84448-6f71-4914-b227-3ffbb6c3f3b8,Application Intake,date,State Application Submitted Date,False
2e8fea71-0bde-4508-8478-9413704abf1d,Application Intake,date,State Application Submitted Date,False
2f359794-acc9-448b-9d78-688316494cdb,Application Intake,date,State Application Submitted Date,False
2f5ee146-d497-4de9-8d00-e67db4a54563,Application Intake,date,State Application Submitted Date,False
2f94274e-5b24-467e-a3e1-3ea5dd93bbec,Application Intake,date,State Application Submitted Date,False
30539da0-ca78-4740-a5b1-da3e35a2f472,Application Intake,date,State Application Submitted Date,False
31c6c568-37af-4d37-887b-636ff767fea1,Application Intake,date,State Application Submitted Date,False
3208d7be-c6bf-4fe3-b373-f528c99dd548,Application Intake,date,State Application Submitted Date,False
356a9ff0-124e-4a2f-9629-08e72f33b78b,Application Intake,date,State Application Submitted Date,False
35eb3be5-e50e-49d3-bf7c-42fa6f767e87,Application Intake,date,State Application Submitted Date,False
36b8a283-3e06-49b9-8236-e5947b849673,Application Intake,date,State Application Submitted Date,False
3954a225-e64e-4e6f-badd-e41ef1ed8ec4,Application Intake,date,State Application Submitted Date,False
396573ba-a1e2-4428-ad77-276a273884ab,Application Intake,date,State Application Submitted Date,False
3c42d745-e2c8-42df-827f-910a55f563bb,Application Intake,date,State Application Submitted Date,False
3f8ab05e-a761-4775-8d14-dc3b6ac9c42f,Application Intake,date,State Application Submitted Date,False
3f9b7639-d592-4f2b-8665-806bc4be4817,Application Intake,date,State Application Submitted Date,False
4273d858-eb53-49ce-892f-da66c13a1041,Application Intake,date,State Application Submitted Date,False
4278f28d-1806-4898-b56e-5fe6a7cc3bbb,Application Intake,date,State Application Submitted Date,False
42bda103-5071-4e05-95df-6a21b02309a0,Application Intake,date,State Application Submitted Date,False
434c0046-5d1d-4558-919b-fefb46dc5e59,Application Intake,date,State Application Submitted Date,False
43d8b6eb-c59c-4106-ac90-f3a5145d0fc5,Application Intake,date,State Application Submitted Date,False
4510420f-1095-4c0c-b6ff-8f909a92ff6b,Application Intake,date,State Application Submitted Date,False
45460c60-fb59-4c72-87b1-253ff9674656,Application Intake,date,State Application Submitted Date,False
47d34a19-20af-453d-ab23-0220c875f015,Application Intake,date,State Application Submitted Date,False
4c6c743f-8114-4aa5-a6b8-791fe18d1f92,Application Intake,date,State Application Submitted Date,False
4c6dc7a2-d2cb-43e4-b152-40125666dab8,Application Intake,date,State Application Submitted Date,False
4c6f2ef7-46f4-4d5b-b200-dfdc9fc7182c,Application Intake,date,State Application Submitted Date,False
4c7e1658-26d9-4281-8923-f39602cbe62d,Application Intake,date,State Application Submitted Date,False
4c859061-4d2d-4ba2-9b25-ed2ea253a660,Application Intake,date,State Application Submitted Date,False
4d1d0cbd-d678-46bd-9271-5d820b84d247,Application Intake,date,State Application Submitted Date,False
4df5b564-f29a-4d6f-888a-f45cfafc80a7,Application Intake,date,State Application Submitted Date,False
4f4ca8f2-642d-486b-9e1b-403d044e0c08,Application Intake,date,State Application Submitted Date,False
50607850-a7d0-41e6-9e1c-5eaa97970480,Application Intake,date,State Application Submitted Date,False
52a0996b-7c44-494d-b776-c61ea23e8151,Application Intake,date,State Application Submitted Date,False
52e72c12-28f6-40b8-847a-8955b3e9e17e,Application Intake,date,State Application Submitted Date,False
532eb869-f195-47a4-85d4-c9cd60d5b74d,Application Intake,date,State Application Submitted Date,False
563107d6-fbe5-4d2e-b9c0-82224b7b799f,Application Intake,date,State Application Submitted Date,False
563f2f45-f01b-4496-97ed-b87c3c7df7da,Application Intake,date,State Application Submitted Date,False
5658e206-a582-4aa5-b4c9-8dc15f882ede,Application Intake,date,State Application Submitted Date,False
592546ba-edaa-4798-a4ba-8ef560f70d8a,Application Intake,date,State Application Submitted Date,False
59c17cc5-53df-493c-9fe7-8c60fc74b2e9,Application Intake,date,State Application Submitted Date,False
5a771745-7b29-42b9-b42a-67ae2458aa9f,Application Intake,date,State Application Submitted Date,False
5a88a48c-be2a-4ea2-a58e-c18791fe9104,Application Intake,date,State Application Submitted Date,False
5b401019-3ea0-4a2b-b244-522d987c44d4,Application Intake,date,State Application Submitted Date,False
5c34d3d0-1936-4271-8fd6-75df66ff3866,Application Intake,date,State Application Submitted Date,False
5c691bac-63fb-49b2-8ba2-64943643c0f9,Application Intake,date,State Application Submitted Date,False
5d3e70d1-a912-40f5-a96f-2972c859d992,Application Intake,date,State Application Submitted Date,False
5d57bdd1-b045-435e-b7b4-64a57a0b451c,Application Intake,date,State Application Submitted Date,False
5fe23d01-4b5e-4219-af15-0704686827fc,Application Intake,date,State Application Submitted Date,False
62752f90-fcb7-4eba-9d0d-64cfd883a3f6,Application Intake,date,State Application Submitted Date,False
644cea4d-9889-4f33-8e94-aba05cac72c7,Application Intake,date,State Application Submitted Date,False
64d33085-d365-4e7c-9a9a-03f009e60a7d,Application Intake,date,State Application Submitted Date,False
64d488e8-b0ea-4975-8cab-b5e1c5e7081e,Application Intake,date,State Application Submitted Date,False
658036b5-c984-434a-b72d-88cfcafee003,Application Intake,date,State Application Submitted Date,False
65e2a59a-dd59-4fdb-abc6-741972bc1a84,Application Intake,date,State Application Submitted Date,False
661424ae-5057-4909-bdf3-9ae7ec847d24,Application Intake,date,State Application Submitted Date,False
685474b8-5a90-49b6-aa6c-59b65628eaf9,Application Intake,date,State Application Submitted Date,False
68fff0c7-741d-465d-971e-9c3aae683fa3,Application Intake,date,State Application Submitted Date,False
6c913f9b-c332-4952-a70d-1a6231261340,Application Intake,date,State Application Submitted Date,False
6e8a0329-4bdb-454f-bf70-3718526ded6b,Application Intake,date,State Application Submitted Date,False
6e992441-2a89-4294-a7f4-9becec15e22b,Application Intake,date,State Application Submitted Date,False
6eb1f8a6-6dcb-4f27-990f-3c938fd2478d,Application Intake,date,State Application Submitted Date,False
6ef3661c-b813-425e-95ee-75a33095b612,Application Intake,date,State Application Submitted Date,False
6f50e23b-ce21-4e18-8fb6-f7775b89e41e,Application Intake,date,State Application Submitted Date,False
713bada4-df31-4258-9b20-9dadac43c1cc,Application Intake,date,State Application Submitted Date,False
7381c72c-ddc3-406e-82af-988a5972a2c9,Application Intake,date,State Application Submitted Date,False
753784a3-c5ec-4826-a5ee-dfc9664cbf90,Application Intake,date,State Application Submitted Date,False
77487dfc-4eaa-4b0d-97fc-91b3614a9542,Application Intake,date,State Application Submitted Date,False
79b7bb6e-2230-4d76-a4fc-b498031190a3,Application Intake,date,State Application Submitted Date,False
79d28d84-31cd-4e95-9e98-92fb3e480065,Application Intake,date,State Application Submitted Date,False
7c356590-c4df-4f86-a44e-ab562321ee09,Application Intake,date,State Application Submitted Date,False
7c43bc46-6034-4df6-a40f-d8bba45e320a,Application Intake,date,State Application Submitted Date,False
7d002e7e-6ac9-47ea-8ae7-5ef111b9202a,Application Intake,date,State Application Submitted Date,False
7e09d6dd-6a16-4878-a186-686978528cb6,Application Intake,date,State Application Submitted Date,False
7ee95840-8e0a-4dde-8636-ca10711f046e,Application Intake,date,State Application Submitted Date,False
7f405a54-2777-4fa1-85c0-8dbaa1c7d361,Application Intake,date,State Application Submitted Date,False
805e0f96-ad57-490a-b16b-76811f9d3cbe,Application Intake,date,State Application Submitted Date,False
812eee93-224e-45d1-8b44-b5f112330a1c,Application Intake,date,State Application Submitted Date,False
81e1fec1-9bde-4a7a-ae6e-2b00df15a2cd,Application Intake,date,State Application Submitted Date,False
8263c0a9-0ff4-42af-a9be-bbc9eac3c117,Application Intake,date,State Application Submitted Date,False
85091d55-a133-4bef-af0a-f8c0ec9f7a55,Application Intake,date,State Application Submitted Date,False
861404d8-993a-4c33-965d-bc3c1e399e6e,Application Intake,date,State Application Submitted Date,False
86761e5d-41eb-44ed-8f8b-2ce49781c2be,Application Intake,date,State Application Submitted Date,False
86ae7990-339a-4643-a194-dd0455c29760,Application Intake,date,State Application Submitted Date,False
86df92e1-e4ed-47f1-9bdf-56f216818bba,Application Intake,date,State Application Submitted Date,False
886828db-adcb-49a5-9550-45030a0bf747,Application Intake,date,State Application Submitted Date,False
89897d99-9c7e-4475-9815-3e71708dd352,Application Intake,date,State Application Submitted Date,False
8cbe1c30-8b78-4c66-8b4d-1dc6aa90b759,Application Intake,date,State Application Submitted Date,False
8dd91d38-fbd3-4d49-8735-c3aa42dc6a73,Application Intake,date,State Application Submitted Date,False
8e1176a4-6d9e-4258-b058-855ee4b31b9d,Application Intake,date,State Application Submitted Date,False
8f00753c-cc0e-4a2a-a810-2ad6159fb047,Application Intake,date,State Application Submitted Date,False
8f1f11a7-8398-47e4-8891-9b03b1a8560d,Application Intake,date,State Application Submitted Date,False
8ffa4527-5033-4710-8777-0b7629a3cd04,Application Intake,date,State Application Submitted Date,False
9082ab6c-6c8c-4290-8cb9-0497a54b355b,Application Intake,date,State Application Submitted Date,False
9368bc5d-845f-4100-8e38-82a4895b751a,Application Intake,date,State Application Submitted Date,False
93aac463-f051-4f83-bdf7-8f3a5b6c6205,Application Intake,date,State Application Submitted Date,False
950fcd2f-4f1f-41dd-bc0d-ac257837771d,Application Intake,date,State Application Submitted Date,False
982be203-d26f-477d-bcc6-cea99fb4d491,Application Intake,date,State Application Submitted Date,False
98c57471-6d7f-4432-b122-43ef914f1beb,Application Intake,date,State Application Submitted Date,False
98f9e541-362d-4893-ad83-81bdfea6d66c,Application Intake,date,State Application Submitted Date,False
99b5f4e4-9072-4d43-a767-888ff839fa20,Application Intake,date,State Application Submitted Date,False
9a7713d3-de8b-44aa-a022-f597dfbf0773,Application Intake,date,State Application Submitted Date,False
9ad8ca1f-1260-4f7b-b292-d4705c67a713,Application Intake,date,State Application Submitted Date,False
9b235170-7893-4b07-89a6-d0a338e0cc13,Application Intake,date,State Application Submitted Date,False
9b75046b-5e27-4b6a-898f-0374e0357255,Application Intake,date,State Application Submitted Date,False
9beda77c-9c5b-491c-82f2-2ad45f002b6f,Application Intake,date,State Application Submitted Date,False
9d5f9218-6afd-465f-aea0-783c6494a809,Application Intake,date,State Application Submitted Date,False
9f4e6bbb-1e12-45c4-b519-51cb75c49ef4,Application Intake,date,State Application Submitted Date,False
a07522dd-7b9f-43a8-9afd-7807503c1361,Application Intake,date,State Application Submitted Date,False
a4cb9112-817b-4bd9-a566-75fba2a9ac6d,Application Intake,date,State Application Submitted Date,False
a664bde0-11bc-47f3-876f-392e943b092c,Application Intake,date,State Application Submitted Date,False
a9341a96-f3ac-4d19-b867-805c1c13e0bf,Application Intake,date,State Application Submitted Date,False
af7fe1f7-b3b6-4372-bc4f-e4b3c8e8b574,Application Intake,date,State Application Submitted Date,False
b40aacee-3dac-447e-a9b6-23b85ad86812,Application Intake,date,State Application Submitted Date,False
b4fdb539-22a8-407f-8ce0-1226acac5b27,Application Intake,date,State Application Submitted Date,False
b526c4a0-fd7e-4b09-af5f-302fc71143a2,Application Intake,date,State Application Submitted Date,False
b646eaa5-5146-42ba-8793-f9ff4daffbfb,Application Intake,date,State Application Submitted Date,False
b8979015-28d2-462d-b4c9-23e734e74637,Application Intake,date,State Application Submitted Date,False
b8ca0693-642b-42a5-89d5-a0f271e2beaa,Application Intake,date,State Application Submitted Date,False
b93e171d-8d45-4f17-92d5-adac4866e548,Application Intake,date,State Application Submitted Date,False
bcff12d0-748c-47e9-ac21-567260b29630,Application Intake,date,State Application Submitted Date,False
bd04b5ec-78bb-42e4-af8b-28d59388da88,Application Intake,date,State Application Submitted Date,False
bd48c893-ab19-4763-88b0-91f9347cc516,Application Intake,date,State Application Submitted Date,False
bd8d30ad-ee9d-4ba5-a2ff-d2940fde0be3,Application Intake,date,State Application Submitted Date,False
bf144d9c-f861-4915-9640-faae738fe092,Application Intake,date,State Application Submitted Date,False
bf1f52ca-0c3b-4f54-ad12-a2b503b76c7a,Application Intake,date,State Application Submitted Date,False
c0a1acc2-15f1-458d-94b6-c5fed8f205d4,Application Intake,date,State Application Submitted Date,False
c13062a4-817d-498f-8c5e-e4f449c1d978,Application Intake,date,State Application Submitted Date,False
c16a997e-e0f9-4347-8494-9ce77a7ad192,Application Intake,date,State Application Submitted Date,False
c2f49dfd-0b97-4aab-bc5c-416624ae2cf9,Application Intake,date,State Application Submitted Date,False
c5798784-3aef-4ad7-b15a-8248b8a7a274,Application Intake,date,State Application Submitted Date,False
c74f0781-a0c4-4277-9844-6daa46cdc03d,Application Intake,date,State Application Submitted Date,False
c7b6bc2b-de8c-4594-94a2-f94a7cdbec01,Application Intake,date,State Application Submitted Date,False
c88d9b17-5c4d-4c6c-b028-d0ba7894ef2f,Application Intake,date,State Application Submitted Date,False
c8dabc76-00ef-4790-b6bf-569e26aa1ed9,Application Intake,date,State Application Submitted Date,False
c948646b-f026-482b-a299-c42a17ab7c62,Application Intake,date,State Application Submitted Date,False
ca1d4801-fc20-45e9-9f7e-8d7d5f7746ad,Application Intake,date,State Application Submitted Date,False
cace5bc9-6f15-4469-b848-03d64fa0662f,Application Intake,date,State Application Submitted Date,False
cb5f2906-d9da-497b-8695-092e12c18b9e,Application Intake,date,State Application Submitted Date,False
cb65dde4-8817-4d5e-8d2d-ca9819c0905d,Application Intake,date,State Application Submitted Date,False
cd264625-039e-4096-acc7-cb52f69da2d8,Application Intake,date,State Application Submitted Date,False
cd347114-a964-462b-a855-bfd14c955c14,Application Intake,date,State Application Submitted Date,False
cd8bd6bd-4867-4466-84f4-2d6f204c8628,Application Intake,date,State Application Submitted Date,False
cdb1dabc-8e0f-4648-9216-4540cfe80211,Application Intake,date,State Application Submitted Date,False
ce6b5e64-f60b-4661-b1f2-10c25e1c6ad1,Application Intake,date,State Application Submitted Date,False
d2e61c74-178a-4791-b53d-8a1e4ebddd40,Application Intake,date,State Application Submitted Date,False
d4ce7d33-6c38-4061-85a7-09a7d7be42fd,Application Intake,date,State Application Submitted Date,False
d81482a4-fc33-45dc-be8b-9a3a0dd1356e,Application Intake,date,State Application Submitted Date,False
da5535b9-14bf-48f9-9061-03a8b14f988c,Application Intake,date,State Application Submitted Date,False
daa5e216-e5ee-4567-a2dc-6165b252b2fb,Application Intake,date,State Application Submitted Date,False
dbb154f3-4cf5-430e-adbd-df9df5867685,Application Intake,date,State Application Submitted Date,False
dc8dd640-fc64-4ba3-9894-f243b1e14869,Application Intake,date,State Application Submitted Date,False
dd2fb878-c1f6-4cdc-bf30-53b78a858f68,Application Intake,date,State Application Submitted Date,False
dd544bef-c3da-45bb-b665-546f32a96a7e,Application Intake,date,State Application Submitted Date,False
e084fdf7-7572-4eda-9b86-bf3bed22ba02,Application Intake,date,State Application Submitted Date,False
e0cbb5b9-393e-4b35-8d2c-f5e3adf551af,Application Intake,date,State Application Submitted Date,False
e1db1851-cd99-4ccc-82aa-a2a48982c475,Application Intake,date,State Application Submitted Date,False
e3cbac18-f203-4de2-bda7-dc9a2dc03f58,Application Intake,date,State Application Submitted Date,False
e4d572d3-49e4-4f44-992a-ea12360501cb,Application Intake,date,State Application Submitted Date,False
e50ea93d-3fdc-4ca1-b94b-958c044e6330,Application Intake,date,State Application Submitted Date,False
e576fa42-1317-481f-bb30-8e5b26e96c27,Application Intake,date,State Application Submitted Date,False
e7572db9-1cc7-4455-9d22-d0d676dd4792,Application Intake,date,State Application Submitted Date,False
e79fd204-c812-4957-a90a-46c3beb81d56,Application Intake,date,State Application Submitted Date,False
e7ed830c-61a5-4f3b-b6e0-b7c2f120fd3e,Application Intake,date,State Application Submitted Date,False
ec1d7adf-e662-4db6-a5a5-d6ab811f2d24,Application Intake,date,State Application Submitted Date,False
ec76e94b-178b-414b-a442-16cfa3b83a2e,Application Intake,date,State Application Submitted Date,False
ecc9c0ed-2d1d-4a59-9d83-4c3431cfb144,Application Intake,date,State Application Submitted Date,False
ed53410f-9827-495c-9d86-0d65a2ffc847,Application Intake,date,State Application Submitted Date,False
eee52288-0cd7-4fe4-9e6a-a85ace8df4b4,Application Intake,date,State Application Submitted Date,False
eef2cfd3-6b55-45b0-82ef-17f2d932c519,Application Intake,date,State Application Submitted Date,False
f13dadee-5052-421c-b42b-3dbba6740c2e,Application Intake,date,State Application Submitted Date,False
f1ddca41-3217-44af-bcff-bc2e2fd2b710,Application Intake,date,State Application Submitted Date,False
f1f0fbcd-558c-4f0b-96a0-3004ae019846,Application Intake,date,State Application Submitted Date,False
f35c1cd7-761e-4072-a2d6-1abe8117ced5,Application Intake,date,State Application Submitted Date,False
f42e43e2-536c-445c-88b3-5ef2a83423ad,Application Intake,date,State Application Submitted Date,False
f4358c61-6506-497e-a179-dac4603ce4a4,Application Intake,date,State Application Submitted Date,False
f69d1f8d-849e-4c43-84af-1d6aadb19433,Application Intake,date,State Application Submitted Date,False
f6eec1f1-9bdc-41ea-a810-e0695dd360b1,Application Intake,date,State Application Submitted Date,False
fa288f4b-d424-4cfa-8faa-c1e2b08dc009,Application Intake,date,State Application Submitted Date,False
fb5ab5b6-9802-4344-9765-bc636223a99c,Application Intake,date,State Application Submitted Date,False
fd3ac48a-a385-4ba1-b26f-f078f892ccfc,Application Intake,date,State Application Submitted Date,False
007cc95c-92ae-40cc-850e-50bb331b658d,Application Intake,document,State Application,False
01202dd5-67e9-432f-a5ef-d9e4e49f8f76,Application Intake,document,State Application,False
0181f074-ee92-420b-822d-aedfadcd4c7d,Application Intake,document,State Application,False
01dca696-c094-4f14-ade8-c96f19292a92,Application Intake,document,State Application,False
0473183d-2e93-4371-a841-47350d3e765b,Application Intake,document,State Application,False
08a66d07-dfe1-4225-b3d1-cf7604909b58,Application Intake,document,State Application,False
08ced498-8997-401c-a186-daa67a4ff809,Application Intake,document,State Application,False
08fceebe-6835-408b-97de-b7f3b8522706,Application Intake,document,State Application,False
0965889d-2796-4022-adc9-7ad6b2f7895e,Application Intake,document,State Application,False
0977ad7f-a35c-4e4e-b50b-2f1834ad5014,Application Intake,document,State Application,False
09f34d93-656c-4793-ad53-f06d53f03192,Application Intake,document,State Application,False
0a7679ae-d047-49fb-9996-9c5c497a1ad5,Application Intake,document,State Application,False
0aacc3ec-a6fc-41cb-84e3-3fd8ca5f4c25,Application Intake,document,State Application,False
0ad53526-62cf-405b-aaaf-d62dfa2433b6,Application Intake,document,State Application,False
0b11ca84-a492-41e1-9fb1-7c988da310ba,Application Intake,document,State Application,False
0b49419b-eb17-4fb1-99e2-79f58fca2b75,Application Intake,document,State Application,False
0b8752ca-48d3-4e08-8369-d92c9d1b0427,Application Intake,document,State Application,False
0c74168d-4ed3-485b-aca4-d82cd5ca4fa5,Application Intake,document,State Application,False
0cc17b4c-5437-425e-9700-c8e90f09aaf6,Application Intake,document,State Application,False
0cdb6064-b473-4a2e-bdc2-d6dfded63446,Application Intake,document,State Application,False
0fbdef7a-fb36-430d-ae8d-0d34882e1c74,Application Intake,document,State Application,False
0fcfc81f-e55a-4374-ba2b-ec37081df6d3,Application Intake,document,State Application,False
110f9760-16ff-4adf-8f29-1c0a24db5ca0,Application Intake,document,State Application,False
11bbbe73-e085-4be3-84ec-70cfb3a2f31b,Application Intake,document,State Application,False
123b47d8-b25f-448b-a762-b51d97c518dc,Application Intake,document,State Application,False
12d5ea2c-39f6-43af-ba29-0226e0daeafe,Application Intake,document,State Application,False
13fbcf4d-aaac-4d6f-9c56-1c7de963b003,Application Intake,document,State Application,False
14631a8e-32a3-4657-a29e-9374112a72e9,Application Intake,document,State Application,False
14c27c1b-f1a4-4c07-9999-0f2cd25078ff,Application Intake,document,State Application,False
150fd48e-7a9a-4417-a4a2-04e6240e0da1,Application Intake,document,State Application,False
16b94b99-94e4-47f7-86f2-235d6fbbb3f0,Application Intake,document,State Application,False
17d07543-f9f1-481f-90e3-49125eea23d3,Application Intake,document,State Application,False
17fae73d-32e2-487b-802d-4245eb8dac1b,Application Intake,document,State Application,False
18bf9f77-362a-405b-849c-d2c642fcd9b4,Application Intake,document,State Application,False
194ee888-180e-4ec1-86e2-90ac54999c6e,Application Intake,document,State Application,False
1954dc33-d848-47e8-ab15-15f3194fc715,Application Intake,document,State Application,False
196cd174-4db0-4d4d-bc83-612c75b53c0c,Application Intake,document,State Application,False
19cde612-c7fa-42bf-861e-c527ab0b5b6e,Application Intake,document,State Application,False
1ac4f92b-8b39-4081-ab13-f12d29995ba7,Application Intake,document,State Application,False
1ad59f7a-cd6e-4454-8809-f1529f4d2590,Application Intake,document,State Application,False
1b0a267d-bb05-4d13-9499-9ce34b1aff6f,Application Intake,document,State Application,False
1b155e69-e927-4a64-be66-940ac3093a0d,Application Intake,document,State Application,False
1b3322cf-8bdf-4cfd-85fc-880f96ae6c78,Application Intake,document,State Application,False
1b4db82b-54a7-4da0-b5ae-9d677c54a565,Application Intake,document,State Application,False
1bd03341-d171-424d-8bf8-acb73c44c57a,Application Intake,document,State Application,False
1c26a74c-03ef-4302-94a0-3b794cf583ab,Application Intake,document,State Application,False
1cd11925-91b7-4110-b62f-e26f5980e336,Application Intake,document,State Application,False
1e0a7577-b08e-46bf-8119-1aa425b90334,Application Intake,document,State Application,False
2071241b-eaec-4108-9ad5-5d5bc6f96071,Application Intake,document,State Application,False
2073f1f3-9c70-4e27-9f9e-4105c51be8f7,Application Intake,document,State Application,False
20cf31ac-c083-4d90-8028-8685c18a1751,Application Intake,document,State Application,False
224b4c22-66d1-40fe-ae57-04c911173d74,Application Intake,document,State Application,False
232ce729-df65-41ad-ae63-40d269cd34aa,Application Intake,document,State Application,False
24d0aa55-6041-43b0-8e4b-5ef69afa5505,Application Intake,document,State Application,False
26cf0dca-fe07-4614-9ed1-cc59bbad3c76,Application Intake,document,State Application,False
279bc6a9-6a87-474f-881b-b14b05f731c8,Application Intake,document,State Application,False
27c14bd5-9e48-4833-8da0-d0bd2727aaec,Application Intake,document,State Application,False
280e7e47-9d18-4963-bfa5-22dab94f8408,Application Intake,document,State Application,False
2916eb15-b065-4f44-ac82-a37475aedeab,Application Intake,document,State Application,False
291eb311-4a9a-48ff-b096-fd0df6e11d73,Application Intake,document,State Application,False
2accbe88-b9ce-4d0f-8368-d4f8352301a5,Application Intake,document,State Application,False
2b0c1e40-571d-4b06-975b-02d163f138ae,Application Intake,document,State Application,False
2b8070d1-36c9-4562-8686-3551ae2ef257,Application Intake,document,State Application,False
2c51fad0-036e-4062-96d3-f741d1f23341,Application Intake,document,State Application,False
2d35dad4-a3f0-44e9-b79b-8ae9f29642fe,Application Intake,document,State Application,False
2d38b1d0-0919-4d3c-8f42-3e6c62683b50,Application Intake,document,State Application,False
2dc270c0-27f0-4992-8602-1fbbdcafa7b0,Application Intake,document,State Application,False
2df84448-6f71-4914-b227-3ffbb6c3f3b8,Application Intake,document,State Application,False
2e8fea71-0bde-4508-8478-9413704abf1d,Application Intake,document,State Application,False
2f359794-acc9-448b-9d78-688316494cdb,Application Intake,document,State Application,False
2f5ee146-d497-4de9-8d00-e67db4a54563,Application Intake,document,State Application,False
2f94274e-5b24-467e-a3e1-3ea5dd93bbec,Application Intake,document,State Application,False
30539da0-ca78-4740-a5b1-da3e35a2f472,Application Intake,document,State Application,False
31afe2bf-4951-4d57-99ba-6394eb5711ba,Application Intake,document,State Application,False
31c6c568-37af-4d37-887b-636ff767fea1,Application Intake,document,State Application,False
3208d7be-c6bf-4fe3-b373-f528c99dd548,Application Intake,document,State Application,False
349f4f06-0e6c-491c-9e39-16073e2ee0f3,Application Intake,document,State Application,False
356a9ff0-124e-4a2f-9629-08e72f33b78b,Application Intake,document,State Application,False
35eb3be5-e50e-49d3-bf7c-42fa6f767e87,Application Intake,document,State Application,False
36b8a283-3e06-49b9-8236-e5947b849673,Application Intake,document,State Application,False
388ac56a-d77a-47d8-a1a9-223726638ee9,Application Intake,document,State Application,False
3954a225-e64e-4e6f-badd-e41ef1ed8ec4,Application Intake,document,State Application,False
396573ba-a1e2-4428-ad77-276a273884ab,Application Intake,document,State Application,False
3be48392-7bc2-416c-9064-516e8fbca5fd,Application Intake,document,State Application,False
3c42d745-e2c8-42df-827f-910a55f563bb,Application Intake,document,State Application,False
3f8ab05e-a761-4775-8d14-dc3b6ac9c42f,Application Intake,document,State Application,False
3f9b7639-d592-4f2b-8665-806bc4be4817,Application Intake,document,State Application,False
41ec9d51-efde-4812-8ea6-541a7ff514a0,Application Intake,document,State Application,False
42526f23-48f1-49b5-9fde-d5c39fb878ce,Application Intake,document,State Application,False
4273d858-eb53-49ce-892f-da66c13a1041,Application Intake,document,State Application,False
4278f28d-1806-4898-b56e-5fe6a7cc3bbb,Application Intake,document,State Application,False
42bda103-5071-4e05-95df-6a21b02309a0,Application Intake,document,State Application,False
4300b588-9c0e-490d-9b7f-08074583756e,Application Intake,document,State Application,False
434c0046-5d1d-4558-919b-fefb46dc5e59,Application Intake,document,State Application,False
43d8b6eb-c59c-4106-ac90-f3a5145d0fc5,Application Intake,document,State Application,False
43f0f178-3151-4e8f-9836-5c92522c971f,Application Intake,document,State Application,False
4510420f-1095-4c0c-b6ff-8f909a92ff6b,Application Intake,document,State Application,False
45460c60-fb59-4c72-87b1-253ff9674656,Application Intake,document,State Application,False
47d34a19-20af-453d-ab23-0220c875f015,Application Intake,document,State Application,False
47d57b40-32df-4108-b2f4-9371b7251603,Application Intake,document,State Application,False
4a9b897c-da61-4e97-a8e9-e4bc2ce93e96,Application Intake,document,State Application,False
4ac33e36-e034-4905-bc81-18c4fb117723,Application Intake,document,State Application,False
4c6c743f-8114-4aa5-a6b8-791fe18d1f92,Application Intake,document,State Application,False
4c6dc7a2-d2cb-43e4-b152-40125666dab8,Application Intake,document,State Application,False
4c6f2ef7-46f4-4d5b-b200-dfdc9fc7182c,Application Intake,document,State Application,False
4c7e1658-26d9-4281-8923-f39602cbe62d,Application Intake,document,State Application,False
4c859061-4d2d-4ba2-9b25-ed2ea253a660,Application Intake,document,State Application,False
4d1d0cbd-d678-46bd-9271-5d820b84d247,Application Intake,document,State Application,False
4df5b564-f29a-4d6f-888a-f45cfafc80a7,Application Intake,document,State Application,False
4f4ca8f2-642d-486b-9e1b-403d044e0c08,Application Intake,document,State Application,False
50607850-a7d0-41e6-9e1c-5eaa97970480,Application Intake,document,State Application,False
51573012-04dc-491f-b41a-0bb4b24efec9,Application Intake,document,State Application,False
517d3bce-f1df-4b8a-abf5-4714d5dd0e0e,Application Intake,document,State Application,False
52a0996b-7c44-494d-b776-c61ea23e8151,Application Intake,document,State Application,False
52e72c12-28f6-40b8-847a-8955b3e9e17e,Application Intake,document,State Application,False
532eb869-f195-47a4-85d4-c9cd60d5b74d,Application Intake,document,State Application,False
563107d6-fbe5-4d2e-b9c0-82224b7b799f,Application Intake,document,State Application,False
563f2f45-f01b-4496-97ed-b87c3c7df7da,Application Intake,document,State Application,False
5658e206-a582-4aa5-b4c9-8dc15f882ede,Application Intake,document,State Application,False
592546ba-edaa-4798-a4ba-8ef560f70d8a,Application Intake,document,State Application,False
59c17cc5-53df-493c-9fe7-8c60fc74b2e9,Application Intake,document,State Application,False
5a771745-7b29-42b9-b42a-67ae2458aa9f,Application Intake,document,State Application,False
5a88a48c-be2a-4ea2-a58e-c18791fe9104,Application Intake,document,State Application,False
5b401019-3ea0-4a2b-b244-522d987c44d4,Application Intake,document,State Application,False
5c34d3d0-1936-4271-8fd6-75df66ff3866,Application Intake,document,State Application,False
5c691bac-63fb-49b2-8ba2-64943643c0f9,Application Intake,document,State Application,False
5c9f465d-0d82-45dc-b417-a9f37d22aeca,Application Intake,document,State Application,False
5d2f4ed6-f0c0-4ca8-b358-0895ecec7264,Application Intake,document,State Application,False
5d3e70d1-a912-40f5-a96f-2972c859d992,Application Intake,document,State Application,False
5d57bdd1-b045-435e-b7b4-64a57a0b451c,Application Intake,document,State Application,False
5fe23d01-4b5e-4219-af15-0704686827fc,Application Intake,document,State Application,False
60ea7851-9e7e-4105-ae9d-fdf7ee9dce7a,Application Intake,document,State Application,False
6121bb37-1f43-4709-be1d-7e2e0e1524e4,Application Intake,document,State Application,False
62752f90-fcb7-4eba-9d0d-64cfd883a3f6,Application Intake,document,State Application,False
644cea4d-9889-4f33-8e94-aba05cac72c7,Application Intake,document,State Application,False
64d33085-d365-4e7c-9a9a-03f009e60a7d,Application Intake,document,State Application,False
64d488e8-b0ea-4975-8cab-b5e1c5e7081e,Application Intake,document,State Application,False
656ea06b-143e-4e04-981b-cc409f142662,Application Intake,document,State Application,False
658036b5-c984-434a-b72d-88cfcafee003,Application Intake,document,State Application,False
65abf3d1-0cd4-4d40-bcce-156a76c0a035,Application Intake,document,State Application,False
65e2a59a-dd59-4fdb-abc6-741972bc1a84,Application Intake,document,State Application,False
661424ae-5057-4909-bdf3-9ae7ec847d24,Application Intake,document,State Application,False
674aac2b-0390-4171-8c9d-4c1c3c03a8e6,Application Intake,document,State Application,False
685474b8-5a90-49b6-aa6c-59b65628eaf9,Application Intake,document,State Application,False
68fff0c7-741d-465d-971e-9c3aae683fa3,Application Intake,document,State Application,False
6c913f9b-c332-4952-a70d-1a6231261340,Application Intake,document,State Application,False
6e11e177-b4ea-45fe-8c56-0af3e9e2e1e6,Application Intake,document,State Application,False
6e8a0329-4bdb-454f-bf70-3718526ded6b,Application Intake,document,State Application,False
6e992441-2a89-4294-a7f4-9becec15e22b,Application Intake,document,State Application,False
6eb1f8a6-6dcb-4f27-990f-3c938fd2478d,Application Intake,document,State Application,False
6ef3661c-b813-425e-95ee-75a33095b612,Application Intake,document,State Application,False
6f50e23b-ce21-4e18-8fb6-f7775b89e41e,Application Intake,document,State Application,False
7113f4e2-9519-404d-bd73-191cffcaaeb7,Application Intake,document,State Application,False
713bada4-df31-4258-9b20-9dadac43c1cc,Application Intake,document,State Application,False
71bd7472-26c4-4cd1-a1fd-d23bc11cf9e0,Application Intake,document,State Application,False
71e8bdde-35a5-43a0-9ebd-53cd29bb5aed,Application Intake,document,State Application,False
7247c6cc-a4f8-422b-a0d4-eb7023de52c4,Application Intake,document,State Application,False
72ba07e4-1073-4c30-976b-4c6d836a7afa,Application Intake,document,State Application,False
7359cb4b-7f34-4322-9379-448e4c4a3ebf,Application Intake,document,State Application,False
7381c72c-ddc3-406e-82af-988a5972a2c9,Application Intake,document,State Application,False
73d073a5-d31c-49c5-8e37-9edf2f970f4b,Application Intake,document,State Application,False
753784a3-c5ec-4826-a5ee-dfc9664cbf90,Application Intake,document,State Application,False
76f5cfc6-aae5-470d-bdd3-9492644e3dbd,Application Intake,document,State Application,False
77487dfc-4eaa-4b0d-97fc-91b3614a9542,Application Intake,document,State Application,False
77621ac9-146a-4540-bdf2-e59e63e5278d,Application Intake,document,State Application,False
79b7bb6e-2230-4d76-a4fc-b498031190a3,Application Intake,document,State Application,False
79d28d84-31cd-4e95-9e98-92fb3e480065,Application Intake,document,State Application,False
7ae1272a-e47a-4228-aae8-7855b6737052,Application Intake,document,State Application,False
7c356590-c4df-4f86-a44e-ab562321ee09,Application Intake,document,State Application,False
7c43bc46-6034-4df6-a40f-d8bba45e320a,Application Intake,document,State Application,False
7c66762a-21ce-4e96-a766-1b705463e62c,Application Intake,document,State Application,False
7c9256d8-ff1b-4208-a542-9c2485ea95d7,Application Intake,document,State Application,False
7d002e7e-6ac9-47ea-8ae7-5ef111b9202a,Application Intake,document,State Application,False
7d0bd82d-b71e-48a5-885c-0e6efbccb57b,Application Intake,document,State Application,False
7e09d6dd-6a16-4878-a186-686978528cb6,Application Intake,document,State Application,False
7e6ad85c-4984-4a98-87e8-574a2eebdc47,Application Intake,document,State Application,False
7ee95840-8e0a-4dde-8636-ca10711f046e,Application Intake,document,State Application,False
7f405a54-2777-4fa1-85c0-8dbaa1c7d361,Application Intake,document,State Application,False
805e0f96-ad57-490a-b16b-76811f9d3cbe,Application Intake,document,State Application,False
80a1a128-5ef0-47ba-af5a-d9bb4be2af9f,Application Intake,document,State Application,False
812eee93-224e-45d1-8b44-b5f112330a1c,Application Intake,document,State Application,False
81e1fec1-9bde-4a7a-ae6e-2b00df15a2cd,Application Intake,document,State Application,False
8263c0a9-0ff4-42af-a9be-bbc9eac3c117,Application Intake,document,State Application,False
83c3e37c-2043-4d84-ba05-c305d78b230b,Application Intake,document,State Application,False
85091d55-a133-4bef-af0a-f8c0ec9f7a55,Application Intake,document,State Application,False
861404d8-993a-4c33-965d-bc3c1e399e6e,Application Intake,document,State Application,False
86761e5d-41eb-44ed-8f8b-2ce49781c2be,Application Intake,document,State Application,False
86ae7990-339a-4643-a194-dd0455c29760,Application Intake,document,State Application,False
86df92e1-e4ed-47f1-9bdf-56f216818bba,Application Intake,document,State Application,False
886828db-adcb-49a5-9550-45030a0bf747,Application Intake,document,State Application,False
89897d99-9c7e-4475-9815-3e71708dd352,Application Intake,document,State Application,False
8cb9aba6-e34e-451a-81b5-49212188a3a5,Application Intake,document,State Application,False
8cbe1c30-8b78-4c66-8b4d-1dc6aa90b759,Application Intake,document,State Application,False
8dd91d38-fbd3-4d49-8735-c3aa42dc6a73,Application Intake,document,State Application,False
8e1176a4-6d9e-4258-b058-855ee4b31b9d,Application Intake,document,State Application,False
8f00753c-cc0e-4a2a-a810-2ad6159fb047,Application Intake,document,State Application,False
8f1f11a7-8398-47e4-8891-9b03b1a8560d,Application Intake,document,State Application,False
8ffa4527-5033-4710-8777-0b7629a3cd04,Application Intake,document,State Application,False
9082ab6c-6c8c-4290-8cb9-0497a54b355b,Application Intake,document,State Application,False
9125774f-80db-44ba-a2c0-9fdcbd3deef9,Application Intake,document,State Application,False
9368bc5d-845f-4100-8e38-82a4895b751a,Application Intake,document,State Application,False
937936aa-d1ee-4041-8200-0d2b53c7c9b1,Application Intake,document,State Application,False
93aac463-f051-4f83-bdf7-8f3a5b6c6205,Application Intake,document,State Application,False
946c3779-7558-40f6-b24b-e7f1a581f2f5,Application Intake,document,State Application,False
950fcd2f-4f1f-41dd-bc0d-ac257837771d,Application Intake,document,State Application,False
96bf3ad9-99db-4a02-be53-a022ee5a272a,Application Intake,document,State Application,False
982be203-d26f-477d-bcc6-cea99fb4d491,Application Intake,document,State Application,False
98c57471-6d7f-4432-b122-43ef914f1beb,Application Intake,document,State Application,False
98f9e541-362d-4893-ad83-81bdfea6d66c,Application Intake,document,State Application,False
99b5f4e4-9072-4d43-a767-888ff839fa20,Application Intake,document,State Application,False
9a7713d3-de8b-44aa-a022-f597dfbf0773,Application Intake,document,State Application,False
9ad8ca1f-1260-4f7b-b292-d4705c67a713,Application Intake,document,State Application,False
9af9da7a-22c7-483a-a78f-b785ea1841a2,Application Intake,document,State Application,False
9b235170-7893-4b07-89a6-d0a338e0cc13,Application Intake,document,State Application,False
9b75046b-5e27-4b6a-898f-0374e0357255,Application Intake,document,State Application,False
9beda77c-9c5b-491c-82f2-2ad45f002b6f,Application Intake,document,State Application,False
9d5f9218-6afd-465f-aea0-783c6494a809,Application Intake,document,State Application,False
9e0362bb-03dd-4149-9164-5827f02feb08,Application Intake,document,State Application,False
9f4e6bbb-1e12-45c4-b519-51cb75c49ef4,Application Intake,document,State Application,False
a0426e42-6d70-4059-b67d-0d0135a58ba8,Application Intake,document,State Application,False
a07522dd-7b9f-43a8-9afd-7807503c1361,Application Intake,document,State Application,False
a1720a4f-5984-4b4c-b929-d10fb071ee97,Application Intake,document,State Application,False
a4c7e4c0-c0d3-4f12-8b13-3d259379ccdc,Application Intake,document,State Application,False
a4cb9112-817b-4bd9-a566-75fba2a9ac6d,Application Intake,document,State Application,False
a5380e32-3927-46eb-a048-f48664ffb809,Application Intake,document,State Application,False
a664bde0-11bc-47f3-876f-392e943b092c,Application Intake,document,State Application,False
a6c8c1b0-0a39-40ae-b9cc-f00018e3e41a,Application Intake,document,State Application,False
a9341a96-f3ac-4d19-b867-805c1c13e0bf,Application Intake,document,State Application,False
af7fe1f7-b3b6-4372-bc4f-e4b3c8e8b574,Application Intake,document,State Application,False
b2b50a67-a9c7-4796-8bbb-2885202e8cf5,Application Intake,document,State Application,False
b40aacee-3dac-447e-a9b6-23b85ad86812,Application Intake,document,State Application,False
b4397db8-6c82-4093-8872-91cbf5698efe,Application Intake,document,State Application,False
b4fdb539-22a8-407f-8ce0-1226acac5b27,Application Intake,document,State Application,False
b526c4a0-fd7e-4b09-af5f-302fc71143a2,Application Intake,document,State Application,False
b58d203e-fe49-446d-8872-05ee866c51bc,Application Intake,document,State Application,False
b646eaa5-5146-42ba-8793-f9ff4daffbfb,Application Intake,document,State Application,False
b8979015-28d2-462d-b4c9-23e734e74637,Application Intake,document,State Application,False
b8ca0693-642b-42a5-89d5-a0f271e2beaa,Application Intake,document,State Application,False
b8ce4b5d-b2e0-49ce-9878-2f77b5da13a3,Application Intake,document,State Application,False
b93e171d-8d45-4f17-92d5-adac4866e548,Application Intake,document,State Application,False
b948eef7-7d1c-44a1-bce9-264e1bd1adbd,Application Intake,document,State Application,False
b973a0b2-97a5-4846-8396-ba03f50995ef,Application Intake,document,State Application,False
b9d64f02-8673-49dd-892f-63a63865358e,Application Intake,document,State Application,False
bb46787a-42bc-417f-a7b8-cdef0fda771f,Application Intake,document,State Application,False
bc2eaa99-81ce-4727-9212-2e647e4e40a1,Application Intake,document,State Application,False
bc598f12-3acd-4021-9163-0c01c53d11dd,Application Intake,document,State Application,False
bcff12d0-748c-47e9-ac21-567260b29630,Application Intake,document,State Application,False
bd04b5ec-78bb-42e4-af8b-28d59388da88,Application Intake,document,State Application,False
bd48c893-ab19-4763-88b0-91f9347cc516,Application Intake,document,State Application,False
bd8d30ad-ee9d-4ba5-a2ff-d2940fde0be3,Application Intake,document,State Application,False
be09c9ac-d9b9-4370-a268-d973ec0d16f5,Application Intake,document,State Application,False
be915209-b5be-4971-8147-6e50ee5ed395,Application Intake,document,State Application,False
bf144d9c-f861-4915-9640-faae738fe092,Application Intake,document,State Application,False
bf1f52ca-0c3b-4f54-ad12-a2b503b76c7a,Application Intake,document,State Application,False
bf354cb7-af95-45ad-9efa-9e9c76184a8a,Application Intake,document,State Application,False
c018c553-bf3d-4713-97a6-5aa5d2952c59,Application Intake,document,State Application,False
c0a1acc2-15f1-458d-94b6-c5fed8f205d4,Application Intake,document,State Application,False
c13062a4-817d-498f-8c5e-e4f449c1d978,Application Intake,document,State Application,False
c16a997e-e0f9-4347-8494-9ce77a7ad192,Application Intake,document,State Application,False
c2f49dfd-0b97-4aab-bc5c-416624ae2cf9,Application Intake,document,State Application,False
c3046e84-add8-4311-8c2b-a4b4b454c7fd,Application Intake,document,State Application,False
c34edfa1-113c-47c3-8443-aa98f8a984c7,Application Intake,document,State Application,False
c5798784-3aef-4ad7-b15a-8248b8a7a274,Application Intake,document,State Application,False
c74f0781-a0c4-4277-9844-6daa46cdc03d,Application Intake,document,State Application,False
c7b6bc2b-de8c-4594-94a2-f94a7cdbec01,Application Intake,document,State Application,False
c7c07fe5-ac27-4296-9440-13916aa30f3a,Application Intake,document,State Application,False
c88d9b17-5c4d-4c6c-b028-d0ba7894ef2f,Application Intake,document,State Application,False
c8dabc76-00ef-4790-b6bf-569e26aa1ed9,Application Intake,document,State Application,False
c948646b-f026-482b-a299-c42a17ab7c62,Application Intake,document,State Application,False
ca1d4801-fc20-45e9-9f7e-8d7d5f7746ad,Application Intake,document,State Application,False
cace5bc9-6f15-4469-b848-03d64fa0662f,Application Intake,document,State Application,False
cb5f2906-d9da-497b-8695-092e12c18b9e,Application Intake,document,State Application,False
cb65dde4-8817-4d5e-8d2d-ca9819c0905d,Application Intake,document,State Application,False
cb7441d0-c691-4dfb-b98d-a2a8f4b7e81f,Application Intake,document,State Application,False
ccf6abde-3eae-4fb9-a473-bcf38786512f,Application Intake,document,State Application,False
cd264625-039e-4096-acc7-cb52f69da2d8,Application Intake,document,State Application,False
cd347114-a964-462b-a855-bfd14c955c14,Application Intake,document,State Application,False
cd8bd6bd-4867-4466-84f4-2d6f204c8628,Application Intake,document,State Application,False
cd8d6037-25d7-40a0-879c-b8d85f443f35,Application Intake,document,State Application,False
cdb1dabc-8e0f-4648-9216-4540cfe80211,Application Intake,document,State Application,False
ce6100de-f679-44c4-bd26-819ef099a5cb,Application Intake,document,State Application,False
ce6b5e64-f60b-4661-b1f2-10c25e1c6ad1,Application Intake,document,State Application,False
cfd0656a-ae45-41c2-bb82-62df6645076f,Application Intake,document,State Application,False
d2e61c74-178a-4791-b53d-8a1e4ebddd40,Application Intake,document,State Application,False
d40d1207-a663-40bd-8036-287fc06ea360,Application Intake,document,State Application,False
d4ce7d33-6c38-4061-85a7-09a7d7be42fd,Application Intake,document,State Application,False
d6bc8012-3397-4f21-84af-61f59f658e89,Application Intake,document,State Application,False
d74e616c-e6db-4410-9ce1-eadd02eca4e5,Application Intake,document,State Application,False
d81482a4-fc33-45dc-be8b-9a3a0dd1356e,Application Intake,document,State Application,False
da5535b9-14bf-48f9-9061-03a8b14f988c,Application Intake,document,State Application,False
daa5e216-e5ee-4567-a2dc-6165b252b2fb,Application Intake,document,State Application,False
dac3f05e-1815-4d03-8066-5aa5c1c7ff4a,Application Intake,document,State Application,False
dbb154f3-4cf5-430e-adbd-df9df5867685,Application Intake,document,State Application,False
dc8dd640-fc64-4ba3-9894-f243b1e14869,Application Intake,document,State Application,False
dcdd103d-91da-441d-bd81-3aebf0b31e37,Application Intake,document,State Application,False
dd2fb878-c1f6-4cdc-bf30-53b78a858f68,Application Intake,document,State Application,False
dd544bef-c3da-45bb-b665-546f32a96a7e,Application Intake,document,State Application,False
e05f17af-8550-4ebe-81d5-e3804993556c,Application Intake,document,State Application,False
e084fdf7-7572-4eda-9b86-bf3bed22ba02,Application Intake,document,State Application,False
e0cbb5b9-393e-4b35-8d2c-f5e3adf551af,Application Intake,document,State Application,False
e14e3eb8-f350-403c-bee3-21868690dfe4,Application Intake,document,State Application,False
e1db1851-cd99-4ccc-82aa-a2a48982c475,Application Intake,document,State Application,False
e3b59b4d-8488-4e32-ae71-b6b3c244ef41,Application Intake,document,State Application,False
e3cbac18-f203-4de2-bda7-dc9a2dc03f58,Application Intake,document,State Application,False
e4d572d3-49e4-4f44-992a-ea12360501cb,Application Intake,document,State Application,False
e50ea93d-3fdc-4ca1-b94b-958c044e6330,Application Intake,document,State Application,False
e576fa42-1317-481f-bb30-8e5b26e96c27,Application Intake,document,State Application,False
e7572db9-1cc7-4455-9d22-d0d676dd4792,Application Intake,document,State Application,False
e79fd204-c812-4957-a90a-46c3beb81d56,Application Intake,document,State Application,False
e7ed830c-61a5-4f3b-b6e0-b7c2f120fd3e,Application Intake,document,State Application,False
e9225e11-2ed6-4c44-b08b-497ff585e349,Application Intake,document,State Application,False
ec1d7adf-e662-4db6-a5a5-d6ab811f2d24,Application Intake,document,State Application,False
ec46307f-ec7b-4e65-a15e-bb1c3d360114,Application Intake,document,State Application,False
ec76e94b-178b-414b-a442-16cfa3b83a2e,Application Intake,document,State Application,False
ecc9c0ed-2d1d-4a59-9d83-4c3431cfb144,Application Intake,document,State Application,False
ed53410f-9827-495c-9d86-0d65a2ffc847,Application Intake,document,State Application,False
eee52288-0cd7-4fe4-9e6a-a85ace8df4b4,Application Intake,document,State Application,False
eef2cfd3-6b55-45b0-82ef-17f2d932c519,Application Intake,document,State Application,False
f13dadee-5052-421c-b42b-3dbba6740c2e,Application Intake,document,State Application,False
f1ddca41-3217-44af-bcff-bc2e2fd2b710,Application Intake,document,State Application,False
f1f0fbcd-558c-4f0b-96a0-3004ae019846,Application Intake,document,State Application,False
f28de1d9-0c7f-482b-be4a-37a5010395b6,Application Intake,document,State Application,False
f35c1cd7-761e-4072-a2d6-1abe8117ced5,Application Intake,document,State Application,False
f42e43e2-536c-445c-88b3-5ef2a83423ad,Application Intake,document,State Application,False
f4358c61-6506-497e-a179-dac4603ce4a4,Application Intake,document,State Application,False
f641320f-8cae-452f-999f-f650d13d24ff,Application Intake,document,State Application,False
f69d1f8d-849e-4c43-84af-1d6aadb19433,Application Intake,document,State Application,False
f6eec1f1-9bdc-41ea-a810-e0695dd360b1,Application Intake,document,State Application,False
f723aea0-4ef8-4a60-b98e-0393f346cfbd,Application Intake,document,State Application,False
f74d0af7-eee2-4cdf-8279-b5494534de99,Application Intake,document,State Application,False
f8750186-e249-4421-8246-abb93a6a80e2,Application Intake,document,State Application,False
f935244b-2eac-4613-b7fa-d94d731015c5,Application Intake,document,State Application,False
fa23b695-abaf-4991-a36c-fd3b562bca5d,Application Intake,document,State Application,False
fa288f4b-d424-4cfa-8faa-c1e2b08dc009,Application Intake,document,State Application,False
fb5ab5b6-9802-4344-9765-bc636223a99c,Application Intake,document,State Application,False
fb67f194-6495-46de-b313-f37e3f77892e,Application Intake,document,State Application,False
fbca251b-1a37-4c01-bc0f-7a8f956e81fd,Application Intake,document,State Application,False
fc8af835-194a-4fdb-a3db-750a7af79998,Application Intake,document,State Application,False
fd3ac48a-a385-4ba1-b26f-f078f892ccfc,Application Intake,document,State Application,False
fdf14feb-7061-4c29-b811-3421897765e1,Application Intake,document,State Application,False
fe0d0cd6-268b-42a8-a671-88f6cf199192,Application Intake,document,State Application,False
fe371a3a-ba6b-4f7c-83e7-60f36602e89d,Application Intake,document,State Application,False
0181f074-ee92-420b-822d-aedfadcd4c7d,Approval Package,document,Approval Letter,False
08a66d07-dfe1-4225-b3d1-cf7604909b58,Approval Package,document,Approval Letter,False
0977ad7f-a35c-4e4e-b50b-2f1834ad5014,Approval Package,document,Approval Letter,False
0a7679ae-d047-49fb-9996-9c5c497a1ad5,Approval Package,document,Approval Letter,False
0b11ca84-a492-41e1-9fb1-7c988da310ba,Approval Package,document,Approval Letter,False
0b49419b-eb17-4fb1-99e2-79f58fca2b75,Approval Package,document,Approval Letter,False
0fbdef7a-fb36-430d-ae8d-0d34882e1c74,Approval Package,document,Approval Letter,False
0fcfc81f-e55a-4374-ba2b-ec37081df6d3,Approval Package,document,Approval Letter,False
13fbcf4d-aaac-4d6f-9c56-1c7de963b003,Approval Package,document,Approval Letter,False
14c27c1b-f1a4-4c07-9999-0f2cd25078ff,Approval Package,document,Approval Letter,False
18bf9f77-362a-405b-849c-d2c642fcd9b4,Approval Package,document,Approval Letter,False
1954dc33-d848-47e8-ab15-15f3194fc715,Approval Package,document,Approval Letter,False
19cde612-c7fa-42bf-861e-c527ab0b5b6e,Approval Package,document,Approval Letter,False
1ac4f92b-8b39-4081-ab13-f12d29995ba7,Approval Package,document,Approval Letter,False
1b0a267d-bb05-4d13-9499-9ce34b1aff6f,Approval Package,document,Approval Letter,False
1b4db82b-54a7-4da0-b5ae-9d677c54a565,Approval Package,document,Approval Letter,False
1cd11925-91b7-4110-b62f-e26f5980e336,Approval Package,document,Approval Letter,False
232ce729-df65-41ad-ae63-40d269cd34aa,Approval Package,document,Approval Letter,False
26cf0dca-fe07-4614-9ed1-cc59bbad3c76,Approval Package,document,Approval Letter,False
2d38b1d0-0919-4d3c-8f42-3e6c62683b50,Approval Package,document,Approval Letter,False
2dc270c0-27f0-4992-8602-1fbbdcafa7b0,Approval Package,document,Approval Letter,False
31afe2bf-4951-4d57-99ba-6394eb5711ba,Approval Package,document,Approval Letter,False
349f4f06-0e6c-491c-9e39-16073e2ee0f3,Approval Package,document,Approval Letter,False
388ac56a-d77a-47d8-a1a9-223726638ee9,Approval Package,document,Approval Letter,False
3be48392-7bc2-416c-9064-516e8fbca5fd,Approval Package,document,Approval Letter,False
41ec9d51-efde-4812-8ea6-541a7ff514a0,Approval Package,document,Approval Letter,False
42526f23-48f1-49b5-9fde-d5c39fb878ce,Approval Package,document,Approval Letter,False
4300b588-9c0e-490d-9b7f-08074583756e,Approval Package,document,Approval Letter,False
43f0f178-3151-4e8f-9836-5c92522c971f,Approval Package,document,Approval Letter,False
47d57b40-32df-4108-b2f4-9371b7251603,Approval Package,document,Approval Letter,False
4a9b897c-da61-4e97-a8e9-e4bc2ce93e96,Approval Package,document,Approval Letter,False
4ac33e36-e034-4905-bc81-18c4fb117723,Approval Package,document,Approval Letter,False
51573012-04dc-491f-b41a-0bb4b24efec9,Approval Package,document,Approval Letter,False
517d3bce-f1df-4b8a-abf5-4714d5dd0e0e,Approval Package,document,Approval Letter,False
5c9f465d-0d82-45dc-b417-a9f37d22aeca,Approval Package,document,Approval Letter,False
5d2f4ed6-f0c0-4ca8-b358-0895ecec7264,Approval Package,document,Approval Letter,False
60ea7851-9e7e-4105-ae9d-fdf7ee9dce7a,Approval Package,document,Approval Letter,False
6121bb37-1f43-4709-be1d-7e2e0e1524e4,Approval Package,document,Approval Letter,False
656ea06b-143e-4e04-981b-cc409f142662,Approval Package,document,Approval Letter,False
65abf3d1-0cd4-4d40-bcce-156a76c0a035,Approval Package,document,Approval Letter,False
674aac2b-0390-4171-8c9d-4c1c3c03a8e6,Approval Package,document,Approval Letter,False
6e11e177-b4ea-45fe-8c56-0af3e9e2e1e6,Approval Package,document,Approval Letter,False
7113f4e2-9519-404d-bd73-191cffcaaeb7,Approval Package,document,Approval Letter,False
71bd7472-26c4-4cd1-a1fd-d23bc11cf9e0,Approval Package,document,Approval Letter,False
71e8bdde-35a5-43a0-9ebd-53cd29bb5aed,Approval Package,document,Approval Letter,False
7247c6cc-a4f8-422b-a0d4-eb7023de52c4,Approval Package,document,Approval Letter,False
72ba07e4-1073-4c30-976b-4c6d836a7afa,Approval Package,document,Approval Letter,False
7359cb4b-7f34-4322-9379-448e4c4a3ebf,Approval Package,document,Approval Letter,False
73d073a5-d31c-49c5-8e37-9edf2f970f4b,Approval Package,document,Approval Letter,False
76f5cfc6-aae5-470d-bdd3-9492644e3dbd,Approval Package,document,Approval Letter,False
77621ac9-146a-4540-bdf2-e59e63e5278d,Approval Package,document,Approval Letter,False
7ae1272a-e47a-4228-aae8-7855b6737052,Approval Package,document,Approval Letter,False
7c66762a-21ce-4e96-a766-1b705463e62c,Approval Package,document,Approval Letter,False
7c9256d8-ff1b-4208-a542-9c2485ea95d7,Approval Package,document,Approval Letter,False
7d0bd82d-b71e-48a5-885c-0e6efbccb57b,Approval Package,document,Approval Letter,False
7e6ad85c-4984-4a98-87e8-574a2eebdc47,Approval Package,document,Approval Letter,False
80a1a128-5ef0-47ba-af5a-d9bb4be2af9f,Approval Package,document,Approval Letter,False
83c3e37c-2043-4d84-ba05-c305d78b230b,Approval Package,document,Approval Letter,False
8cb9aba6-e34e-451a-81b5-49212188a3a5,Approval Package,document,Approval Letter,False
9125774f-80db-44ba-a2c0-9fdcbd3deef9,Approval Package,document,Approval Letter,False
937936aa-d1ee-4041-8200-0d2b53c7c9b1,Approval Package,document,Approval Letter,False
946c3779-7558-40f6-b24b-e7f1a581f2f5,Approval Package,document,Approval Letter,False
96bf3ad9-99db-4a02-be53-a022ee5a272a,Approval Package,document,Approval Letter,False
9af9da7a-22c7-483a-a78f-b785ea1841a2,Approval Package,document,Approval Letter,False
9e0362bb-03dd-4149-9164-5827f02feb08,Approval Package,document,Approval Letter,False
a0426e42-6d70-4059-b67d-0d0135a58ba8,Approval Package,document,Approval Letter,False
a1720a4f-5984-4b4c-b929-d10fb071ee97,Approval Package,document,Approval Letter,False
a4c7e4c0-c0d3-4f12-8b13-3d259379ccdc,Approval Package,document,Approval Letter,False
a5380e32-3927-46eb-a048-f48664ffb809,Approval Package,document,Approval Letter,False
a6c8c1b0-0a39-40ae-b9cc-f00018e3e41a,Approval Package,document,Approval Letter,False
b2b50a67-a9c7-4796-8bbb-2885202e8cf5,Approval Package,document,Approval Letter,False
b4397db8-6c82-4093-8872-91cbf5698efe,Approval Package,document,Approval Letter,False
b58d203e-fe49-446d-8872-05ee866c51bc,Approval Package,document,Approval Letter,False
b8ce4b5d-b2e0-49ce-9878-2f77b5da13a3,Approval Package,document,Approval Letter,False
b948eef7-7d1c-44a1-bce9-264e1bd1adbd,Approval Package,document,Approval Letter,False
b973a0b2-97a5-4846-8396-ba03f50995ef,Approval Package,document,Approval Letter,False
b9d64f02-8673-49dd-892f-63a63865358e,Approval Package,document,Approval Letter,False
bb46787a-42bc-417f-a7b8-cdef0fda771f,Approval Package,document,Approval Letter,False
bc2eaa99-81ce-4727-9212-2e647e4e40a1,Approval Package,document,Approval Letter,False
bc598f12-3acd-4021-9163-0c01c53d11dd,Approval Package,document,Approval Letter,False
be09c9ac-d9b9-4370-a268-d973ec0d16f5,Approval Package,document,Approval Letter,False
be915209-b5be-4971-8147-6e50ee5ed395,Approval Package,document,Approval Letter,False
bf354cb7-af95-45ad-9efa-9e9c76184a8a,Approval Package,document,Approval Letter,False
c018c553-bf3d-4713-97a6-5aa5d2952c59,Approval Package,document,Approval Letter,False
c3046e84-add8-4311-8c2b-a4b4b454c7fd,Approval Package,document,Approval Letter,False
c34edfa1-113c-47c3-8443-aa98f8a984c7,Approval Package,document,Approval Letter,False
c7c07fe5-ac27-4296-9440-13916aa30f3a,Approval Package,document,Approval Letter,False
cb7441d0-c691-4dfb-b98d-a2a8f4b7e81f,Approval Package,document,Approval Letter,False
ccf6abde-3eae-4fb9-a473-bcf38786512f,Approval Package,document,Approval Letter,False
cd8d6037-25d7-40a0-879c-b8d85f443f35,Approval Package,document,Approval Letter,False
ce6100de-f679-44c4-bd26-819ef099a5cb,Approval Package,document,Approval Letter,False
cfd0656a-ae45-41c2-bb82-62df6645076f,Approval Package,document,Approval Letter,False
d40d1207-a663-40bd-8036-287fc06ea360,Approval Package,document,Approval Letter,False
d6bc8012-3397-4f21-84af-61f59f658e89,Approval Package,document,Approval Letter,False
d74e616c-e6db-4410-9ce1-eadd02eca4e5,Approval Package,document,Approval Letter,False
dac3f05e-1815-4d03-8066-5aa5c1c7ff4a,Approval Package,document,Approval Letter,False
dcdd103d-91da-441d-bd81-3aebf0b31e37,Approval Package,document,Approval Letter,False
e05f17af-8550-4ebe-81d5-e3804993556c,Approval Package,document,Approval Letter,False
e14e3eb8-f350-403c-bee3-21868690dfe4,Approval Package,document,Approval Letter,False
e3b59b4d-8488-4e32-ae71-b6b3c244ef41,Approval Package,document,Approval Letter,False
e9225e11-2ed6-4c44-b08b-497ff585e349,Approval Package,document,Approval Letter,False
ec46307f-ec7b-4e65-a15e-bb1c3d360114,Approval Package,document,Approval Letter,False
f1ddca41-3217-44af-bcff-bc2e2fd2b710,Approval Package,document,Approval Letter,False
f28de1d9-0c7f-482b-be4a-37a5010395b6,Approval Package,document,Approval Letter,False
f641320f-8cae-452f-999f-f650d13d24ff,Approval Package,document,Approval Letter,False
f723aea0-4ef8-4a60-b98e-0393f346cfbd,Approval Package,document,Approval Letter,False
f74d0af7-eee2-4cdf-8279-b5494534de99,Approval Package,document,Approval Letter,False
f8750186-e249-4421-8246-abb93a6a80e2,Approval Package,document,Approval Letter,False
f935244b-2eac-4613-b7fa-d94d731015c5,Approval Package,document,Approval Letter,False
fa23b695-abaf-4991-a36c-fd3b562bca5d,Approval Package,document,Approval Letter,False
fb67f194-6495-46de-b313-f37e3f77892e,Approval Package,document,Approval Letter,False
fbca251b-1a37-4c01-bc0f-7a8f956e81fd,Approval Package,document,Approval Letter,False
fc8af835-194a-4fdb-a3db-750a7af79998,Approval Package,document,Approval Letter,False
fdf14feb-7061-4c29-b811-3421897765e1,Approval Package,document,Approval Letter,False
fe0d0cd6-268b-42a8-a671-88f6cf199192,Approval Package,document,Approval Letter,False
fe371a3a-ba6b-4f7c-83e7-60f36602e89d,Approval Package,document,Approval Letter,False
0181f074-ee92-420b-822d-aedfadcd4c7d,Approval Package,document,Final Budget Neutrality Formulation Workbook,False
08a66d07-dfe1-4225-b3d1-cf7604909b58,Approval Package,document,Final Budget Neutrality Formulation Workbook,False
0977ad7f-a35c-4e4e-b50b-2f1834ad5014,Approval Package,document,Final Budget Neutrality Formulation Workbook,False
0a7679ae-d047-49fb-9996-9c5c497a1ad5,Approval Package,document,Final Budget Neutrality Formulation Workbook,False
0b11ca84-a492-41e1-9fb1-7c988da310ba,Approval Package,document,Final Budget Neutrality Formulation Workbook,False
0b49419b-eb17-4fb1-99e2-79f58fca2b75,Approval Package,document,Final Budget Neutrality Formulation Workbook,False
0fbdef7a-fb36-430d-ae8d-0d34882e1c74,Approval Package,document,Final Budget Neutrality Formulation Workbook,False
0fcfc81f-e55a-4374-ba2b-ec37081df6d3,Approval Package,document,Final Budget Neutrality Formulation Workbook,False
13fbcf4d-aaac-4d6f-9c56-1c7de963b003,Approval Package,document,Final Budget Neutrality Formulation Workbook,False
14c27c1b-f1a4-4c07-9999-0f2cd25078ff,Approval Package,document,Final Budget Neutrality Formulation Workbook,False
18bf9f77-362a-405b-849c-d2c642fcd9b4,Approval Package,document,Final Budget Neutrality Formulation Workbook,False
1954dc33-d848-47e8-ab15-15f3194fc715,Approval Package,document,Final Budget Neutrality Formulation Workbook,False
19cde612-c7fa-42bf-861e-c527ab0b5b6e,Approval Package,document,Final Budget Neutrality Formulation Workbook,False
1ac4f92b-8b39-4081-ab13-f12d29995ba7,Approval Package,document,Final Budget Neutrality Formulation Workbook,False
1b0a267d-bb05-4d13-9499-9ce34b1aff6f,Approval Package,document,Final Budget Neutrality Formulation Workbook,False
1b4db82b-54a7-4da0-b5ae-9d677c54a565,Approval Package,document,Final Budget Neutrality Formulation Workbook,False
1cd11925-91b7-4110-b62f-e26f5980e336,Approval Package,document,Final Budget Neutrality Formulation Workbook,False
232ce729-df65-41ad-ae63-40d269cd34aa,Approval Package,document,Final Budget Neutrality Formulation Workbook,False
26cf0dca-fe07-4614-9ed1-cc59bbad3c76,Approval Package,document,Final Budget Neutrality Formulation Workbook,False
2d38b1d0-0919-4d3c-8f42-3e6c62683b50,Approval Package,document,Final Budget Neutrality Formulation Workbook,False
2dc270c0-27f0-4992-8602-1fbbdcafa7b0,Approval Package,document,Final Budget Neutrality Formulation Workbook,False
31afe2bf-4951-4d57-99ba-6394eb5711ba,Approval Package,document,Final Budget Neutrality Formulation Workbook,False
349f4f06-0e6c-491c-9e39-16073e2ee0f3,Approval Package,document,Final Budget Neutrality Formulation Workbook,False
388ac56a-d77a-47d8-a1a9-223726638ee9,Approval Package,document,Final Budget Neutrality Formulation Workbook,False
3be48392-7bc2-416c-9064-516e8fbca5fd,Approval Package,document,Final Budget Neutrality Formulation Workbook,False
41ec9d51-efde-4812-8ea6-541a7ff514a0,Approval Package,document,Final Budget Neutrality Formulation Workbook,False
42526f23-48f1-49b5-9fde-d5c39fb878ce,Approval Package,document,Final Budget Neutrality Formulation Workbook,False
4300b588-9c0e-490d-9b7f-08074583756e,Approval Package,document,Final Budget Neutrality Formulation Workbook,False
43f0f178-3151-4e8f-9836-5c92522c971f,Approval Package,document,Final Budget Neutrality Formulation Workbook,False
47d57b40-32df-4108-b2f4-9371b7251603,Approval Package,document,Final Budget Neutrality Formulation Workbook,False
4a9b897c-da61-4e97-a8e9-e4bc2ce93e96,Approval Package,document,Final Budget Neutrality Formulation Workbook,False
4ac33e36-e034-4905-bc81-18c4fb117723,Approval Package,document,Final Budget Neutrality Formulation Workbook,False
51573012-04dc-491f-b41a-0bb4b24efec9,Approval Package,document,Final Budget Neutrality Formulation Workbook,False
517d3bce-f1df-4b8a-abf5-4714d5dd0e0e,Approval Package,document,Final Budget Neutrality Formulation Workbook,False
5c9f465d-0d82-45dc-b417-a9f37d22aeca,Approval Package,document,Final Budget Neutrality Formulation Workbook,False
5d2f4ed6-f0c0-4ca8-b358-0895ecec7264,Approval Package,document,Final Budget Neutrality Formulation Workbook,False
60ea7851-9e7e-4105-ae9d-fdf7ee9dce7a,Approval Package,document,Final Budget Neutrality Formulation Workbook,False
6121bb37-1f43-4709-be1d-7e2e0e1524e4,Approval Package,document,Final Budget Neutrality Formulation Workbook,False
656ea06b-143e-4e04-981b-cc409f142662,Approval Package,document,Final Budget Neutrality Formulation Workbook,False
65abf3d1-0cd4-4d40-bcce-156a76c0a035,Approval Package,document,Final Budget Neutrality Formulation Workbook,False
674aac2b-0390-4171-8c9d-4c1c3c03a8e6,Approval Package,document,Final Budget Neutrality Formulation Workbook,False
6e11e177-b4ea-45fe-8c56-0af3e9e2e1e6,Approval Package,document,Final Budget Neutrality Formulation Workbook,False
7113f4e2-9519-404d-bd73-191cffcaaeb7,Approval Package,document,Final Budget Neutrality Formulation Workbook,False
71bd7472-26c4-4cd1-a1fd-d23bc11cf9e0,Approval Package,document,Final Budget Neutrality Formulation Workbook,False
71e8bdde-35a5-43a0-9ebd-53cd29bb5aed,Approval Package,document,Final Budget Neutrality Formulation Workbook,False
7247c6cc-a4f8-422b-a0d4-eb7023de52c4,Approval Package,document,Final Budget Neutrality Formulation Workbook,False
72ba07e4-1073-4c30-976b-4c6d836a7afa,Approval Package,document,Final Budget Neutrality Formulation Workbook,False
7359cb4b-7f34-4322-9379-448e4c4a3ebf,Approval Package,document,Final Budget Neutrality Formulation Workbook,False
73d073a5-d31c-49c5-8e37-9edf2f970f4b,Approval Package,document,Final Budget Neutrality Formulation Workbook,False
76f5cfc6-aae5-470d-bdd3-9492644e3dbd,Approval Package,document,Final Budget Neutrality Formulation Workbook,False
77621ac9-146a-4540-bdf2-e59e63e5278d,Approval Package,document,Final Budget Neutrality Formulation Workbook,False
7ae1272a-e47a-4228-aae8-7855b6737052,Approval Package,document,Final Budget Neutrality Formulation Workbook,False
7c66762a-21ce-4e96-a766-1b705463e62c,Approval Package,document,Final Budget Neutrality Formulation Workbook,False
7c9256d8-ff1b-4208-a542-9c2485ea95d7,Approval Package,document,Final Budget Neutrality Formulation Workbook,False
7d0bd82d-b71e-48a5-885c-0e6efbccb57b,Approval Package,document,Final Budget Neutrality Formulation Workbook,False
7e6ad85c-4984-4a98-87e8-574a2eebdc47,Approval Package,document,Final Budget Neutrality Formulation Workbook,False
80a1a128-5ef0-47ba-af5a-d9bb4be2af9f,Approval Package,document,Final Budget Neutrality Formulation Workbook,False
83c3e37c-2043-4d84-ba05-c305d78b230b,Approval Package,document,Final Budget Neutrality Formulation Workbook,False
8cb9aba6-e34e-451a-81b5-49212188a3a5,Approval Package,document,Final Budget Neutrality Formulation Workbook,False
9125774f-80db-44ba-a2c0-9fdcbd3deef9,Approval Package,document,Final Budget Neutrality Formulation Workbook,False
937936aa-d1ee-4041-8200-0d2b53c7c9b1,Approval Package,document,Final Budget Neutrality Formulation Workbook,False
946c3779-7558-40f6-b24b-e7f1a581f2f5,Approval Package,document,Final Budget Neutrality Formulation Workbook,False
96bf3ad9-99db-4a02-be53-a022ee5a272a,Approval Package,document,Final Budget Neutrality Formulation Workbook,False
9af9da7a-22c7-483a-a78f-b785ea1841a2,Approval Package,document,Final Budget Neutrality Formulation Workbook,False
9e0362bb-03dd-4149-9164-5827f02feb08,Approval Package,document,Final Budget Neutrality Formulation Workbook,False
a0426e42-6d70-4059-b67d-0d0135a58ba8,Approval Package,document,Final Budget Neutrality Formulation Workbook,False
a1720a4f-5984-4b4c-b929-d10fb071ee97,Approval Package,document,Final Budget Neutrality Formulation Workbook,False
a4c7e4c0-c0d3-4f12-8b13-3d259379ccdc,Approval Package,document,Final Budget Neutrality Formulation Workbook,False
a5380e32-3927-46eb-a048-f48664ffb809,Approval Package,document,Final Budget Neutrality Formulation Workbook,False
a6c8c1b0-0a39-40ae-b9cc-f00018e3e41a,Approval Package,document,Final Budget Neutrality Formulation Workbook,False
b2b50a67-a9c7-4796-8bbb-2885202e8cf5,Approval Package,document,Final Budget Neutrality Formulation Workbook,False
b4397db8-6c82-4093-8872-91cbf5698efe,Approval Package,document,Final Budget Neutrality Formulation Workbook,False
b58d203e-fe49-446d-8872-05ee866c51bc,Approval Package,document,Final Budget Neutrality Formulation Workbook,False
b8ce4b5d-b2e0-49ce-9878-2f77b5da13a3,Approval Package,document,Final Budget Neutrality Formulation Workbook,False
b948eef7-7d1c-44a1-bce9-264e1bd1adbd,Approval Package,document,Final Budget Neutrality Formulation Workbook,False
b973a0b2-97a5-4846-8396-ba03f50995ef,Approval Package,document,Final Budget Neutrality Formulation Workbook,False
b9d64f02-8673-49dd-892f-63a63865358e,Approval Package,document,Final Budget Neutrality Formulation Workbook,False
bb46787a-42bc-417f-a7b8-cdef0fda771f,Approval Package,document,Final Budget Neutrality Formulation Workbook,False
bc2eaa99-81ce-4727-9212-2e647e4e40a1,Approval Package,document,Final Budget Neutrality Formulation Workbook,False
bc598f12-3acd-4021-9163-0c01c53d11dd,Approval Package,document,Final Budget Neutrality Formulation Workbook,False
be09c9ac-d9b9-4370-a268-d973ec0d16f5,Approval Package,document,Final Budget Neutrality Formulation Workbook,False
be915209-b5be-4971-8147-6e50ee5ed395,Approval Package,document,Final Budget Neutrality Formulation Workbook,False
bf354cb7-af95-45ad-9efa-9e9c76184a8a,Approval Package,document,Final Budget Neutrality Formulation Workbook,False
c018c553-bf3d-4713-97a6-5aa5d2952c59,Approval Package,document,Final Budget Neutrality Formulation Workbook,False
c3046e84-add8-4311-8c2b-a4b4b454c7fd,Approval Package,document,Final Budget Neutrality Formulation Workbook,False
c34edfa1-113c-47c3-8443-aa98f8a984c7,Approval Package,document,Final Budget Neutrality Formulation Workbook,False
c7c07fe5-ac27-4296-9440-13916aa30f3a,Approval Package,document,Final Budget Neutrality Formulation Workbook,False
cb7441d0-c691-4dfb-b98d-a2a8f4b7e81f,Approval Package,document,Final Budget Neutrality Formulation Workbook,False
ccf6abde-3eae-4fb9-a473-bcf38786512f,Approval Package,document,Final Budget Neutrality Formulation Workbook,False
cd8d6037-25d7-40a0-879c-b8d85f443f35,Approval Package,document,Final Budget Neutrality Formulation Workbook,False
ce6100de-f679-44c4-bd26-819ef099a5cb,Approval Package,document,Final Budget Neutrality Formulation Workbook,False
cfd0656a-ae45-41c2-bb82-62df6645076f,Approval Package,document,Final Budget Neutrality Formulation Workbook,False
d40d1207-a663-40bd-8036-287fc06ea360,Approval Package,document,Final Budget Neutrality Formulation Workbook,False
d6bc8012-3397-4f21-84af-61f59f658e89,Approval Package,document,Final Budget Neutrality Formulation Workbook,False
d74e616c-e6db-4410-9ce1-eadd02eca4e5,Approval Package,document,Final Budget Neutrality Formulation Workbook,False
dac3f05e-1815-4d03-8066-5aa5c1c7ff4a,Approval Package,document,Final Budget Neutrality Formulation Workbook,False
dcdd103d-91da-441d-bd81-3aebf0b31e37,Approval Package,document,Final Budget Neutrality Formulation Workbook,False
e05f17af-8550-4ebe-81d5-e3804993556c,Approval Package,document,Final Budget Neutrality Formulation Workbook,False
e14e3eb8-f350-403c-bee3-21868690dfe4,Approval Package,document,Final Budget Neutrality Formulation Workbook,False
e3b59b4d-8488-4e32-ae71-b6b3c244ef41,Approval Package,document,Final Budget Neutrality Formulation Workbook,False
e9225e11-2ed6-4c44-b08b-497ff585e349,Approval Package,document,Final Budget Neutrality Formulation Workbook,False
ec46307f-ec7b-4e65-a15e-bb1c3d360114,Approval Package,document,Final Budget Neutrality Formulation Workbook,False
f1ddca41-3217-44af-bcff-bc2e2fd2b710,Approval Package,document,Final Budget Neutrality Formulation Workbook,False
f28de1d9-0c7f-482b-be4a-37a5010395b6,Approval Package,document,Final Budget Neutrality Formulation Workbook,False
f641320f-8cae-452f-999f-f650d13d24ff,Approval Package,document,Final Budget Neutrality Formulation Workbook,False
f723aea0-4ef8-4a60-b98e-0393f346cfbd,Approval Package,document,Final Budget Neutrality Formulation Workbook,False
f74d0af7-eee2-4cdf-8279-b5494534de99,Approval Package,document,Final Budget Neutrality Formulation Workbook,False
f8750186-e249-4421-8246-abb93a6a80e2,Approval Package,document,Final Budget Neutrality Formulation Workbook,False
f935244b-2eac-4613-b7fa-d94d731015c5,Approval Package,document,Final Budget Neutrality Formulation Workbook,False
fa23b695-abaf-4991-a36c-fd3b562bca5d,Approval Package,document,Final Budget Neutrality Formulation Workbook,False
fb67f194-6495-46de-b313-f37e3f77892e,Approval Package,document,Final Budget Neutrality Formulation Workbook,False
fbca251b-1a37-4c01-bc0f-7a8f956e81fd,Approval Package,document,Final Budget Neutrality Formulation Workbook,False
fc8af835-194a-4fdb-a3db-750a7af79998,Approval Package,document,Final Budget Neutrality Formulation Workbook,False
fdf14feb-7061-4c29-b811-3421897765e1,Approval Package,document,Final Budget Neutrality Formulation Workbook,False
fe0d0cd6-268b-42a8-a671-88f6cf199192,Approval Package,document,Final Budget Neutrality Formulation Workbook,False
fe371a3a-ba6b-4f7c-83e7-60f36602e89d,Approval Package,document,Final Budget Neutrality Formulation Workbook,False
0181f074-ee92-420b-822d-aedfadcd4c7d,Approval Package,document,Formal OMB Policy Concurrence Email,False
08a66d07-dfe1-4225-b3d1-cf7604909b58,Approval Package,document,Formal OMB Policy Concurrence Email,False
0977ad7f-a35c-4e4e-b50b-2f1834ad5014,Approval Package,document,Formal OMB Policy Concurrence Email,False
0a7679ae-d047-49fb-9996-9c5c497a1ad5,Approval Package,document,Formal OMB Policy Concurrence Email,False
0b11ca84-a492-41e1-9fb1-7c988da310ba,Approval Package,document,Formal OMB Policy Concurrence Email,False
0b49419b-eb17-4fb1-99e2-79f58fca2b75,Approval Package,document,Formal OMB Policy Concurrence Email,False
0fbdef7a-fb36-430d-ae8d-0d34882e1c74,Approval Package,document,Formal OMB Policy Concurrence Email,False
0fcfc81f-e55a-4374-ba2b-ec37081df6d3,Approval Package,document,Formal OMB Policy Concurrence Email,False
13fbcf4d-aaac-4d6f-9c56-1c7de963b003,Approval Package,document,Formal OMB Policy Concurrence Email,False
14c27c1b-f1a4-4c07-9999-0f2cd25078ff,Approval Package,document,Formal OMB Policy Concurrence Email,False
18bf9f77-362a-405b-849c-d2c642fcd9b4,Approval Package,document,Formal OMB Policy Concurrence Email,False
1954dc33-d848-47e8-ab15-15f3194fc715,Approval Package,document,Formal OMB Policy Concurrence Email,False
19cde612-c7fa-42bf-861e-c527ab0b5b6e,Approval Package,document,Formal OMB Policy Concurrence Email,False
1ac4f92b-8b39-4081-ab13-f12d29995ba7,Approval Package,document,Formal OMB Policy Concurrence Email,False
1b0a267d-bb05-4d13-9499-9ce34b1aff6f,Approval Package,document,Formal OMB Policy Concurrence Email,False
1b4db82b-54a7-4da0-b5ae-9d677c54a565,Approval Package,document,Formal OMB Policy Concurrence Email,False
1cd11925-91b7-4110-b62f-e26f5980e336,Approval Package,document,Formal OMB Policy Concurrence Email,False
232ce729-df65-41ad-ae63-40d269cd34aa,Approval Package,document,Formal OMB Policy Concurrence Email,False
26cf0dca-fe07-4614-9ed1-cc59bbad3c76,Approval Package,document,Formal OMB Policy Concurrence Email,False
2d38b1d0-0919-4d3c-8f42-3e6c62683b50,Approval Package,document,Formal OMB Policy Concurrence Email,False
2dc270c0-27f0-4992-8602-1fbbdcafa7b0,Approval Package,document,Formal OMB Policy Concurrence Email,False
31afe2bf-4951-4d57-99ba-6394eb5711ba,Approval Package,document,Formal OMB Policy Concurrence Email,False
349f4f06-0e6c-491c-9e39-16073e2ee0f3,Approval Package,document,Formal OMB Policy Concurrence Email,False
388ac56a-d77a-47d8-a1a9-223726638ee9,Approval Package,document,Formal OMB Policy Concurrence Email,False
3be48392-7bc2-416c-9064-516e8fbca5fd,Approval Package,document,Formal OMB Policy Concurrence Email,False
41ec9d51-efde-4812-8ea6-541a7ff514a0,Approval Package,document,Formal OMB Policy Concurrence Email,False
42526f23-48f1-49b5-9fde-d5c39fb878ce,Approval Package,document,Formal OMB Policy Concurrence Email,False
4300b588-9c0e-490d-9b7f-08074583756e,Approval Package,document,Formal OMB Policy Concurrence Email,False
43f0f178-3151-4e8f-9836-5c92522c971f,Approval Package,document,Formal OMB Policy Concurrence Email,False
47d57b40-32df-4108-b2f4-9371b7251603,Approval Package,document,Formal OMB Policy Concurrence Email,False
4a9b897c-da61-4e97-a8e9-e4bc2ce93e96,Approval Package,document,Formal OMB Policy Concurrence Email,False
4ac33e36-e034-4905-bc81-18c4fb117723,Approval Package,document,Formal OMB Policy Concurrence Email,False
51573012-04dc-491f-b41a-0bb4b24efec9,Approval Package,document,Formal OMB Policy Concurrence Email,False
517d3bce-f1df-4b8a-abf5-4714d5dd0e0e,Approval Package,document,Formal OMB Policy Concurrence Email,False
5c9f465d-0d82-45dc-b417-a9f37d22aeca,Approval Package,document,Formal OMB Policy Concurrence Email,False
5d2f4ed6-f0c0-4ca8-b358-0895ecec7264,Approval Package,document,Formal OMB Policy Concurrence Email,False
60ea7851-9e7e-4105-ae9d-fdf7ee9dce7a,Approval Package,document,Formal OMB Policy Concurrence Email,False
6121bb37-1f43-4709-be1d-7e2e0e1524e4,Approval Package,document,Formal OMB Policy Concurrence Email,False
656ea06b-143e-4e04-981b-cc409f142662,Approval Package,document,Formal OMB Policy Concurrence Email,False
65abf3d1-0cd4-4d40-bcce-156a76c0a035,Approval Package,document,Formal OMB Policy Concurrence Email,False
674aac2b-0390-4171-8c9d-4c1c3c03a8e6,Approval Package,document,Formal OMB Policy Concurrence Email,False
6e11e177-b4ea-45fe-8c56-0af3e9e2e1e6,Approval Package,document,Formal OMB Policy Concurrence Email,False
7113f4e2-9519-404d-bd73-191cffcaaeb7,Approval Package,document,Formal OMB Policy Concurrence Email,False
71bd7472-26c4-4cd1-a1fd-d23bc11cf9e0,Approval Package,document,Formal OMB Policy Concurrence Email,False
71e8bdde-35a5-43a0-9ebd-53cd29bb5aed,Approval Package,document,Formal OMB Policy Concurrence Email,False
7247c6cc-a4f8-422b-a0d4-eb7023de52c4,Approval Package,document,Formal OMB Policy Concurrence Email,False
72ba07e4-1073-4c30-976b-4c6d836a7afa,Approval Package,document,Formal OMB Policy Concurrence Email,False
7359cb4b-7f34-4322-9379-448e4c4a3ebf,Approval Package,document,Formal OMB Policy Concurrence Email,False
73d073a5-d31c-49c5-8e37-9edf2f970f4b,Approval Package,document,Formal OMB Policy Concurrence Email,False
76f5cfc6-aae5-470d-bdd3-9492644e3dbd,Approval Package,document,Formal OMB Policy Concurrence Email,False
77621ac9-146a-4540-bdf2-e59e63e5278d,Approval Package,document,Formal OMB Policy Concurrence Email,False
7ae1272a-e47a-4228-aae8-7855b6737052,Approval Package,document,Formal OMB Policy Concurrence Email,False
7c66762a-21ce-4e96-a766-1b705463e62c,Approval Package,document,Formal OMB Policy Concurrence Email,False
7c9256d8-ff1b-4208-a542-9c2485ea95d7,Approval Package,document,Formal OMB Policy Concurrence Email,False
7d0bd82d-b71e-48a5-885c-0e6efbccb57b,Approval Package,document,Formal OMB Policy Concurrence Email,False
7e6ad85c-4984-4a98-87e8-574a2eebdc47,Approval Package,document,Formal OMB Policy Concurrence Email,False
80a1a128-5ef0-47ba-af5a-d9bb4be2af9f,Approval Package,document,Formal OMB Policy Concurrence Email,False
83c3e37c-2043-4d84-ba05-c305d78b230b,Approval Package,document,Formal OMB Policy Concurrence Email,False
8cb9aba6-e34e-451a-81b5-49212188a3a5,Approval Package,document,Formal OMB Policy Concurrence Email,False
9125774f-80db-44ba-a2c0-9fdcbd3deef9,Approval Package,document,Formal OMB Policy Concurrence Email,False
937936aa-d1ee-4041-8200-0d2b53c7c9b1,Approval Package,document,Formal OMB Policy Concurrence Email,False
946c3779-7558-40f6-b24b-e7f1a581f2f5,Approval Package,document,Formal OMB Policy Concurrence Email,False
96bf3ad9-99db-4a02-be53-a022ee5a272a,Approval Package,document,Formal OMB Policy Concurrence Email,False
9af9da7a-22c7-483a-a78f-b785ea1841a2,Approval Package,document,Formal OMB Policy Concurrence Email,False
9e0362bb-03dd-4149-9164-5827f02feb08,Approval Package,document,Formal OMB Policy Concurrence Email,False
a0426e42-6d70-4059-b67d-0d0135a58ba8,Approval Package,document,Formal OMB Policy Concurrence Email,False
a1720a4f-5984-4b4c-b929-d10fb071ee97,Approval Package,document,Formal OMB Policy Concurrence Email,False
a4c7e4c0-c0d3-4f12-8b13-3d259379ccdc,Approval Package,document,Formal OMB Policy Concurrence Email,False
a5380e32-3927-46eb-a048-f48664ffb809,Approval Package,document,Formal OMB Policy Concurrence Email,False
a6c8c1b0-0a39-40ae-b9cc-f00018e3e41a,Approval Package,document,Formal OMB Policy Concurrence Email,False
b2b50a67-a9c7-4796-8bbb-2885202e8cf5,Approval Package,document,Formal OMB Policy Concurrence Email,False
b4397db8-6c82-4093-8872-91cbf5698efe,Approval Package,document,Formal OMB Policy Concurrence Email,False
b58d203e-fe49-446d-8872-05ee866c51bc,Approval Package,document,Formal OMB Policy Concurrence Email,False
b8ce4b5d-b2e0-49ce-9878-2f77b5da13a3,Approval Package,document,Formal OMB Policy Concurrence Email,False
b948eef7-7d1c-44a1-bce9-264e1bd1adbd,Approval Package,document,Formal OMB Policy Concurrence Email,False
b973a0b2-97a5-4846-8396-ba03f50995ef,Approval Package,document,Formal OMB Policy Concurrence Email,False
b9d64f02-8673-49dd-892f-63a63865358e,Approval Package,document,Formal OMB Policy Concurrence Email,False
bb46787a-42bc-417f-a7b8-cdef0fda771f,Approval Package,document,Formal OMB Policy Concurrence Email,False
bc2eaa99-81ce-4727-9212-2e647e4e40a1,Approval Package,document,Formal OMB Policy Concurrence Email,False
bc598f12-3acd-4021-9163-0c01c53d11dd,Approval Package,document,Formal OMB Policy Concurrence Email,False
be09c9ac-d9b9-4370-a268-d973ec0d16f5,Approval Package,document,Formal OMB Policy Concurrence Email,False
be915209-b5be-4971-8147-6e50ee5ed395,Approval Package,document,Formal OMB Policy Concurrence Email,False
bf354cb7-af95-45ad-9efa-9e9c76184a8a,Approval Package,document,Formal OMB Policy Concurrence Email,False
c018c553-bf3d-4713-97a6-5aa5d2952c59,Approval Package,document,Formal OMB Policy Concurrence Email,False
c3046e84-add8-4311-8c2b-a4b4b454c7fd,Approval Package,document,Formal OMB Policy Concurrence Email,False
c34edfa1-113c-47c3-8443-aa98f8a984c7,Approval Package,document,Formal OMB Policy Concurrence Email,False
c7c07fe5-ac27-4296-9440-13916aa30f3a,Approval Package,document,Formal OMB Policy Concurrence Email,False
cb7441d0-c691-4dfb-b98d-a2a8f4b7e81f,Approval Package,document,Formal OMB Policy Concurrence Email,False
ccf6abde-3eae-4fb9-a473-bcf38786512f,Approval Package,document,Formal OMB Policy Concurrence Email,False
cd8d6037-25d7-40a0-879c-b8d85f443f35,Approval Package,document,Formal OMB Policy Concurrence Email,False
ce6100de-f679-44c4-bd26-819ef099a5cb,Approval Package,document,Formal OMB Policy Concurrence Email,False
cfd0656a-ae45-41c2-bb82-62df6645076f,Approval Package,document,Formal OMB Policy Concurrence Email,False
d40d1207-a663-40bd-8036-287fc06ea360,Approval Package,document,Formal OMB Policy Concurrence Email,False
d6bc8012-3397-4f21-84af-61f59f658e89,Approval Package,document,Formal OMB Policy Concurrence Email,False
d74e616c-e6db-4410-9ce1-eadd02eca4e5,Approval Package,document,Formal OMB Policy Concurrence Email,False
dac3f05e-1815-4d03-8066-5aa5c1c7ff4a,Approval Package,document,Formal OMB Policy Concurrence Email,False
dcdd103d-91da-441d-bd81-3aebf0b31e37,Approval Package,document,Formal OMB Policy Concurrence Email,False
e05f17af-8550-4ebe-81d5-e3804993556c,Approval Package,document,Formal OMB Policy Concurrence Email,False
e14e3eb8-f350-403c-bee3-21868690dfe4,Approval Package,document,Formal OMB Policy Concurrence Email,False
e3b59b4d-8488-4e32-ae71-b6b3c244ef41,Approval Package,document,Formal OMB Policy Concurrence Email,False
e9225e11-2ed6-4c44-b08b-497ff585e349,Approval Package,document,Formal OMB Policy Concurrence Email,False
ec46307f-ec7b-4e65-a15e-bb1c3d360114,Approval Package,document,Formal OMB Policy Concurrence Email,False
f1ddca41-3217-44af-bcff-bc2e2fd2b710,Approval Package,document,Formal OMB Policy Concurrence Email,False
f28de1d9-0c7f-482b-be4a-37a5010395b6,Approval Package,document,Formal OMB Policy Concurrence Email,False
f641320f-8cae-452f-999f-f650d13d24ff,Approval Package,document,Formal OMB Policy Concurrence Email,False
f723aea0-4ef8-4a60-b98e-0393f346cfbd,Approval Package,document,Formal OMB Policy Concurrence Email,False
f74d0af7-eee2-4cdf-8279-b5494534de99,Approval Package,document,Formal OMB Policy Concurrence Email,False
f8750186-e249-4421-8246-abb93a6a80e2,Approval Package,document,Formal OMB Policy Concurrence Email,False
f935244b-2eac-4613-b7fa-d94d731015c5,Approval Package,document,Formal OMB Policy Concurrence Email,False
fa23b695-abaf-4991-a36c-fd3b562bca5d,Approval Package,document,Formal OMB Policy Concurrence Email,False
fb67f194-6495-46de-b313-f37e3f77892e,Approval Package,document,Formal OMB Policy Concurrence Email,False
fbca251b-1a37-4c01-bc0f-7a8f956e81fd,Approval Package,document,Formal OMB Policy Concurrence Email,False
fc8af835-194a-4fdb-a3db-750a7af79998,Approval Package,document,Formal OMB Policy Concurrence Email,False
fdf14feb-7061-4c29-b811-3421897765e1,Approval Package,document,Formal OMB Policy Concurrence Email,False
fe0d0cd6-268b-42a8-a671-88f6cf199192,Approval Package,document,Formal OMB Policy Concurrence Email,False
fe371a3a-ba6b-4f7c-83e7-60f36602e89d,Approval Package,document,Formal OMB Policy Concurrence Email,False
0181f074-ee92-420b-822d-aedfadcd4c7d,Approval Package,document,Q&A,False
08a66d07-dfe1-4225-b3d1-cf7604909b58,Approval Package,document,Q&A,False
0977ad7f-a35c-4e4e-b50b-2f1834ad5014,Approval Package,document,Q&A,False
0a7679ae-d047-49fb-9996-9c5c497a1ad5,Approval Package,document,Q&A,False
0b11ca84-a492-41e1-9fb1-7c988da310ba,Approval Package,document,Q&A,False
0b49419b-eb17-4fb1-99e2-79f58fca2b75,Approval Package,document,Q&A,False
0fbdef7a-fb36-430d-ae8d-0d34882e1c74,Approval Package,document,Q&A,False
0fcfc81f-e55a-4374-ba2b-ec37081df6d3,Approval Package,document,Q&A,False
13fbcf4d-aaac-4d6f-9c56-1c7de963b003,Approval Package,document,Q&A,False
14c27c1b-f1a4-4c07-9999-0f2cd25078ff,Approval Package,document,Q&A,False
18bf9f77-362a-405b-849c-d2c642fcd9b4,Approval Package,document,Q&A,False
1954dc33-d848-47e8-ab15-15f3194fc715,Approval Package,document,Q&A,False
19cde612-c7fa-42bf-861e-c527ab0b5b6e,Approval Package,document,Q&A,False
1ac4f92b-8b39-4081-ab13-f12d29995ba7,Approval Package,document,Q&A,False
1b0a267d-bb05-4d13-9499-9ce34b1aff6f,Approval Package,document,Q&A,False
1b4db82b-54a7-4da0-b5ae-9d677c54a565,Approval Package,document,Q&A,False
1cd11925-91b7-4110-b62f-e26f5980e336,Approval Package,document,Q&A,False
232ce729-df65-41ad-ae63-40d269cd34aa,Approval Package,document,Q&A,False
26cf0dca-fe07-4614-9ed1-cc59bbad3c76,Approval Package,document,Q&A,False
2d38b1d0-0919-4d3c-8f42-3e6c62683b50,Approval Package,document,Q&A,False
2dc270c0-27f0-4992-8602-1fbbdcafa7b0,Approval Package,document,Q&A,False
31afe2bf-4951-4d57-99ba-6394eb5711ba,Approval Package,document,Q&A,False
349f4f06-0e6c-491c-9e39-16073e2ee0f3,Approval Package,document,Q&A,False
388ac56a-d77a-47d8-a1a9-223726638ee9,Approval Package,document,Q&A,False
3be48392-7bc2-416c-9064-516e8fbca5fd,Approval Package,document,Q&A,False
41ec9d51-efde-4812-8ea6-541a7ff514a0,Approval Package,document,Q&A,False
42526f23-48f1-49b5-9fde-d5c39fb878ce,Approval Package,document,Q&A,False
4300b588-9c0e-490d-9b7f-08074583756e,Approval Package,document,Q&A,False
43f0f178-3151-4e8f-9836-5c92522c971f,Approval Package,document,Q&A,False
47d57b40-32df-4108-b2f4-9371b7251603,Approval Package,document,Q&A,False
4a9b897c-da61-4e97-a8e9-e4bc2ce93e96,Approval Package,document,Q&A,False
4ac33e36-e034-4905-bc81-18c4fb117723,Approval Package,document,Q&A,False
51573012-04dc-491f-b41a-0bb4b24efec9,Approval Package,document,Q&A,False
517d3bce-f1df-4b8a-abf5-4714d5dd0e0e,Approval Package,document,Q&A,False
5c9f465d-0d82-45dc-b417-a9f37d22aeca,Approval Package,document,Q&A,False
5d2f4ed6-f0c0-4ca8-b358-0895ecec7264,Approval Package,document,Q&A,False
60ea7851-9e7e-4105-ae9d-fdf7ee9dce7a,Approval Package,document,Q&A,False
6121bb37-1f43-4709-be1d-7e2e0e1524e4,Approval Package,document,Q&A,False
656ea06b-143e-4e04-981b-cc409f142662,Approval Package,document,Q&A,False
65abf3d1-0cd4-4d40-bcce-156a76c0a035,Approval Package,document,Q&A,False
674aac2b-0390-4171-8c9d-4c1c3c03a8e6,Approval Package,document,Q&A,False
6e11e177-b4ea-45fe-8c56-0af3e9e2e1e6,Approval Package,document,Q&A,False
7113f4e2-9519-404d-bd73-191cffcaaeb7,Approval Package,document,Q&A,False
71bd7472-26c4-4cd1-a1fd-d23bc11cf9e0,Approval Package,document,Q&A,False
71e8bdde-35a5-43a0-9ebd-53cd29bb5aed,Approval Package,document,Q&A,False
7247c6cc-a4f8-422b-a0d4-eb7023de52c4,Approval Package,document,Q&A,False
72ba07e4-1073-4c30-976b-4c6d836a7afa,Approval Package,document,Q&A,False
7359cb4b-7f34-4322-9379-448e4c4a3ebf,Approval Package,document,Q&A,False
73d073a5-d31c-49c5-8e37-9edf2f970f4b,Approval Package,document,Q&A,False
76f5cfc6-aae5-470d-bdd3-9492644e3dbd,Approval Package,document,Q&A,False
77621ac9-146a-4540-bdf2-e59e63e5278d,Approval Package,document,Q&A,False
7ae1272a-e47a-4228-aae8-7855b6737052,Approval Package,document,Q&A,False
7c66762a-21ce-4e96-a766-1b705463e62c,Approval Package,document,Q&A,False
7c9256d8-ff1b-4208-a542-9c2485ea95d7,Approval Package,document,Q&A,False
7d0bd82d-b71e-48a5-885c-0e6efbccb57b,Approval Package,document,Q&A,False
7e6ad85c-4984-4a98-87e8-574a2eebdc47,Approval Package,document,Q&A,False
80a1a128-5ef0-47ba-af5a-d9bb4be2af9f,Approval Package,document,Q&A,False
83c3e37c-2043-4d84-ba05-c305d78b230b,Approval Package,document,Q&A,False
8cb9aba6-e34e-451a-81b5-49212188a3a5,Approval Package,document,Q&A,False
9125774f-80db-44ba-a2c0-9fdcbd3deef9,Approval Package,document,Q&A,False
937936aa-d1ee-4041-8200-0d2b53c7c9b1,Approval Package,document,Q&A,False
946c3779-7558-40f6-b24b-e7f1a581f2f5,Approval Package,document,Q&A,False
96bf3ad9-99db-4a02-be53-a022ee5a272a,Approval Package,document,Q&A,False
9af9da7a-22c7-483a-a78f-b785ea1841a2,Approval Package,document,Q&A,False
9e0362bb-03dd-4149-9164-5827f02feb08,Approval Package,document,Q&A,False
a0426e42-6d70-4059-b67d-0d0135a58ba8,Approval Package,document,Q&A,False
a1720a4f-5984-4b4c-b929-d10fb071ee97,Approval Package,document,Q&A,False
a4c7e4c0-c0d3-4f12-8b13-3d259379ccdc,Approval Package,document,Q&A,False
a5380e32-3927-46eb-a048-f48664ffb809,Approval Package,document,Q&A,False
a6c8c1b0-0a39-40ae-b9cc-f00018e3e41a,Approval Package,document,Q&A,False
b2b50a67-a9c7-4796-8bbb-2885202e8cf5,Approval Package,document,Q&A,False
b4397db8-6c82-4093-8872-91cbf5698efe,Approval Package,document,Q&A,False
b58d203e-fe49-446d-8872-05ee866c51bc,Approval Package,document,Q&A,False
b8ce4b5d-b2e0-49ce-9878-2f77b5da13a3,Approval Package,document,Q&A,False
b948eef7-7d1c-44a1-bce9-264e1bd1adbd,Approval Package,document,Q&A,False
b973a0b2-97a5-4846-8396-ba03f50995ef,Approval Package,document,Q&A,False
b9d64f02-8673-49dd-892f-63a63865358e,Approval Package,document,Q&A,False
bb46787a-42bc-417f-a7b8-cdef0fda771f,Approval Package,document,Q&A,False
bc2eaa99-81ce-4727-9212-2e647e4e40a1,Approval Package,document,Q&A,False
bc598f12-3acd-4021-9163-0c01c53d11dd,Approval Package,document,Q&A,False
be09c9ac-d9b9-4370-a268-d973ec0d16f5,Approval Package,document,Q&A,False
be915209-b5be-4971-8147-6e50ee5ed395,Approval Package,document,Q&A,False
bf354cb7-af95-45ad-9efa-9e9c76184a8a,Approval Package,document,Q&A,False
c018c553-bf3d-4713-97a6-5aa5d2952c59,Approval Package,document,Q&A,False
c3046e84-add8-4311-8c2b-a4b4b454c7fd,Approval Package,document,Q&A,False
c34edfa1-113c-47c3-8443-aa98f8a984c7,Approval Package,document,Q&A,False
c7c07fe5-ac27-4296-9440-13916aa30f3a,Approval Package,document,Q&A,False
cb7441d0-c691-4dfb-b98d-a2a8f4b7e81f,Approval Package,document,Q&A,False
ccf6abde-3eae-4fb9-a473-bcf38786512f,Approval Package,document,Q&A,False
cd8d6037-25d7-40a0-879c-b8d85f443f35,Approval Package,document,Q&A,False
ce6100de-f679-44c4-bd26-819ef099a5cb,Approval Package,document,Q&A,False
cfd0656a-ae45-41c2-bb82-62df6645076f,Approval Package,document,Q&A,False
d40d1207-a663-40bd-8036-287fc06ea360,Approval Package,document,Q&A,False
d6bc8012-3397-4f21-84af-61f59f658e89,Approval Package,document,Q&A,False
d74e616c-e6db-4410-9ce1-eadd02eca4e5,Approval Package,document,Q&A,False
dac3f05e-1815-4d03-8066-5aa5c1c7ff4a,Approval Package,document,Q&A,False
dcdd103d-91da-441d-bd81-3aebf0b31e37,Approval Package,document,Q&A,False
e05f17af-8550-4ebe-81d5-e3804993556c,Approval Package,document,Q&A,False
e14e3eb8-f350-403c-bee3-21868690dfe4,Approval Package,document,Q&A,False
e3b59b4d-8488-4e32-ae71-b6b3c244ef41,Approval Package,document,Q&A,False
e9225e11-2ed6-4c44-b08b-497ff585e349,Approval Package,document,Q&A,False
ec46307f-ec7b-4e65-a15e-bb1c3d360114,Approval Package,document,Q&A,False
f1ddca41-3217-44af-bcff-bc2e2fd2b710,Approval Package,document,Q&A,False
f28de1d9-0c7f-482b-be4a-37a5010395b6,Approval Package,document,Q&A,False
f641320f-8cae-452f-999f-f650d13d24ff,Approval Package,document,Q&A,False
f723aea0-4ef8-4a60-b98e-0393f346cfbd,Approval Package,document,Q&A,False
f74d0af7-eee2-4cdf-8279-b5494534de99,Approval Package,document,Q&A,False
f8750186-e249-4421-8246-abb93a6a80e2,Approval Package,document,Q&A,False
f935244b-2eac-4613-b7fa-d94d731015c5,Approval Package,document,Q&A,False
fa23b695-abaf-4991-a36c-fd3b562bca5d,Approval Package,document,Q&A,False
fb67f194-6495-46de-b313-f37e3f77892e,Approval Package,document,Q&A,False
fbca251b-1a37-4c01-bc0f-7a8f956e81fd,Approval Package,document,Q&A,False
fc8af835-194a-4fdb-a3db-750a7af79998,Approval Package,document,Q&A,False
fdf14feb-7061-4c29-b811-3421897765e1,Approval Package,document,Q&A,False
fe0d0cd6-268b-42a8-a671-88f6cf199192,Approval Package,document,Q&A,False
fe371a3a-ba6b-4f7c-83e7-60f36602e89d,Approval Package,document,Q&A,False
0181f074-ee92-420b-822d-aedfadcd4c7d,Approval Package,document,Signed Decision Memo,False
08a66d07-dfe1-4225-b3d1-cf7604909b58,Approval Package,document,Signed Decision Memo,False
0977ad7f-a35c-4e4e-b50b-2f1834ad5014,Approval Package,document,Signed Decision Memo,False
0a7679ae-d047-49fb-9996-9c5c497a1ad5,Approval Package,document,Signed Decision Memo,False
0b11ca84-a492-41e1-9fb1-7c988da310ba,Approval Package,document,Signed Decision Memo,False
0b49419b-eb17-4fb1-99e2-79f58fca2b75,Approval Package,document,Signed Decision Memo,False
0fbdef7a-fb36-430d-ae8d-0d34882e1c74,Approval Package,document,Signed Decision Memo,False
0fcfc81f-e55a-4374-ba2b-ec37081df6d3,Approval Package,document,Signed Decision Memo,False
13fbcf4d-aaac-4d6f-9c56-1c7de963b003,Approval Package,document,Signed Decision Memo,False
14c27c1b-f1a4-4c07-9999-0f2cd25078ff,Approval Package,document,Signed Decision Memo,False
18bf9f77-362a-405b-849c-d2c642fcd9b4,Approval Package,document,Signed Decision Memo,False
1954dc33-d848-47e8-ab15-15f3194fc715,Approval Package,document,Signed Decision Memo,False
19cde612-c7fa-42bf-861e-c527ab0b5b6e,Approval Package,document,Signed Decision Memo,False
1ac4f92b-8b39-4081-ab13-f12d29995ba7,Approval Package,document,Signed Decision Memo,False
1b0a267d-bb05-4d13-9499-9ce34b1aff6f,Approval Package,document,Signed Decision Memo,False
1b4db82b-54a7-4da0-b5ae-9d677c54a565,Approval Package,document,Signed Decision Memo,False
1cd11925-91b7-4110-b62f-e26f5980e336,Approval Package,document,Signed Decision Memo,False
232ce729-df65-41ad-ae63-40d269cd34aa,Approval Package,document,Signed Decision Memo,False
26cf0dca-fe07-4614-9ed1-cc59bbad3c76,Approval Package,document,Signed Decision Memo,False
2d38b1d0-0919-4d3c-8f42-3e6c62683b50,Approval Package,document,Signed Decision Memo,False
2dc270c0-27f0-4992-8602-1fbbdcafa7b0,Approval Package,document,Signed Decision Memo,False
31afe2bf-4951-4d57-99ba-6394eb5711ba,Approval Package,document,Signed Decision Memo,False
349f4f06-0e6c-491c-9e39-16073e2ee0f3,Approval Package,document,Signed Decision Memo,False
388ac56a-d77a-47d8-a1a9-223726638ee9,Approval Package,document,Signed Decision Memo,False
3be48392-7bc2-416c-9064-516e8fbca5fd,Approval Package,document,Signed Decision Memo,False
41ec9d51-efde-4812-8ea6-541a7ff514a0,Approval Package,document,Signed Decision Memo,False
42526f23-48f1-49b5-9fde-d5c39fb878ce,Approval Package,document,Signed Decision Memo,False
4300b588-9c0e-490d-9b7f-08074583756e,Approval Package,document,Signed Decision Memo,False
43f0f178-3151-4e8f-9836-5c92522c971f,Approval Package,document,Signed Decision Memo,False
47d57b40-32df-4108-b2f4-9371b7251603,Approval Package,document,Signed Decision Memo,False
4a9b897c-da61-4e97-a8e9-e4bc2ce93e96,Approval Package,document,Signed Decision Memo,False
4ac33e36-e034-4905-bc81-18c4fb117723,Approval Package,document,Signed Decision Memo,False
51573012-04dc-491f-b41a-0bb4b24efec9,Approval Package,document,Signed Decision Memo,False
517d3bce-f1df-4b8a-abf5-4714d5dd0e0e,Approval Package,document,Signed Decision Memo,False
5c9f465d-0d82-45dc-b417-a9f37d22aeca,Approval Package,document,Signed Decision Memo,False
5d2f4ed6-f0c0-4ca8-b358-0895ecec7264,Approval Package,document,Signed Decision Memo,False
60ea7851-9e7e-4105-ae9d-fdf7ee9dce7a,Approval Package,document,Signed Decision Memo,False
6121bb37-1f43-4709-be1d-7e2e0e1524e4,Approval Package,document,Signed Decision Memo,False
656ea06b-143e-4e04-981b-cc409f142662,Approval Package,document,Signed Decision Memo,False
65abf3d1-0cd4-4d40-bcce-156a76c0a035,Approval Package,document,Signed Decision Memo,False
674aac2b-0390-4171-8c9d-4c1c3c03a8e6,Approval Package,document,Signed Decision Memo,False
6e11e177-b4ea-45fe-8c56-0af3e9e2e1e6,Approval Package,document,Signed Decision Memo,False
7113f4e2-9519-404d-bd73-191cffcaaeb7,Approval Package,document,Signed Decision Memo,False
71bd7472-26c4-4cd1-a1fd-d23bc11cf9e0,Approval Package,document,Signed Decision Memo,False
71e8bdde-35a5-43a0-9ebd-53cd29bb5aed,Approval Package,document,Signed Decision Memo,False
7247c6cc-a4f8-422b-a0d4-eb7023de52c4,Approval Package,document,Signed Decision Memo,False
72ba07e4-1073-4c30-976b-4c6d836a7afa,Approval Package,document,Signed Decision Memo,False
7359cb4b-7f34-4322-9379-448e4c4a3ebf,Approval Package,document,Signed Decision Memo,False
73d073a5-d31c-49c5-8e37-9edf2f970f4b,Approval Package,document,Signed Decision Memo,False
76f5cfc6-aae5-470d-bdd3-9492644e3dbd,Approval Package,document,Signed Decision Memo,False
77621ac9-146a-4540-bdf2-e59e63e5278d,Approval Package,document,Signed Decision Memo,False
7ae1272a-e47a-4228-aae8-7855b6737052,Approval Package,document,Signed Decision Memo,False
7c66762a-21ce-4e96-a766-1b705463e62c,Approval Package,document,Signed Decision Memo,False
7c9256d8-ff1b-4208-a542-9c2485ea95d7,Approval Package,document,Signed Decision Memo,False
7d0bd82d-b71e-48a5-885c-0e6efbccb57b,Approval Package,document,Signed Decision Memo,False
7e6ad85c-4984-4a98-87e8-574a2eebdc47,Approval Package,document,Signed Decision Memo,False
80a1a128-5ef0-47ba-af5a-d9bb4be2af9f,Approval Package,document,Signed Decision Memo,False
83c3e37c-2043-4d84-ba05-c305d78b230b,Approval Package,document,Signed Decision Memo,False
8cb9aba6-e34e-451a-81b5-49212188a3a5,Approval Package,document,Signed Decision Memo,False
9125774f-80db-44ba-a2c0-9fdcbd3deef9,Approval Package,document,Signed Decision Memo,False
937936aa-d1ee-4041-8200-0d2b53c7c9b1,Approval Package,document,Signed Decision Memo,False
946c3779-7558-40f6-b24b-e7f1a581f2f5,Approval Package,document,Signed Decision Memo,False
96bf3ad9-99db-4a02-be53-a022ee5a272a,Approval Package,document,Signed Decision Memo,False
9af9da7a-22c7-483a-a78f-b785ea1841a2,Approval Package,document,Signed Decision Memo,False
9e0362bb-03dd-4149-9164-5827f02feb08,Approval Package,document,Signed Decision Memo,False
a0426e42-6d70-4059-b67d-0d0135a58ba8,Approval Package,document,Signed Decision Memo,False
a1720a4f-5984-4b4c-b929-d10fb071ee97,Approval Package,document,Signed Decision Memo,False
a4c7e4c0-c0d3-4f12-8b13-3d259379ccdc,Approval Package,document,Signed Decision Memo,False
a5380e32-3927-46eb-a048-f48664ffb809,Approval Package,document,Signed Decision Memo,False
a6c8c1b0-0a39-40ae-b9cc-f00018e3e41a,Approval Package,document,Signed Decision Memo,False
b2b50a67-a9c7-4796-8bbb-2885202e8cf5,Approval Package,document,Signed Decision Memo,False
b4397db8-6c82-4093-8872-91cbf5698efe,Approval Package,document,Signed Decision Memo,False
b58d203e-fe49-446d-8872-05ee866c51bc,Approval Package,document,Signed Decision Memo,False
b8ce4b5d-b2e0-49ce-9878-2f77b5da13a3,Approval Package,document,Signed Decision Memo,False
b948eef7-7d1c-44a1-bce9-264e1bd1adbd,Approval Package,document,Signed Decision Memo,False
b973a0b2-97a5-4846-8396-ba03f50995ef,Approval Package,document,Signed Decision Memo,False
b9d64f02-8673-49dd-892f-63a63865358e,Approval Package,document,Signed Decision Memo,False
bb46787a-42bc-417f-a7b8-cdef0fda771f,Approval Package,document,Signed Decision Memo,False
bc2eaa99-81ce-4727-9212-2e647e4e40a1,Approval Package,document,Signed Decision Memo,False
bc598f12-3acd-4021-9163-0c01c53d11dd,Approval Package,document,Signed Decision Memo,False
be09c9ac-d9b9-4370-a268-d973ec0d16f5,Approval Package,document,Signed Decision Memo,False
be915209-b5be-4971-8147-6e50ee5ed395,Approval Package,document,Signed Decision Memo,False
bf354cb7-af95-45ad-9efa-9e9c76184a8a,Approval Package,document,Signed Decision Memo,False
c018c553-bf3d-4713-97a6-5aa5d2952c59,Approval Package,document,Signed Decision Memo,False
c3046e84-add8-4311-8c2b-a4b4b454c7fd,Approval Package,document,Signed Decision Memo,False
c34edfa1-113c-47c3-8443-aa98f8a984c7,Approval Package,document,Signed Decision Memo,False
c7c07fe5-ac27-4296-9440-13916aa30f3a,Approval Package,document,Signed Decision Memo,False
cb7441d0-c691-4dfb-b98d-a2a8f4b7e81f,Approval Package,document,Signed Decision Memo,False
ccf6abde-3eae-4fb9-a473-bcf38786512f,Approval Package,document,Signed Decision Memo,False
cd8d6037-25d7-40a0-879c-b8d85f443f35,Approval Package,document,Signed Decision Memo,False
ce6100de-f679-44c4-bd26-819ef099a5cb,Approval Package,document,Signed Decision Memo,False
cfd0656a-ae45-41c2-bb82-62df6645076f,Approval Package,document,Signed Decision Memo,False
d40d1207-a663-40bd-8036-287fc06ea360,Approval Package,document,Signed Decision Memo,False
d6bc8012-3397-4f21-84af-61f59f658e89,Approval Package,document,Signed Decision Memo,False
d74e616c-e6db-4410-9ce1-eadd02eca4e5,Approval Package,document,Signed Decision Memo,False
dac3f05e-1815-4d03-8066-5aa5c1c7ff4a,Approval Package,document,Signed Decision Memo,False
dcdd103d-91da-441d-bd81-3aebf0b31e37,Approval Package,document,Signed Decision Memo,False
e05f17af-8550-4ebe-81d5-e3804993556c,Approval Package,document,Signed Decision Memo,False
e14e3eb8-f350-403c-bee3-21868690dfe4,Approval Package,document,Signed Decision Memo,False
e3b59b4d-8488-4e32-ae71-b6b3c244ef41,Approval Package,document,Signed Decision Memo,False
e9225e11-2ed6-4c44-b08b-497ff585e349,Approval Package,document,Signed Decision Memo,False
ec46307f-ec7b-4e65-a15e-bb1c3d360114,Approval Package,document,Signed Decision Memo,False
f1ddca41-3217-44af-bcff-bc2e2fd2b710,Approval Package,document,Signed Decision Memo,False
f28de1d9-0c7f-482b-be4a-37a5010395b6,Approval Package,document,Signed Decision Memo,False
f641320f-8cae-452f-999f-f650d13d24ff,Approval Package,document,Signed Decision Memo,False
f723aea0-4ef8-4a60-b98e-0393f346cfbd,Approval Package,document,Signed Decision Memo,False
f74d0af7-eee2-4cdf-8279-b5494534de99,Approval Package,document,Signed Decision Memo,False
f8750186-e249-4421-8246-abb93a6a80e2,Approval Package,document,Signed Decision Memo,False
f935244b-2eac-4613-b7fa-d94d731015c5,Approval Package,document,Signed Decision Memo,False
fa23b695-abaf-4991-a36c-fd3b562bca5d,Approval Package,document,Signed Decision Memo,False
fb67f194-6495-46de-b313-f37e3f77892e,Approval Package,document,Signed Decision Memo,False
fbca251b-1a37-4c01-bc0f-7a8f956e81fd,Approval Package,document,Signed Decision Memo,False
fc8af835-194a-4fdb-a3db-750a7af79998,Approval Package,document,Signed Decision Memo,False
fdf14feb-7061-4c29-b811-3421897765e1,Approval Package,document,Signed Decision Memo,False
fe0d0cd6-268b-42a8-a671-88f6cf199192,Approval Package,document,Signed Decision Memo,False
fe371a3a-ba6b-4f7c-83e7-60f36602e89d,Approval Package,document,Signed Decision Memo,False
0181f074-ee92-420b-822d-aedfadcd4c7d,Approval Package,document,Special Terms & Conditions,False
08a66d07-dfe1-4225-b3d1-cf7604909b58,Approval Package,document,Special Terms & Conditions,False
0977ad7f-a35c-4e4e-b50b-2f1834ad5014,Approval Package,document,Special Terms & Conditions,False
0a7679ae-d047-49fb-9996-9c5c497a1ad5,Approval Package,document,Special Terms & Conditions,False
0b11ca84-a492-41e1-9fb1-7c988da310ba,Approval Package,document,Special Terms & Conditions,False
0b49419b-eb17-4fb1-99e2-79f58fca2b75,Approval Package,document,Special Terms & Conditions,False
0fbdef7a-fb36-430d-ae8d-0d34882e1c74,Approval Package,document,Special Terms & Conditions,False
0fcfc81f-e55a-4374-ba2b-ec37081df6d3,Approval Package,document,Special Terms & Conditions,False
13fbcf4d-aaac-4d6f-9c56-1c7de963b003,Approval Package,document,Special Terms & Conditions,False
14c27c1b-f1a4-4c07-9999-0f2cd25078ff,Approval Package,document,Special Terms & Conditions,False
18bf9f77-362a-405b-849c-d2c642fcd9b4,Approval Package,document,Special Terms & Conditions,False
1954dc33-d848-47e8-ab15-15f3194fc715,Approval Package,document,Special Terms & Conditions,False
19cde612-c7fa-42bf-861e-c527ab0b5b6e,Approval Package,document,Special Terms & Conditions,False
1ac4f92b-8b39-4081-ab13-f12d29995ba7,Approval Package,document,Special Terms & Conditions,False
1b0a267d-bb05-4d13-9499-9ce34b1aff6f,Approval Package,document,Special Terms & Conditions,False
1b4db82b-54a7-4da0-b5ae-9d677c54a565,Approval Package,document,Special Terms & Conditions,False
1cd11925-91b7-4110-b62f-e26f5980e336,Approval Package,document,Special Terms & Conditions,False
232ce729-df65-41ad-ae63-40d269cd34aa,Approval Package,document,Special Terms & Conditions,False
26cf0dca-fe07-4614-9ed1-cc59bbad3c76,Approval Package,document,Special Terms & Conditions,False
2d38b1d0-0919-4d3c-8f42-3e6c62683b50,Approval Package,document,Special Terms & Conditions,False
2dc270c0-27f0-4992-8602-1fbbdcafa7b0,Approval Package,document,Special Terms & Conditions,False
31afe2bf-4951-4d57-99ba-6394eb5711ba,Approval Package,document,Special Terms & Conditions,False
349f4f06-0e6c-491c-9e39-16073e2ee0f3,Approval Package,document,Special Terms & Conditions,False
388ac56a-d77a-47d8-a1a9-223726638ee9,Approval Package,document,Special Terms & Conditions,False
3be48392-7bc2-416c-9064-516e8fbca5fd,Approval Package,document,Special Terms & Conditions,False
41ec9d51-efde-4812-8ea6-541a7ff514a0,Approval Package,document,Special Terms & Conditions,False
42526f23-48f1-49b5-9fde-d5c39fb878ce,Approval Package,document,Special Terms & Conditions,False
4300b588-9c0e-490d-9b7f-08074583756e,Approval Package,document,Special Terms & Conditions,False
43f0f178-3151-4e8f-9836-5c92522c971f,Approval Package,document,Special Terms & Conditions,False
47d57b40-32df-4108-b2f4-9371b7251603,Approval Package,document,Special Terms & Conditions,False
4a9b897c-da61-4e97-a8e9-e4bc2ce93e96,Approval Package,document,Special Terms & Conditions,False
4ac33e36-e034-4905-bc81-18c4fb117723,Approval Package,document,Special Terms & Conditions,False
51573012-04dc-491f-b41a-0bb4b24efec9,Approval Package,document,Special Terms & Conditions,False
517d3bce-f1df-4b8a-abf5-4714d5dd0e0e,Approval Package,document,Special Terms & Conditions,False
5c9f465d-0d82-45dc-b417-a9f37d22aeca,Approval Package,document,Special Terms & Conditions,False
5d2f4ed6-f0c0-4ca8-b358-0895ecec7264,Approval Package,document,Special Terms & Conditions,False
60ea7851-9e7e-4105-ae9d-fdf7ee9dce7a,Approval Package,document,Special Terms & Conditions,False
6121bb37-1f43-4709-be1d-7e2e0e1524e4,Approval Package,document,Special Terms & Conditions,False
656ea06b-143e-4e04-981b-cc409f142662,Approval Package,document,Special Terms & Conditions,False
65abf3d1-0cd4-4d40-bcce-156a76c0a035,Approval Package,document,Special Terms & Conditions,False
674aac2b-0390-4171-8c9d-4c1c3c03a8e6,Approval Package,document,Special Terms & Conditions,False
6e11e177-b4ea-45fe-8c56-0af3e9e2e1e6,Approval Package,document,Special Terms & Conditions,False
7113f4e2-9519-404d-bd73-191cffcaaeb7,Approval Package,document,Special Terms & Conditions,False
71bd7472-26c4-4cd1-a1fd-d23bc11cf9e0,Approval Package,document,Special Terms & Conditions,False
71e8bdde-35a5-43a0-9ebd-53cd29bb5aed,Approval Package,document,Special Terms & Conditions,False
7247c6cc-a4f8-422b-a0d4-eb7023de52c4,Approval Package,document,Special Terms & Conditions,False
72ba07e4-1073-4c30-976b-4c6d836a7afa,Approval Package,document,Special Terms & Conditions,False
7359cb4b-7f34-4322-9379-448e4c4a3ebf,Approval Package,document,Special Terms & Conditions,False
73d073a5-d31c-49c5-8e37-9edf2f970f4b,Approval Package,document,Special Terms & Conditions,False
76f5cfc6-aae5-470d-bdd3-9492644e3dbd,Approval Package,document,Special Terms & Conditions,False
77621ac9-146a-4540-bdf2-e59e63e5278d,Approval Package,document,Special Terms & Conditions,False
7ae1272a-e47a-4228-aae8-7855b6737052,Approval Package,document,Special Terms & Conditions,False
7c66762a-21ce-4e96-a766-1b705463e62c,Approval Package,document,Special Terms & Conditions,False
7c9256d8-ff1b-4208-a542-9c2485ea95d7,Approval Package,document,Special Terms & Conditions,False
7d0bd82d-b71e-48a5-885c-0e6efbccb57b,Approval Package,document,Special Terms & Conditions,False
7e6ad85c-4984-4a98-87e8-574a2eebdc47,Approval Package,document,Special Terms & Conditions,False
80a1a128-5ef0-47ba-af5a-d9bb4be2af9f,Approval Package,document,Special Terms & Conditions,False
83c3e37c-2043-4d84-ba05-c305d78b230b,Approval Package,document,Special Terms & Conditions,False
8cb9aba6-e34e-451a-81b5-49212188a3a5,Approval Package,document,Special Terms & Conditions,False
9125774f-80db-44ba-a2c0-9fdcbd3deef9,Approval Package,document,Special Terms & Conditions,False
937936aa-d1ee-4041-8200-0d2b53c7c9b1,Approval Package,document,Special Terms & Conditions,False
946c3779-7558-40f6-b24b-e7f1a581f2f5,Approval Package,document,Special Terms & Conditions,False
96bf3ad9-99db-4a02-be53-a022ee5a272a,Approval Package,document,Special Terms & Conditions,False
9af9da7a-22c7-483a-a78f-b785ea1841a2,Approval Package,document,Special Terms & Conditions,False
9e0362bb-03dd-4149-9164-5827f02feb08,Approval Package,document,Special Terms & Conditions,False
a0426e42-6d70-4059-b67d-0d0135a58ba8,Approval Package,document,Special Terms & Conditions,False
a1720a4f-5984-4b4c-b929-d10fb071ee97,Approval Package,document,Special Terms & Conditions,False
a4c7e4c0-c0d3-4f12-8b13-3d259379ccdc,Approval Package,document,Special Terms & Conditions,False
a5380e32-3927-46eb-a048-f48664ffb809,Approval Package,document,Special Terms & Conditions,False
a6c8c1b0-0a39-40ae-b9cc-f00018e3e41a,Approval Package,document,Special Terms & Conditions,False
b2b50a67-a9c7-4796-8bbb-2885202e8cf5,Approval Package,document,Special Terms & Conditions,False
b4397db8-6c82-4093-8872-91cbf5698efe,Approval Package,document,Special Terms & Conditions,False
b58d203e-fe49-446d-8872-05ee866c51bc,Approval Package,document,Special Terms & Conditions,False
b8ce4b5d-b2e0-49ce-9878-2f77b5da13a3,Approval Package,document,Special Terms & Conditions,False
b948eef7-7d1c-44a1-bce9-264e1bd1adbd,Approval Package,document,Special Terms & Conditions,False
b973a0b2-97a5-4846-8396-ba03f50995ef,Approval Package,document,Special Terms & Conditions,False
b9d64f02-8673-49dd-892f-63a63865358e,Approval Package,document,Special Terms & Conditions,False
bb46787a-42bc-417f-a7b8-cdef0fda771f,Approval Package,document,Special Terms & Conditions,False
bc2eaa99-81ce-4727-9212-2e647e4e40a1,Approval Package,document,Special Terms & Conditions,False
bc598f12-3acd-4021-9163-0c01c53d11dd,Approval Package,document,Special Terms & Conditions,False
be09c9ac-d9b9-4370-a268-d973ec0d16f5,Approval Package,document,Special Terms & Conditions,False
be915209-b5be-4971-8147-6e50ee5ed395,Approval Package,document,Special Terms & Conditions,False
bf354cb7-af95-45ad-9efa-9e9c76184a8a,Approval Package,document,Special Terms & Conditions,False
c018c553-bf3d-4713-97a6-5aa5d2952c59,Approval Package,document,Special Terms & Conditions,False
c3046e84-add8-4311-8c2b-a4b4b454c7fd,Approval Package,document,Special Terms & Conditions,False
c34edfa1-113c-47c3-8443-aa98f8a984c7,Approval Package,document,Special Terms & Conditions,False
c7c07fe5-ac27-4296-9440-13916aa30f3a,Approval Package,document,Special Terms & Conditions,False
cb7441d0-c691-4dfb-b98d-a2a8f4b7e81f,Approval Package,document,Special Terms & Conditions,False
ccf6abde-3eae-4fb9-a473-bcf38786512f,Approval Package,document,Special Terms & Conditions,False
cd8d6037-25d7-40a0-879c-b8d85f443f35,Approval Package,document,Special Terms & Conditions,False
ce6100de-f679-44c4-bd26-819ef099a5cb,Approval Package,document,Special Terms & Conditions,False
cfd0656a-ae45-41c2-bb82-62df6645076f,Approval Package,document,Special Terms & Conditions,False
d40d1207-a663-40bd-8036-287fc06ea360,Approval Package,document,Special Terms & Conditions,False
d6bc8012-3397-4f21-84af-61f59f658e89,Approval Package,document,Special Terms & Conditions,False
d74e616c-e6db-4410-9ce1-eadd02eca4e5,Approval Package,document,Special Terms & Conditions,False
dac3f05e-1815-4d03-8066-5aa5c1c7ff4a,Approval Package,document,Special Terms & Conditions,False
dcdd103d-91da-441d-bd81-3aebf0b31e37,Approval Package,document,Special Terms & Conditions,False
e05f17af-8550-4ebe-81d5-e3804993556c,Approval Package,document,Special Terms & Conditions,False
e14e3eb8-f350-403c-bee3-21868690dfe4,Approval Package,document,Special Terms & Conditions,False
e3b59b4d-8488-4e32-ae71-b6b3c244ef41,Approval Package,document,Special Terms & Conditions,False
e9225e11-2ed6-4c44-b08b-497ff585e349,Approval Package,document,Special Terms & Conditions,False
ec46307f-ec7b-4e65-a15e-bb1c3d360114,Approval Package,document,Special Terms & Conditions,False
f1ddca41-3217-44af-bcff-bc2e2fd2b710,Approval Package,document,Special Terms & Conditions,False
f28de1d9-0c7f-482b-be4a-37a5010395b6,Approval Package,document,Special Terms & Conditions,False
f641320f-8cae-452f-999f-f650d13d24ff,Approval Package,document,Special Terms & Conditions,False
f723aea0-4ef8-4a60-b98e-0393f346cfbd,Approval Package,document,Special Terms & Conditions,False
f74d0af7-eee2-4cdf-8279-b5494534de99,Approval Package,document,Special Terms & Conditions,False
f8750186-e249-4421-8246-abb93a6a80e2,Approval Package,document,Special Terms & Conditions,False
f935244b-2eac-4613-b7fa-d94d731015c5,Approval Package,document,Special Terms & Conditions,False
fa23b695-abaf-4991-a36c-fd3b562bca5d,Approval Package,document,Special Terms & Conditions,False
fb67f194-6495-46de-b313-f37e3f77892e,Approval Package,document,Special Terms & Conditions,False
fbca251b-1a37-4c01-bc0f-7a8f956e81fd,Approval Package,document,Special Terms & Conditions,False
fc8af835-194a-4fdb-a3db-750a7af79998,Approval Package,document,Special Terms & Conditions,False
fdf14feb-7061-4c29-b811-3421897765e1,Approval Package,document,Special Terms & Conditions,False
fe0d0cd6-268b-42a8-a671-88f6cf199192,Approval Package,document,Special Terms & Conditions,False
fe371a3a-ba6b-4f7c-83e7-60f36602e89d,Approval Package,document,Special Terms & Conditions,False
007cc95c-92ae-40cc-850e-50bb331b658d,Completeness,date,Federal Comment Period End Date,False
01202dd5-67e9-432f-a5ef-d9e4e49f8f76,Completeness,date,Federal Comment Period End Date,False
0181f074-ee92-420b-822d-aedfadcd4c7d,Completeness,date,Federal Comment Period End Date,False
01dca696-c094-4f14-ade8-c96f19292a92,Completeness,date,Federal Comment Period End Date,False
0473183d-2e93-4371-a841-47350d3e765b,Completeness,date,Federal Comment Period End Date,False
08a66d07-dfe1-4225-b3d1-cf7604909b58,Completeness,date,Federal Comment Period End Date,False
08ced498-8997-401c-a186-daa67a4ff809,Completeness,date,Federal Comment Period End Date,False
08fceebe-6835-408b-97de-b7f3b8522706,Completeness,date,Federal Comment Period End Date,False
0965889d-2796-4022-adc9-7ad6b2f7895e,Completeness,date,Federal Comment Period End Date,False
0977ad7f-a35c-4e4e-b50b-2f1834ad5014,Completeness,date,Federal Comment Period End Date,False
09f34d93-656c-4793-ad53-f06d53f03192,Completeness,date,Federal Comment Period End Date,False
0a7679ae-d047-49fb-9996-9c5c497a1ad5,Completeness,date,Federal Comment Period End Date,False
0aacc3ec-a6fc-41cb-84e3-3fd8ca5f4c25,Completeness,date,Federal Comment Period End Date,False
0ad53526-62cf-405b-aaaf-d62dfa2433b6,Completeness,date,Federal Comment Period End Date,False
0b11ca84-a492-41e1-9fb1-7c988da310ba,Completeness,date,Federal Comment Period End Date,False
0b49419b-eb17-4fb1-99e2-79f58fca2b75,Completeness,date,Federal Comment Period End Date,False
0b8752ca-48d3-4e08-8369-d92c9d1b0427,Completeness,date,Federal Comment Period End Date,False
0c74168d-4ed3-485b-aca4-d82cd5ca4fa5,Completeness,date,Federal Comment Period End Date,False
0cc17b4c-5437-425e-9700-c8e90f09aaf6,Completeness,date,Federal Comment Period End Date,False
0cdb6064-b473-4a2e-bdc2-d6dfded63446,Completeness,date,Federal Comment Period End Date,False
0fbdef7a-fb36-430d-ae8d-0d34882e1c74,Completeness,date,Federal Comment Period End Date,False
0fcfc81f-e55a-4374-ba2b-ec37081df6d3,Completeness,date,Federal Comment Period End Date,False
110f9760-16ff-4adf-8f29-1c0a24db5ca0,Completeness,date,Federal Comment Period End Date,False
11bbbe73-e085-4be3-84ec-70cfb3a2f31b,Completeness,date,Federal Comment Period End Date,False
123b47d8-b25f-448b-a762-b51d97c518dc,Completeness,date,Federal Comment Period End Date,False
13fbcf4d-aaac-4d6f-9c56-1c7de963b003,Completeness,date,Federal Comment Period End Date,False
14631a8e-32a3-4657-a29e-9374112a72e9,Completeness,date,Federal Comment Period End Date,False
150fd48e-7a9a-4417-a4a2-04e6240e0da1,Completeness,date,Federal Comment Period End Date,False
16b94b99-94e4-47f7-86f2-235d6fbbb3f0,Completeness,date,Federal Comment Period End Date,False
17d07543-f9f1-481f-90e3-49125eea23d3,Completeness,date,Federal Comment Period End Date,False
17fae73d-32e2-487b-802d-4245eb8dac1b,Completeness,date,Federal Comment Period End Date,False
18bf9f77-362a-405b-849c-d2c642fcd9b4,Completeness,date,Federal Comment Period End Date,False
194ee888-180e-4ec1-86e2-90ac54999c6e,Completeness,date,Federal Comment Period End Date,False
196cd174-4db0-4d4d-bc83-612c75b53c0c,Completeness,date,Federal Comment Period End Date,False
19cde612-c7fa-42bf-861e-c527ab0b5b6e,Completeness,date,Federal Comment Period End Date,False
1ac4f92b-8b39-4081-ab13-f12d29995ba7,Completeness,date,Federal Comment Period End Date,False
1ad59f7a-cd6e-4454-8809-f1529f4d2590,Completeness,date,Federal Comment Period End Date,False
1b0a267d-bb05-4d13-9499-9ce34b1aff6f,Completeness,date,Federal Comment Period End Date,False
1b155e69-e927-4a64-be66-940ac3093a0d,Completeness,date,Federal Comment Period End Date,False
1b3322cf-8bdf-4cfd-85fc-880f96ae6c78,Completeness,date,Federal Comment Period End Date,False
1b4db82b-54a7-4da0-b5ae-9d677c54a565,Completeness,date,Federal Comment Period End Date,False
1bd03341-d171-424d-8bf8-acb73c44c57a,Completeness,date,Federal Comment Period End Date,False
1c26a74c-03ef-4302-94a0-3b794cf583ab,Completeness,date,Federal Comment Period End Date,False
1cd11925-91b7-4110-b62f-e26f5980e336,Completeness,date,Federal Comment Period End Date,False
1e0a7577-b08e-46bf-8119-1aa425b90334,Completeness,date,Federal Comment Period End Date,False
2071241b-eaec-4108-9ad5-5d5bc6f96071,Completeness,date,Federal Comment Period End Date,False
2073f1f3-9c70-4e27-9f9e-4105c51be8f7,Completeness,date,Federal Comment Period End Date,False
224b4c22-66d1-40fe-ae57-04c911173d74,Completeness,date,Federal Comment Period End Date,False
232ce729-df65-41ad-ae63-40d269cd34aa,Completeness,date,Federal Comment Period End Date,False
26cf0dca-fe07-4614-9ed1-cc59bbad3c76,Completeness,date,Federal Comment Period End Date,False
279bc6a9-6a87-474f-881b-b14b05f731c8,Completeness,date,Federal Comment Period End Date,False
27c14bd5-9e48-4833-8da0-d0bd2727aaec,Completeness,date,Federal Comment Period End Date,False
280e7e47-9d18-4963-bfa5-22dab94f8408,Completeness,date,Federal Comment Period End Date,False
2916eb15-b065-4f44-ac82-a37475aedeab,Completeness,date,Federal Comment Period End Date,False
2accbe88-b9ce-4d0f-8368-d4f8352301a5,Completeness,date,Federal Comment Period End Date,False
2b0c1e40-571d-4b06-975b-02d163f138ae,Completeness,date,Federal Comment Period End Date,False
2b8070d1-36c9-4562-8686-3551ae2ef257,Completeness,date,Federal Comment Period End Date,False
2c51fad0-036e-4062-96d3-f741d1f23341,Completeness,date,Federal Comment Period End Date,False
2d35dad4-a3f0-44e9-b79b-8ae9f29642fe,Completeness,date,Federal Comment Period End Date,False
2d38b1d0-0919-4d3c-8f42-3e6c62683b50,Completeness,date,Federal Comment Period End Date,False
2dc270c0-27f0-4992-8602-1fbbdcafa7b0,Completeness,date,Federal Comment Period End Date,False
2df84448-6f71-4914-b227-3ffbb6c3f3b8,Completeness,date,Federal Comment Period End Date,False
2e8fea71-0bde-4508-8478-9413704abf1d,Completeness,date,Federal Comment Period End Date,False
2f5ee146-d497-4de9-8d00-e67db4a54563,Completeness,date,Federal Comment Period End Date,False
2f94274e-5b24-467e-a3e1-3ea5dd93bbec,Completeness,date,Federal Comment Period End Date,False
30539da0-ca78-4740-a5b1-da3e35a2f472,Completeness,date,Federal Comment Period End Date,False
31afe2bf-4951-4d57-99ba-6394eb5711ba,Completeness,date,Federal Comment Period End Date,False
31c6c568-37af-4d37-887b-636ff767fea1,Completeness,date,Federal Comment Period End Date,False
3208d7be-c6bf-4fe3-b373-f528c99dd548,Completeness,date,Federal Comment Period End Date,False
349f4f06-0e6c-491c-9e39-16073e2ee0f3,Completeness,date,Federal Comment Period End Date,False
356a9ff0-124e-4a2f-9629-08e72f33b78b,Completeness,date,Federal Comment Period End Date,False
35eb3be5-e50e-49d3-bf7c-42fa6f767e87,Completeness,date,Federal Comment Period End Date,False
36b8a283-3e06-49b9-8236-e5947b849673,Completeness,date,Federal Comment Period End Date,False
388ac56a-d77a-47d8-a1a9-223726638ee9,Completeness,date,Federal Comment Period End Date,False
3954a225-e64e-4e6f-badd-e41ef1ed8ec4,Completeness,date,Federal Comment Period End Date,False
396573ba-a1e2-4428-ad77-276a273884ab,Completeness,date,Federal Comment Period End Date,False
3be48392-7bc2-416c-9064-516e8fbca5fd,Completeness,date,Federal Comment Period End Date,False
3c42d745-e2c8-42df-827f-910a55f563bb,Completeness,date,Federal Comment Period End Date,False
3f8ab05e-a761-4775-8d14-dc3b6ac9c42f,Completeness,date,Federal Comment Period End Date,False
3f9b7639-d592-4f2b-8665-806bc4be4817,Completeness,date,Federal Comment Period End Date,False
4273d858-eb53-49ce-892f-da66c13a1041,Completeness,date,Federal Comment Period End Date,False
4278f28d-1806-4898-b56e-5fe6a7cc3bbb,Completeness,date,Federal Comment Period End Date,False
42bda103-5071-4e05-95df-6a21b02309a0,Completeness,date,Federal Comment Period End Date,False
4300b588-9c0e-490d-9b7f-08074583756e,Completeness,date,Federal Comment Period End Date,False
434c0046-5d1d-4558-919b-fefb46dc5e59,Completeness,date,Federal Comment Period End Date,False
43d8b6eb-c59c-4106-ac90-f3a5145d0fc5,Completeness,date,Federal Comment Period End Date,False
43f0f178-3151-4e8f-9836-5c92522c971f,Completeness,date,Federal Comment Period End Date,False
4510420f-1095-4c0c-b6ff-8f909a92ff6b,Completeness,date,Federal Comment Period End Date,False
45460c60-fb59-4c72-87b1-253ff9674656,Completeness,date,Federal Comment Period End Date,False
47d34a19-20af-453d-ab23-0220c875f015,Completeness,date,Federal Comment Period End Date,False
47d57b40-32df-4108-b2f4-9371b7251603,Completeness,date,Federal Comment Period End Date,False
4ac33e36-e034-4905-bc81-18c4fb117723,Completeness,date,Federal Comment Period End Date,False
4c6f2ef7-46f4-4d5b-b200-dfdc9fc7182c,Completeness,date,Federal Comment Period End Date,False
4c7e1658-26d9-4281-8923-f39602cbe62d,Completeness,date,Federal Comment Period End Date,False
4c859061-4d2d-4ba2-9b25-ed2ea253a660,Completeness,date,Federal Comment Period End Date,False
4d1d0cbd-d678-46bd-9271-5d820b84d247,Completeness,date,Federal Comment Period End Date,False
4df5b564-f29a-4d6f-888a-f45cfafc80a7,Completeness,date,Federal Comment Period End Date,False
4f4ca8f2-642d-486b-9e1b-403d044e0c08,Completeness,date,Federal Comment Period End Date,False
50607850-a7d0-41e6-9e1c-5eaa97970480,Completeness,date,Federal Comment Period End Date,False
51573012-04dc-491f-b41a-0bb4b24efec9,Completeness,date,Federal Comment Period End Date,False
517d3bce-f1df-4b8a-abf5-4714d5dd0e0e,Completeness,date,Federal Comment Period End Date,False
52a0996b-7c44-494d-b776-c61ea23e8151,Completeness,date,Federal Comment Period End Date,False
52e72c12-28f6-40b8-847a-8955b3e9e17e,Completeness,date,Federal Comment Period End Date,False
532eb869-f195-47a4-85d4-c9cd60d5b74d,Completeness,date,Federal Comment Period End Date,False
563107d6-fbe5-4d2e-b9c0-82224b7b799f,Completeness,date,Federal Comment Period End Date,False
563f2f45-f01b-4496-97ed-b87c3c7df7da,Completeness,date,Federal Comment Period End Date,False
5658e206-a582-4aa5-b4c9-8dc15f882ede,Completeness,date,Federal Comment Period End Date,False
592546ba-edaa-4798-a4ba-8ef560f70d8a,Completeness,date,Federal Comment Period End Date,False
59c17cc5-53df-493c-9fe7-8c60fc74b2e9,Completeness,date,Federal Comment Period End Date,False
5a771745-7b29-42b9-b42a-67ae2458aa9f,Completeness,date,Federal Comment Period End Date,False
5b401019-3ea0-4a2b-b244-522d987c44d4,Completeness,date,Federal Comment Period End Date,False
5c691bac-63fb-49b2-8ba2-64943643c0f9,Completeness,date,Federal Comment Period End Date,False
5c9f465d-0d82-45dc-b417-a9f37d22aeca,Completeness,date,Federal Comment Period End Date,False
5d2f4ed6-f0c0-4ca8-b358-0895ecec7264,Completeness,date,Federal Comment Period End Date,False
5d3e70d1-a912-40f5-a96f-2972c859d992,Completeness,date,Federal Comment Period End Date,False
5fe23d01-4b5e-4219-af15-0704686827fc,Completeness,date,Federal Comment Period End Date,False
60ea7851-9e7e-4105-ae9d-fdf7ee9dce7a,Completeness,date,Federal Comment Period End Date,False
6121bb37-1f43-4709-be1d-7e2e0e1524e4,Completeness,date,Federal Comment Period End Date,False
62752f90-fcb7-4eba-9d0d-64cfd883a3f6,Completeness,date,Federal Comment Period End Date,False
644cea4d-9889-4f33-8e94-aba05cac72c7,Completeness,date,Federal Comment Period End Date,False
64d33085-d365-4e7c-9a9a-03f009e60a7d,Completeness,date,Federal Comment Period End Date,False
64d488e8-b0ea-4975-8cab-b5e1c5e7081e,Completeness,date,Federal Comment Period End Date,False
656ea06b-143e-4e04-981b-cc409f142662,Completeness,date,Federal Comment Period End Date,False
658036b5-c984-434a-b72d-88cfcafee003,Completeness,date,Federal Comment Period End Date,False
65abf3d1-0cd4-4d40-bcce-156a76c0a035,Completeness,date,Federal Comment Period End Date,False
65e2a59a-dd59-4fdb-abc6-741972bc1a84,Completeness,date,Federal Comment Period End Date,False
661424ae-5057-4909-bdf3-9ae7ec847d24,Completeness,date,Federal Comment Period End Date,False
674aac2b-0390-4171-8c9d-4c1c3c03a8e6,Completeness,date,Federal Comment Period End Date,False
685474b8-5a90-49b6-aa6c-59b65628eaf9,Completeness,date,Federal Comment Period End Date,False
68fff0c7-741d-465d-971e-9c3aae683fa3,Completeness,date,Federal Comment Period End Date,False
6c913f9b-c332-4952-a70d-1a6231261340,Completeness,date,Federal Comment Period End Date,False
6e11e177-b4ea-45fe-8c56-0af3e9e2e1e6,Completeness,date,Federal Comment Period End Date,False
6e992441-2a89-4294-a7f4-9becec15e22b,Completeness,date,Federal Comment Period End Date,False
6eb1f8a6-6dcb-4f27-990f-3c938fd2478d,Completeness,date,Federal Comment Period End Date,False
6ef3661c-b813-425e-95ee-75a33095b612,Completeness,date,Federal Comment Period End Date,False
6f50e23b-ce21-4e18-8fb6-f7775b89e41e,Completeness,date,Federal Comment Period End Date,False
7113f4e2-9519-404d-bd73-191cffcaaeb7,Completeness,date,Federal Comment Period End Date,False
713bada4-df31-4258-9b20-9dadac43c1cc,Completeness,date,Federal Comment Period End Date,False
71bd7472-26c4-4cd1-a1fd-d23bc11cf9e0,Completeness,date,Federal Comment Period End Date,False
71e8bdde-35a5-43a0-9ebd-53cd29bb5aed,Completeness,date,Federal Comment Period End Date,False
7247c6cc-a4f8-422b-a0d4-eb7023de52c4,Completeness,date,Federal Comment Period End Date,False
72ba07e4-1073-4c30-976b-4c6d836a7afa,Completeness,date,Federal Comment Period End Date,False
7359cb4b-7f34-4322-9379-448e4c4a3ebf,Completeness,date,Federal Comment Period End Date,False
7381c72c-ddc3-406e-82af-988a5972a2c9,Completeness,date,Federal Comment Period End Date,False
73d073a5-d31c-49c5-8e37-9edf2f970f4b,Completeness,date,Federal Comment Period End Date,False
753784a3-c5ec-4826-a5ee-dfc9664cbf90,Completeness,date,Federal Comment Period End Date,False
76f5cfc6-aae5-470d-bdd3-9492644e3dbd,Completeness,date,Federal Comment Period End Date,False
77487dfc-4eaa-4b0d-97fc-91b3614a9542,Completeness,date,Federal Comment Period End Date,False
77621ac9-146a-4540-bdf2-e59e63e5278d,Completeness,date,Federal Comment Period End Date,False
79b7bb6e-2230-4d76-a4fc-b498031190a3,Completeness,date,Federal Comment Period End Date,False
79d28d84-31cd-4e95-9e98-92fb3e480065,Completeness,date,Federal Comment Period End Date,False
7ae1272a-e47a-4228-aae8-7855b6737052,Completeness,date,Federal Comment Period End Date,False
7c356590-c4df-4f86-a44e-ab562321ee09,Completeness,date,Federal Comment Period End Date,False
7c43bc46-6034-4df6-a40f-d8bba45e320a,Completeness,date,Federal Comment Period End Date,False
7c66762a-21ce-4e96-a766-1b705463e62c,Completeness,date,Federal Comment Period End Date,False
7c9256d8-ff1b-4208-a542-9c2485ea95d7,Completeness,date,Federal Comment Period End Date,False
7d002e7e-6ac9-47ea-8ae7-5ef111b9202a,Completeness,date,Federal Comment Period End Date,False
7d0bd82d-b71e-48a5-885c-0e6efbccb57b,Completeness,date,Federal Comment Period End Date,False
7e09d6dd-6a16-4878-a186-686978528cb6,Completeness,date,Federal Comment Period End Date,False
7e6ad85c-4984-4a98-87e8-574a2eebdc47,Completeness,date,Federal Comment Period End Date,False
7ee95840-8e0a-4dde-8636-ca10711f046e,Completeness,date,Federal Comment Period End Date,False
7f405a54-2777-4fa1-85c0-8dbaa1c7d361,Completeness,date,Federal Comment Period End Date,False
805e0f96-ad57-490a-b16b-76811f9d3cbe,Completeness,date,Federal Comment Period End Date,False
80a1a128-5ef0-47ba-af5a-d9bb4be2af9f,Completeness,date,Federal Comment Period End Date,False
812eee93-224e-45d1-8b44-b5f112330a1c,Completeness,date,Federal Comment Period End Date,False
8263c0a9-0ff4-42af-a9be-bbc9eac3c117,Completeness,date,Federal Comment Period End Date,False
83c3e37c-2043-4d84-ba05-c305d78b230b,Completeness,date,Federal Comment Period End Date,False
85091d55-a133-4bef-af0a-f8c0ec9f7a55,Completeness,date,Federal Comment Period End Date,False
861404d8-993a-4c33-965d-bc3c1e399e6e,Completeness,date,Federal Comment Period End Date,False
86761e5d-41eb-44ed-8f8b-2ce49781c2be,Completeness,date,Federal Comment Period End Date,False
86ae7990-339a-4643-a194-dd0455c29760,Completeness,date,Federal Comment Period End Date,False
86df92e1-e4ed-47f1-9bdf-56f216818bba,Completeness,date,Federal Comment Period End Date,False
886828db-adcb-49a5-9550-45030a0bf747,Completeness,date,Federal Comment Period End Date,False
89897d99-9c7e-4475-9815-3e71708dd352,Completeness,date,Federal Comment Period End Date,False
8cb9aba6-e34e-451a-81b5-49212188a3a5,Completeness,date,Federal Comment Period End Date,False
8cbe1c30-8b78-4c66-8b4d-1dc6aa90b759,Completeness,date,Federal Comment Period End Date,False
8dd91d38-fbd3-4d49-8735-c3aa42dc6a73,Completeness,date,Federal Comment Period End Date,False
8e1176a4-6d9e-4258-b058-855ee4b31b9d,Completeness,date,Federal Comment Period End Date,False
8f00753c-cc0e-4a2a-a810-2ad6159fb047,Completeness,date,Federal Comment Period End Date,False
8f1f11a7-8398-47e4-8891-9b03b1a8560d,Completeness,date,Federal Comment Period End Date,False
9082ab6c-6c8c-4290-8cb9-0497a54b355b,Completeness,date,Federal Comment Period End Date,False
9125774f-80db-44ba-a2c0-9fdcbd3deef9,Completeness,date,Federal Comment Period End Date,False
9368bc5d-845f-4100-8e38-82a4895b751a,Completeness,date,Federal Comment Period End Date,False
93aac463-f051-4f83-bdf7-8f3a5b6c6205,Completeness,date,Federal Comment Period End Date,False
946c3779-7558-40f6-b24b-e7f1a581f2f5,Completeness,date,Federal Comment Period End Date,False
950fcd2f-4f1f-41dd-bc0d-ac257837771d,Completeness,date,Federal Comment Period End Date,False
96bf3ad9-99db-4a02-be53-a022ee5a272a,Completeness,date,Federal Comment Period End Date,False
982be203-d26f-477d-bcc6-cea99fb4d491,Completeness,date,Federal Comment Period End Date,False
98c57471-6d7f-4432-b122-43ef914f1beb,Completeness,date,Federal Comment Period End Date,False
99b5f4e4-9072-4d43-a767-888ff839fa20,Completeness,date,Federal Comment Period End Date,False
9a7713d3-de8b-44aa-a022-f597dfbf0773,Completeness,date,Federal Comment Period End Date,False
9ad8ca1f-1260-4f7b-b292-d4705c67a713,Completeness,date,Federal Comment Period End Date,False
9b235170-7893-4b07-89a6-d0a338e0cc13,Completeness,date,Federal Comment Period End Date,False
9b75046b-5e27-4b6a-898f-0374e0357255,Completeness,date,Federal Comment Period End Date,False
9beda77c-9c5b-491c-82f2-2ad45f002b6f,Completeness,date,Federal Comment Period End Date,False
9d5f9218-6afd-465f-aea0-783c6494a809,Completeness,date,Federal Comment Period End Date,False
9e0362bb-03dd-4149-9164-5827f02feb08,Completeness,date,Federal Comment Period End Date,False
9f4e6bbb-1e12-45c4-b519-51cb75c49ef4,Completeness,date,Federal Comment Period End Date,False
a0426e42-6d70-4059-b67d-0d0135a58ba8,Completeness,date,Federal Comment Period End Date,False
a07522dd-7b9f-43a8-9afd-7807503c1361,Completeness,date,Federal Comment Period End Date,False
a1720a4f-5984-4b4c-b929-d10fb071ee97,Completeness,date,Federal Comment Period End Date,False
a4c7e4c0-c0d3-4f12-8b13-3d259379ccdc,Completeness,date,Federal Comment Period End Date,False
a4cb9112-817b-4bd9-a566-75fba2a9ac6d,Completeness,date,Federal Comment Period End Date,False
a5380e32-3927-46eb-a048-f48664ffb809,Completeness,date,Federal Comment Period End Date,False
a664bde0-11bc-47f3-876f-392e943b092c,Completeness,date,Federal Comment Period End Date,False
a6c8c1b0-0a39-40ae-b9cc-f00018e3e41a,Completeness,date,Federal Comment Period End Date,False
a9341a96-f3ac-4d19-b867-805c1c13e0bf,Completeness,date,Federal Comment Period End Date,False
af7fe1f7-b3b6-4372-bc4f-e4b3c8e8b574,Completeness,date,Federal Comment Period End Date,False
b2b50a67-a9c7-4796-8bbb-2885202e8cf5,Completeness,date,Federal Comment Period End Date,False
b40aacee-3dac-447e-a9b6-23b85ad86812,Completeness,date,Federal Comment Period End Date,False
b4397db8-6c82-4093-8872-91cbf5698efe,Completeness,date,Federal Comment Period End Date,False
b526c4a0-fd7e-4b09-af5f-302fc71143a2,Completeness,date,Federal Comment Period End Date,False
b58d203e-fe49-446d-8872-05ee866c51bc,Completeness,date,Federal Comment Period End Date,False
b646eaa5-5146-42ba-8793-f9ff4daffbfb,Completeness,date,Federal Comment Period End Date,False
b8979015-28d2-462d-b4c9-23e734e74637,Completeness,date,Federal Comment Period End Date,False
b8ca0693-642b-42a5-89d5-a0f271e2beaa,Completeness,date,Federal Comment Period End Date,False
b8ce4b5d-b2e0-49ce-9878-2f77b5da13a3,Completeness,date,Federal Comment Period End Date,False
b948eef7-7d1c-44a1-bce9-264e1bd1adbd,Completeness,date,Federal Comment Period End Date,False
b973a0b2-97a5-4846-8396-ba03f50995ef,Completeness,date,Federal Comment Period End Date,False
bb46787a-42bc-417f-a7b8-cdef0fda771f,Completeness,date,Federal Comment Period End Date,False
bc2eaa99-81ce-4727-9212-2e647e4e40a1,Completeness,date,Federal Comment Period End Date,False
bc598f12-3acd-4021-9163-0c01c53d11dd,Completeness,date,Federal Comment Period End Date,False
bcff12d0-748c-47e9-ac21-567260b29630,Completeness,date,Federal Comment Period End Date,False
bd04b5ec-78bb-42e4-af8b-28d59388da88,Completeness,date,Federal Comment Period End Date,False
bd48c893-ab19-4763-88b0-91f9347cc516,Completeness,date,Federal Comment Period End Date,False
bd8d30ad-ee9d-4ba5-a2ff-d2940fde0be3,Completeness,date,Federal Comment Period End Date,False
be09c9ac-d9b9-4370-a268-d973ec0d16f5,Completeness,date,Federal Comment Period End Date,False
bf144d9c-f861-4915-9640-faae738fe092,Completeness,date,Federal Comment Period End Date,False
bf354cb7-af95-45ad-9efa-9e9c76184a8a,Completeness,date,Federal Comment Period End Date,False
c0a1acc2-15f1-458d-94b6-c5fed8f205d4,Completeness,date,Federal Comment Period End Date,False
c13062a4-817d-498f-8c5e-e4f449c1d978,Completeness,date,Federal Comment Period End Date,False
c16a997e-e0f9-4347-8494-9ce77a7ad192,Completeness,date,Federal Comment Period End Date,False
c2f49dfd-0b97-4aab-bc5c-416624ae2cf9,Completeness,date,Federal Comment Period End Date,False
c3046e84-add8-4311-8c2b-a4b4b454c7fd,Completeness,date,Federal Comment Period End Date,False
c34edfa1-113c-47c3-8443-aa98f8a984c7,Completeness,date,Federal Comment Period End Date,False
c5798784-3aef-4ad7-b15a-8248b8a7a274,Completeness,date,Federal Comment Period End Date,False
c74f0781-a0c4-4277-9844-6daa46cdc03d,Completeness,date,Federal Comment Period End Date,False
c7b6bc2b-de8c-4594-94a2-f94a7cdbec01,Completeness,date,Federal Comment Period End Date,False
c7c07fe5-ac27-4296-9440-13916aa30f3a,Completeness,date,Federal Comment Period End Date,False
c88d9b17-5c4d-4c6c-b028-d0ba7894ef2f,Completeness,date,Federal Comment Period End Date,False
c8dabc76-00ef-4790-b6bf-569e26aa1ed9,Completeness,date,Federal Comment Period End Date,False
cace5bc9-6f15-4469-b848-03d64fa0662f,Completeness,date,Federal Comment Period End Date,False
cb5f2906-d9da-497b-8695-092e12c18b9e,Completeness,date,Federal Comment Period End Date,False
cb65dde4-8817-4d5e-8d2d-ca9819c0905d,Completeness,date,Federal Comment Period End Date,False
cb7441d0-c691-4dfb-b98d-a2a8f4b7e81f,Completeness,date,Federal Comment Period End Date,False
ccf6abde-3eae-4fb9-a473-bcf38786512f,Completeness,date,Federal Comment Period End Date,False
cd347114-a964-462b-a855-bfd14c955c14,Completeness,date,Federal Comment Period End Date,False
cd8bd6bd-4867-4466-84f4-2d6f204c8628,Completeness,date,Federal Comment Period End Date,False
cd8d6037-25d7-40a0-879c-b8d85f443f35,Completeness,date,Federal Comment Period End Date,False
cdb1dabc-8e0f-4648-9216-4540cfe80211,Completeness,date,Federal Comment Period End Date,False
ce6100de-f679-44c4-bd26-819ef099a5cb,Completeness,date,Federal Comment Period End Date,False
ce6b5e64-f60b-4661-b1f2-10c25e1c6ad1,Completeness,date,Federal Comment Period End Date,False
cfd0656a-ae45-41c2-bb82-62df6645076f,Completeness,date,Federal Comment Period End Date,False
d2e61c74-178a-4791-b53d-8a1e4ebddd40,Completeness,date,Federal Comment Period End Date,False
d40d1207-a663-40bd-8036-287fc06ea360,Completeness,date,Federal Comment Period End Date,False
d4ce7d33-6c38-4061-85a7-09a7d7be42fd,Completeness,date,Federal Comment Period End Date,False
d74e616c-e6db-4410-9ce1-eadd02eca4e5,Completeness,date,Federal Comment Period End Date,False
d81482a4-fc33-45dc-be8b-9a3a0dd1356e,Completeness,date,Federal Comment Period End Date,False
da5535b9-14bf-48f9-9061-03a8b14f988c,Completeness,date,Federal Comment Period End Date,False
daa5e216-e5ee-4567-a2dc-6165b252b2fb,Completeness,date,Federal Comment Period End Date,False
dac3f05e-1815-4d03-8066-5aa5c1c7ff4a,Completeness,date,Federal Comment Period End Date,False
dbb154f3-4cf5-430e-adbd-df9df5867685,Completeness,date,Federal Comment Period End Date,False
dc8dd640-fc64-4ba3-9894-f243b1e14869,Completeness,date,Federal Comment Period End Date,False
dcdd103d-91da-441d-bd81-3aebf0b31e37,Completeness,date,Federal Comment Period End Date,False
dd544bef-c3da-45bb-b665-546f32a96a7e,Completeness,date,Federal Comment Period End Date,False
e05f17af-8550-4ebe-81d5-e3804993556c,Completeness,date,Federal Comment Period End Date,False
e084fdf7-7572-4eda-9b86-bf3bed22ba02,Completeness,date,Federal Comment Period End Date,False
e14e3eb8-f350-403c-bee3-21868690dfe4,Completeness,date,Federal Comment Period End Date,False
e1db1851-cd99-4ccc-82aa-a2a48982c475,Completeness,date,Federal Comment Period End Date,False
e3b59b4d-8488-4e32-ae71-b6b3c244ef41,Completeness,date,Federal Comment Period End Date,False
e3cbac18-f203-4de2-bda7-dc9a2dc03f58,Completeness,date,Federal Comment Period End Date,False
e4d572d3-49e4-4f44-992a-ea12360501cb,Completeness,date,Federal Comment Period End Date,False
e50ea93d-3fdc-4ca1-b94b-958c044e6330,Completeness,date,Federal Comment Period End Date,False
e576fa42-1317-481f-bb30-8e5b26e96c27,Completeness,date,Federal Comment Period End Date,False
e7572db9-1cc7-4455-9d22-d0d676dd4792,Completeness,date,Federal Comment Period End Date,False
e79fd204-c812-4957-a90a-46c3beb81d56,Completeness,date,Federal Comment Period End Date,False
e7ed830c-61a5-4f3b-b6e0-b7c2f120fd3e,Completeness,date,Federal Comment Period End Date,False
e9225e11-2ed6-4c44-b08b-497ff585e349,Completeness,date,Federal Comment Period End Date,False
ec1d7adf-e662-4db6-a5a5-d6ab811f2d24,Completeness,date,Federal Comment Period End Date,False
ec46307f-ec7b-4e65-a15e-bb1c3d360114,Completeness,date,Federal Comment Period End Date,False
ec76e94b-178b-414b-a442-16cfa3b83a2e,Completeness,date,Federal Comment Period End Date,False
eef2cfd3-6b55-45b0-82ef-17f2d932c519,Completeness,date,Federal Comment Period End Date,False
f13dadee-5052-421c-b42b-3dbba6740c2e,Completeness,date,Federal Comment Period End Date,False
f1ddca41-3217-44af-bcff-bc2e2fd2b710,Completeness,date,Federal Comment Period End Date,False
f28de1d9-0c7f-482b-be4a-37a5010395b6,Completeness,date,Federal Comment Period End Date,False
f35c1cd7-761e-4072-a2d6-1abe8117ced5,Completeness,date,Federal Comment Period End Date,False
f42e43e2-536c-445c-88b3-5ef2a83423ad,Completeness,date,Federal Comment Period End Date,False
f4358c61-6506-497e-a179-dac4603ce4a4,Completeness,date,Federal Comment Period End Date,False
f641320f-8cae-452f-999f-f650d13d24ff,Completeness,date,Federal Comment Period End Date,False
f69d1f8d-849e-4c43-84af-1d6aadb19433,Completeness,date,Federal Comment Period End Date,False
f6eec1f1-9bdc-41ea-a810-e0695dd360b1,Completeness,date,Federal Comment Period End Date,False
f723aea0-4ef8-4a60-b98e-0393f346cfbd,Completeness,date,Federal Comment Period End Date,False
f8750186-e249-4421-8246-abb93a6a80e2,Completeness,date,Federal Comment Period End Date,False
f935244b-2eac-4613-b7fa-d94d731015c5,Completeness,date,Federal Comment Period End Date,False
fa23b695-abaf-4991-a36c-fd3b562bca5d,Completeness,date,Federal Comment Period End Date,False
fa288f4b-d424-4cfa-8faa-c1e2b08dc009,Completeness,date,Federal Comment Period End Date,False
fb5ab5b6-9802-4344-9765-bc636223a99c,Completeness,date,Federal Comment Period End Date,False
fb67f194-6495-46de-b313-f37e3f77892e,Completeness,date,Federal Comment Period End Date,False
fbca251b-1a37-4c01-bc0f-7a8f956e81fd,Completeness,date,Federal Comment Period End Date,False
fc8af835-194a-4fdb-a3db-750a7af79998,Completeness,date,Federal Comment Period End Date,False
fd3ac48a-a385-4ba1-b26f-f078f892ccfc,Completeness,date,Federal Comment Period End Date,False
fe0d0cd6-268b-42a8-a671-88f6cf199192,Completeness,date,Federal Comment Period End Date,False
fe371a3a-ba6b-4f7c-83e7-60f36602e89d,Completeness,date,Federal Comment Period End Date,False
007cc95c-92ae-40cc-850e-50bb331b658d,Completeness,date,Federal Comment Period Start Date,False
01202dd5-67e9-432f-a5ef-d9e4e49f8f76,Completeness,date,Federal Comment Period Start Date,False
0181f074-ee92-420b-822d-aedfadcd4c7d,Completeness,date,Federal Comment Period Start Date,False
01dca696-c094-4f14-ade8-c96f19292a92,Completeness,date,Federal Comment Period Start Date,False
0473183d-2e93-4371-a841-47350d3e765b,Completeness,date,Federal Comment Period Start Date,False
08a66d07-dfe1-4225-b3d1-cf7604909b58,Completeness,date,Federal Comment Period Start Date,False
08ced498-8997-401c-a186-daa67a4ff809,Completeness,date,Federal Comment Period Start Date,False
08fceebe-6835-408b-97de-b7f3b8522706,Completeness,date,Federal Comment Period Start Date,False
0965889d-2796-4022-adc9-7ad6b2f7895e,Completeness,date,Federal Comment Period Start Date,False
0977ad7f-a35c-4e4e-b50b-2f1834ad5014,Completeness,date,Federal Comment Period Start Date,False
09f34d93-656c-4793-ad53-f06d53f03192,Completeness,date,Federal Comment Period Start Date,False
0a7679ae-d047-49fb-9996-9c5c497a1ad5,Completeness,date,Federal Comment Period Start Date,False
0aacc3ec-a6fc-41cb-84e3-3fd8ca5f4c25,Completeness,date,Federal Comment Period Start Date,False
0ad53526-62cf-405b-aaaf-d62dfa2433b6,Completeness,date,Federal Comment Period Start Date,False
0b11ca84-a492-41e1-9fb1-7c988da310ba,Completeness,date,Federal Comment Period Start Date,False
0b49419b-eb17-4fb1-99e2-79f58fca2b75,Completeness,date,Federal Comment Period Start Date,False
0b8752ca-48d3-4e08-8369-d92c9d1b0427,Completeness,date,Federal Comment Period Start Date,False
0c74168d-4ed3-485b-aca4-d82cd5ca4fa5,Completeness,date,Federal Comment Period Start Date,False
0cc17b4c-5437-425e-9700-c8e90f09aaf6,Completeness,date,Federal Comment Period Start Date,False
0cdb6064-b473-4a2e-bdc2-d6dfded63446,Completeness,date,Federal Comment Period Start Date,False
0fbdef7a-fb36-430d-ae8d-0d34882e1c74,Completeness,date,Federal Comment Period Start Date,False
0fcfc81f-e55a-4374-ba2b-ec37081df6d3,Completeness,date,Federal Comment Period Start Date,False
110f9760-16ff-4adf-8f29-1c0a24db5ca0,Completeness,date,Federal Comment Period Start Date,False
11bbbe73-e085-4be3-84ec-70cfb3a2f31b,Completeness,date,Federal Comment Period Start Date,False
123b47d8-b25f-448b-a762-b51d97c518dc,Completeness,date,Federal Comment Period Start Date,False
13fbcf4d-aaac-4d6f-9c56-1c7de963b003,Completeness,date,Federal Comment Period Start Date,False
14631a8e-32a3-4657-a29e-9374112a72e9,Completeness,date,Federal Comment Period Start Date,False
150fd48e-7a9a-4417-a4a2-04e6240e0da1,Completeness,date,Federal Comment Period Start Date,False
16b94b99-94e4-47f7-86f2-235d6fbbb3f0,Completeness,date,Federal Comment Period Start Date,False
17d07543-f9f1-481f-90e3-49125eea23d3,Completeness,date,Federal Comment Period Start Date,False
17fae73d-32e2-487b-802d-4245eb8dac1b,Completeness,date,Federal Comment Period Start Date,False
18bf9f77-362a-405b-849c-d2c642fcd9b4,Completeness,date,Federal Comment Period Start Date,False
194ee888-180e-4ec1-86e2-90ac54999c6e,Completeness,date,Federal Comment Period Start Date,False
196cd174-4db0-4d4d-bc83-612c75b53c0c,Completeness,date,Federal Comment Period Start Date,False
19cde612-c7fa-42bf-861e-c527ab0b5b6e,Completeness,date,Federal Comment Period Start Date,False
1ac4f92b-8b39-4081-ab13-f12d29995ba7,Completeness,date,Federal Comment Period Start Date,False
1ad59f7a-cd6e-4454-8809-f1529f4d2590,Completeness,date,Federal Comment Period Start Date,False
1b0a267d-bb05-4d13-9499-9ce34b1aff6f,Completeness,date,Federal Comment Period Start Date,False
1b155e69-e927-4a64-be66-940ac3093a0d,Completeness,date,Federal Comment Period Start Date,False
1b3322cf-8bdf-4cfd-85fc-880f96ae6c78,Completeness,date,Federal Comment Period Start Date,False
1b4db82b-54a7-4da0-b5ae-9d677c54a565,Completeness,date,Federal Comment Period Start Date,False
1bd03341-d171-424d-8bf8-acb73c44c57a,Completeness,date,Federal Comment Period Start Date,False
1c26a74c-03ef-4302-94a0-3b794cf583ab,Completeness,date,Federal Comment Period Start Date,False
1cd11925-91b7-4110-b62f-e26f5980e336,Completeness,date,Federal Comment Period Start Date,False
1e0a7577-b08e-46bf-8119-1aa425b90334,Completeness,date,Federal Comment Period Start Date,False
2071241b-eaec-4108-9ad5-5d5bc6f96071,Completeness,date,Federal Comment Period Start Date,False
2073f1f3-9c70-4e27-9f9e-4105c51be8f7,Completeness,date,Federal Comment Period Start Date,False
224b4c22-66d1-40fe-ae57-04c911173d74,Completeness,date,Federal Comment Period Start Date,False
232ce729-df65-41ad-ae63-40d269cd34aa,Completeness,date,Federal Comment Period Start Date,False
26cf0dca-fe07-4614-9ed1-cc59bbad3c76,Completeness,date,Federal Comment Period Start Date,False
279bc6a9-6a87-474f-881b-b14b05f731c8,Completeness,date,Federal Comment Period Start Date,False
27c14bd5-9e48-4833-8da0-d0bd2727aaec,Completeness,date,Federal Comment Period Start Date,False
280e7e47-9d18-4963-bfa5-22dab94f8408,Completeness,date,Federal Comment Period Start Date,False
2916eb15-b065-4f44-ac82-a37475aedeab,Completeness,date,Federal Comment Period Start Date,False
2accbe88-b9ce-4d0f-8368-d4f8352301a5,Completeness,date,Federal Comment Period Start Date,False
2b0c1e40-571d-4b06-975b-02d163f138ae,Completeness,date,Federal Comment Period Start Date,False
2b8070d1-36c9-4562-8686-3551ae2ef257,Completeness,date,Federal Comment Period Start Date,False
2c51fad0-036e-4062-96d3-f741d1f23341,Completeness,date,Federal Comment Period Start Date,False
2d35dad4-a3f0-44e9-b79b-8ae9f29642fe,Completeness,date,Federal Comment Period Start Date,False
2d38b1d0-0919-4d3c-8f42-3e6c62683b50,Completeness,date,Federal Comment Period Start Date,False
2dc270c0-27f0-4992-8602-1fbbdcafa7b0,Completeness,date,Federal Comment Period Start Date,False
2df84448-6f71-4914-b227-3ffbb6c3f3b8,Completeness,date,Federal Comment Period Start Date,False
2e8fea71-0bde-4508-8478-9413704abf1d,Completeness,date,Federal Comment Period Start Date,False
2f5ee146-d497-4de9-8d00-e67db4a54563,Completeness,date,Federal Comment Period Start Date,False
2f94274e-5b24-467e-a3e1-3ea5dd93bbec,Completeness,date,Federal Comment Period Start Date,False
30539da0-ca78-4740-a5b1-da3e35a2f472,Completeness,date,Federal Comment Period Start Date,False
31afe2bf-4951-4d57-99ba-6394eb5711ba,Completeness,date,Federal Comment Period Start Date,False
31c6c568-37af-4d37-887b-636ff767fea1,Completeness,date,Federal Comment Period Start Date,False
3208d7be-c6bf-4fe3-b373-f528c99dd548,Completeness,date,Federal Comment Period Start Date,False
349f4f06-0e6c-491c-9e39-16073e2ee0f3,Completeness,date,Federal Comment Period Start Date,False
356a9ff0-124e-4a2f-9629-08e72f33b78b,Completeness,date,Federal Comment Period Start Date,False
35eb3be5-e50e-49d3-bf7c-42fa6f767e87,Completeness,date,Federal Comment Period Start Date,False
36b8a283-3e06-49b9-8236-e5947b849673,Completeness,date,Federal Comment Period Start Date,False
388ac56a-d77a-47d8-a1a9-223726638ee9,Completeness,date,Federal Comment Period Start Date,False
3954a225-e64e-4e6f-badd-e41ef1ed8ec4,Completeness,date,Federal Comment Period Start Date,False
396573ba-a1e2-4428-ad77-276a273884ab,Completeness,date,Federal Comment Period Start Date,False
3be48392-7bc2-416c-9064-516e8fbca5fd,Completeness,date,Federal Comment Period Start Date,False
3c42d745-e2c8-42df-827f-910a55f563bb,Completeness,date,Federal Comment Period Start Date,False
3f8ab05e-a761-4775-8d14-dc3b6ac9c42f,Completeness,date,Federal Comment Period Start Date,False
3f9b7639-d592-4f2b-8665-806bc4be4817,Completeness,date,Federal Comment Period Start Date,False
4273d858-eb53-49ce-892f-da66c13a1041,Completeness,date,Federal Comment Period Start Date,False
4278f28d-1806-4898-b56e-5fe6a7cc3bbb,Completeness,date,Federal Comment Period Start Date,False
42bda103-5071-4e05-95df-6a21b02309a0,Completeness,date,Federal Comment Period Start Date,False
4300b588-9c0e-490d-9b7f-08074583756e,Completeness,date,Federal Comment Period Start Date,False
434c0046-5d1d-4558-919b-fefb46dc5e59,Completeness,date,Federal Comment Period Start Date,False
43d8b6eb-c59c-4106-ac90-f3a5145d0fc5,Completeness,date,Federal Comment Period Start Date,False
43f0f178-3151-4e8f-9836-5c92522c971f,Completeness,date,Federal Comment Period Start Date,False
4510420f-1095-4c0c-b6ff-8f909a92ff6b,Completeness,date,Federal Comment Period Start Date,False
45460c60-fb59-4c72-87b1-253ff9674656,Completeness,date,Federal Comment Period Start Date,False
47d34a19-20af-453d-ab23-0220c875f015,Completeness,date,Federal Comment Period Start Date,False
47d57b40-32df-4108-b2f4-9371b7251603,Completeness,date,Federal Comment Period Start Date,False
4ac33e36-e034-4905-bc81-18c4fb117723,Completeness,date,Federal Comment Period Start Date,False
4c6f2ef7-46f4-4d5b-b200-dfdc9fc7182c,Completeness,date,Federal Comment Period Start Date,False
4c7e1658-26d9-4281-8923-f39602cbe62d,Completeness,date,Federal Comment Period Start Date,False
4c859061-4d2d-4ba2-9b25-ed2ea253a660,Completeness,date,Federal Comment Period Start Date,False
4d1d0cbd-d678-46bd-9271-5d820b84d247,Completeness,date,Federal Comment Period Start Date,False
4df5b564-f29a-4d6f-888a-f45cfafc80a7,Completeness,date,Federal Comment Period Start Date,False
4f4ca8f2-642d-486b-9e1b-403d044e0c08,Completeness,date,Federal Comment Period Start Date,False
50607850-a7d0-41e6-9e1c-5eaa97970480,Completeness,date,Federal Comment Period Start Date,False
51573012-04dc-491f-b41a-0bb4b24efec9,Completeness,date,Federal Comment Period Start Date,False
517d3bce-f1df-4b8a-abf5-4714d5dd0e0e,Completeness,date,Federal Comment Period Start Date,False
52a0996b-7c44-494d-b776-c61ea23e8151,Completeness,date,Federal Comment Period Start Date,False
52e72c12-28f6-40b8-847a-8955b3e9e17e,Completeness,date,Federal Comment Period Start Date,False
532eb869-f195-47a4-85d4-c9cd60d5b74d,Completeness,date,Federal Comment Period Start Date,False
563107d6-fbe5-4d2e-b9c0-82224b7b799f,Completeness,date,Federal Comment Period Start Date,False
563f2f45-f01b-4496-97ed-b87c3c7df7da,Completeness,date,Federal Comment Period Start Date,False
5658e206-a582-4aa5-b4c9-8dc15f882ede,Completeness,date,Federal Comment Period Start Date,False
592546ba-edaa-4798-a4ba-8ef560f70d8a,Completeness,date,Federal Comment Period Start Date,False
59c17cc5-53df-493c-9fe7-8c60fc74b2e9,Completeness,date,Federal Comment Period Start Date,False
5a771745-7b29-42b9-b42a-67ae2458aa9f,Completeness,date,Federal Comment Period Start Date,False
5b401019-3ea0-4a2b-b244-522d987c44d4,Completeness,date,Federal Comment Period Start Date,False
5c691bac-63fb-49b2-8ba2-64943643c0f9,Completeness,date,Federal Comment Period Start Date,False
5c9f465d-0d82-45dc-b417-a9f37d22aeca,Completeness,date,Federal Comment Period Start Date,False
5d2f4ed6-f0c0-4ca8-b358-0895ecec7264,Completeness,date,Federal Comment Period Start Date,False
5d3e70d1-a912-40f5-a96f-2972c859d992,Completeness,date,Federal Comment Period Start Date,False
5fe23d01-4b5e-4219-af15-0704686827fc,Completeness,date,Federal Comment Period Start Date,False
60ea7851-9e7e-4105-ae9d-fdf7ee9dce7a,Completeness,date,Federal Comment Period Start Date,False
6121bb37-1f43-4709-be1d-7e2e0e1524e4,Completeness,date,Federal Comment Period Start Date,False
62752f90-fcb7-4eba-9d0d-64cfd883a3f6,Completeness,date,Federal Comment Period Start Date,False
644cea4d-9889-4f33-8e94-aba05cac72c7,Completeness,date,Federal Comment Period Start Date,False
64d33085-d365-4e7c-9a9a-03f009e60a7d,Completeness,date,Federal Comment Period Start Date,False
64d488e8-b0ea-4975-8cab-b5e1c5e7081e,Completeness,date,Federal Comment Period Start Date,False
656ea06b-143e-4e04-981b-cc409f142662,Completeness,date,Federal Comment Period Start Date,False
658036b5-c984-434a-b72d-88cfcafee003,Completeness,date,Federal Comment Period Start Date,False
65abf3d1-0cd4-4d40-bcce-156a76c0a035,Completeness,date,Federal Comment Period Start Date,False
65e2a59a-dd59-4fdb-abc6-741972bc1a84,Completeness,date,Federal Comment Period Start Date,False
661424ae-5057-4909-bdf3-9ae7ec847d24,Completeness,date,Federal Comment Period Start Date,False
674aac2b-0390-4171-8c9d-4c1c3c03a8e6,Completeness,date,Federal Comment Period Start Date,False
685474b8-5a90-49b6-aa6c-59b65628eaf9,Completeness,date,Federal Comment Period Start Date,False
68fff0c7-741d-465d-971e-9c3aae683fa3,Completeness,date,Federal Comment Period Start Date,False
6c913f9b-c332-4952-a70d-1a6231261340,Completeness,date,Federal Comment Period Start Date,False
6e11e177-b4ea-45fe-8c56-0af3e9e2e1e6,Completeness,date,Federal Comment Period Start Date,False
6e992441-2a89-4294-a7f4-9becec15e22b,Completeness,date,Federal Comment Period Start Date,False
6eb1f8a6-6dcb-4f27-990f-3c938fd2478d,Completeness,date,Federal Comment Period Start Date,False
6ef3661c-b813-425e-95ee-75a33095b612,Completeness,date,Federal Comment Period Start Date,False
6f50e23b-ce21-4e18-8fb6-f7775b89e41e,Completeness,date,Federal Comment Period Start Date,False
7113f4e2-9519-404d-bd73-191cffcaaeb7,Completeness,date,Federal Comment Period Start Date,False
713bada4-df31-4258-9b20-9dadac43c1cc,Completeness,date,Federal Comment Period Start Date,False
71bd7472-26c4-4cd1-a1fd-d23bc11cf9e0,Completeness,date,Federal Comment Period Start Date,False
71e8bdde-35a5-43a0-9ebd-53cd29bb5aed,Completeness,date,Federal Comment Period Start Date,False
7247c6cc-a4f8-422b-a0d4-eb7023de52c4,Completeness,date,Federal Comment Period Start Date,False
72ba07e4-1073-4c30-976b-4c6d836a7afa,Completeness,date,Federal Comment Period Start Date,False
7359cb4b-7f34-4322-9379-448e4c4a3ebf,Completeness,date,Federal Comment Period Start Date,False
7381c72c-ddc3-406e-82af-988a5972a2c9,Completeness,date,Federal Comment Period Start Date,False
73d073a5-d31c-49c5-8e37-9edf2f970f4b,Completeness,date,Federal Comment Period Start Date,False
753784a3-c5ec-4826-a5ee-dfc9664cbf90,Completeness,date,Federal Comment Period Start Date,False
76f5cfc6-aae5-470d-bdd3-9492644e3dbd,Completeness,date,Federal Comment Period Start Date,False
77487dfc-4eaa-4b0d-97fc-91b3614a9542,Completeness,date,Federal Comment Period Start Date,False
77621ac9-146a-4540-bdf2-e59e63e5278d,Completeness,date,Federal Comment Period Start Date,False
79b7bb6e-2230-4d76-a4fc-b498031190a3,Completeness,date,Federal Comment Period Start Date,False
79d28d84-31cd-4e95-9e98-92fb3e480065,Completeness,date,Federal Comment Period Start Date,False
7ae1272a-e47a-4228-aae8-7855b6737052,Completeness,date,Federal Comment Period Start Date,False
7c356590-c4df-4f86-a44e-ab562321ee09,Completeness,date,Federal Comment Period Start Date,False
7c43bc46-6034-4df6-a40f-d8bba45e320a,Completeness,date,Federal Comment Period Start Date,False
7c66762a-21ce-4e96-a766-1b705463e62c,Completeness,date,Federal Comment Period Start Date,False
7c9256d8-ff1b-4208-a542-9c2485ea95d7,Completeness,date,Federal Comment Period Start Date,False
7d002e7e-6ac9-47ea-8ae7-5ef111b9202a,Completeness,date,Federal Comment Period Start Date,False
7d0bd82d-b71e-48a5-885c-0e6efbccb57b,Completeness,date,Federal Comment Period Start Date,False
7e09d6dd-6a16-4878-a186-686978528cb6,Completeness,date,Federal Comment Period Start Date,False
7e6ad85c-4984-4a98-87e8-574a2eebdc47,Completeness,date,Federal Comment Period Start Date,False
7ee95840-8e0a-4dde-8636-ca10711f046e,Completeness,date,Federal Comment Period Start Date,False
7f405a54-2777-4fa1-85c0-8dbaa1c7d361,Completeness,date,Federal Comment Period Start Date,False
805e0f96-ad57-490a-b16b-76811f9d3cbe,Completeness,date,Federal Comment Period Start Date,False
80a1a128-5ef0-47ba-af5a-d9bb4be2af9f,Completeness,date,Federal Comment Period Start Date,False
812eee93-224e-45d1-8b44-b5f112330a1c,Completeness,date,Federal Comment Period Start Date,False
8263c0a9-0ff4-42af-a9be-bbc9eac3c117,Completeness,date,Federal Comment Period Start Date,False
83c3e37c-2043-4d84-ba05-c305d78b230b,Completeness,date,Federal Comment Period Start Date,False
85091d55-a133-4bef-af0a-f8c0ec9f7a55,Completeness,date,Federal Comment Period Start Date,False
861404d8-993a-4c33-965d-bc3c1e399e6e,Completeness,date,Federal Comment Period Start Date,False
86761e5d-41eb-44ed-8f8b-2ce49781c2be,Completeness,date,Federal Comment Period Start Date,False
86ae7990-339a-4643-a194-dd0455c29760,Completeness,date,Federal Comment Period Start Date,False
86df92e1-e4ed-47f1-9bdf-56f216818bba,Completeness,date,Federal Comment Period Start Date,False
886828db-adcb-49a5-9550-45030a0bf747,Completeness,date,Federal Comment Period Start Date,False
89897d99-9c7e-4475-9815-3e71708dd352,Completeness,date,Federal Comment Period Start Date,False
8cb9aba6-e34e-451a-81b5-49212188a3a5,Completeness,date,Federal Comment Period Start Date,False
8cbe1c30-8b78-4c66-8b4d-1dc6aa90b759,Completeness,date,Federal Comment Period Start Date,False
8dd91d38-fbd3-4d49-8735-c3aa42dc6a73,Completeness,date,Federal Comment Period Start Date,False
8e1176a4-6d9e-4258-b058-855ee4b31b9d,Completeness,date,Federal Comment Period Start Date,False
8f00753c-cc0e-4a2a-a810-2ad6159fb047,Completeness,date,Federal Comment Period Start Date,False
8f1f11a7-8398-47e4-8891-9b03b1a8560d,Completeness,date,Federal Comment Period Start Date,False
9082ab6c-6c8c-4290-8cb9-0497a54b355b,Completeness,date,Federal Comment Period Start Date,False
9125774f-80db-44ba-a2c0-9fdcbd3deef9,Completeness,date,Federal Comment Period Start Date,False
9368bc5d-845f-4100-8e38-82a4895b751a,Completeness,date,Federal Comment Period Start Date,False
93aac463-f051-4f83-bdf7-8f3a5b6c6205,Completeness,date,Federal Comment Period Start Date,False
946c3779-7558-40f6-b24b-e7f1a581f2f5,Completeness,date,Federal Comment Period Start Date,False
950fcd2f-4f1f-41dd-bc0d-ac257837771d,Completeness,date,Federal Comment Period Start Date,False
96bf3ad9-99db-4a02-be53-a022ee5a272a,Completeness,date,Federal Comment Period Start Date,False
982be203-d26f-477d-bcc6-cea99fb4d491,Completeness,date,Federal Comment Period Start Date,False
98c57471-6d7f-4432-b122-43ef914f1beb,Completeness,date,Federal Comment Period Start Date,False
99b5f4e4-9072-4d43-a767-888ff839fa20,Completeness,date,Federal Comment Period Start Date,False
9a7713d3-de8b-44aa-a022-f597dfbf0773,Completeness,date,Federal Comment Period Start Date,False
9ad8ca1f-1260-4f7b-b292-d4705c67a713,Completeness,date,Federal Comment Period Start Date,False
9b235170-7893-4b07-89a6-d0a338e0cc13,Completeness,date,Federal Comment Period Start Date,False
9b75046b-5e27-4b6a-898f-0374e0357255,Completeness,date,Federal Comment Period Start Date,False
9beda77c-9c5b-491c-82f2-2ad45f002b6f,Completeness,date,Federal Comment Period Start Date,False
9d5f9218-6afd-465f-aea0-783c6494a809,Completeness,date,Federal Comment Period Start Date,False
9e0362bb-03dd-4149-9164-5827f02feb08,Completeness,date,Federal Comment Period Start Date,False
9f4e6bbb-1e12-45c4-b519-51cb75c49ef4,Completeness,date,Federal Comment Period Start Date,False
a0426e42-6d70-4059-b67d-0d0135a58ba8,Completeness,date,Federal Comment Period Start Date,False
a07522dd-7b9f-43a8-9afd-7807503c1361,Completeness,date,Federal Comment Period Start Date,False
a1720a4f-5984-4b4c-b929-d10fb071ee97,Completeness,date,Federal Comment Period Start Date,False
a4c7e4c0-c0d3-4f12-8b13-3d259379ccdc,Completeness,date,Federal Comment Period Start Date,False
a4cb9112-817b-4bd9-a566-75fba2a9ac6d,Completeness,date,Federal Comment Period Start Date,False
a5380e32-3927-46eb-a048-f48664ffb809,Completeness,date,Federal Comment Period Start Date,False
a664bde0-11bc-47f3-876f-392e943b092c,Completeness,date,Federal Comment Period Start Date,False
a6c8c1b0-0a39-40ae-b9cc-f00018e3e41a,Completeness,date,Federal Comment Period Start Date,False
a9341a96-f3ac-4d19-b867-805c1c13e0bf,Completeness,date,Federal Comment Period Start Date,False
af7fe1f7-b3b6-4372-bc4f-e4b3c8e8b574,Completeness,date,Federal Comment Period Start Date,False
b2b50a67-a9c7-4796-8bbb-2885202e8cf5,Completeness,date,Federal Comment Period Start Date,False
b40aacee-3dac-447e-a9b6-23b85ad86812,Completeness,date,Federal Comment Period Start Date,False
b4397db8-6c82-4093-8872-91cbf5698efe,Completeness,date,Federal Comment Period Start Date,False
b526c4a0-fd7e-4b09-af5f-302fc71143a2,Completeness,date,Federal Comment Period Start Date,False
b58d203e-fe49-446d-8872-05ee866c51bc,Completeness,date,Federal Comment Period Start Date,False
b646eaa5-5146-42ba-8793-f9ff4daffbfb,Completeness,date,Federal Comment Period Start Date,False
b8979015-28d2-462d-b4c9-23e734e74637,Completeness,date,Federal Comment Period Start Date,False
b8ca0693-642b-42a5-89d5-a0f271e2beaa,Completeness,date,Federal Comment Period Start Date,False
b8ce4b5d-b2e0-49ce-9878-2f77b5da13a3,Completeness,date,Federal Comment Period Start Date,False
b948eef7-7d1c-44a1-bce9-264e1bd1adbd,Completeness,date,Federal Comment Period Start Date,False
b973a0b2-97a5-4846-8396-ba03f50995ef,Completeness,date,Federal Comment Period Start Date,False
bb46787a-42bc-417f-a7b8-cdef0fda771f,Completeness,date,Federal Comment Period Start Date,False
bc2eaa99-81ce-4727-9212-2e647e4e40a1,Completeness,date,Federal Comment Period Start Date,False
bc598f12-3acd-4021-9163-0c01c53d11dd,Completeness,date,Federal Comment Period Start Date,False
bcff12d0-748c-47e9-ac21-567260b29630,Completeness,date,Federal Comment Period Start Date,False
bd04b5ec-78bb-42e4-af8b-28d59388da88,Completeness,date,Federal Comment Period Start Date,False
bd48c893-ab19-4763-88b0-91f9347cc516,Completeness,date,Federal Comment Period Start Date,False
bd8d30ad-ee9d-4ba5-a2ff-d2940fde0be3,Completeness,date,Federal Comment Period Start Date,False
be09c9ac-d9b9-4370-a268-d973ec0d16f5,Completeness,date,Federal Comment Period Start Date,False
bf144d9c-f861-4915-9640-faae738fe092,Completeness,date,Federal Comment Period Start Date,False
bf354cb7-af95-45ad-9efa-9e9c76184a8a,Completeness,date,Federal Comment Period Start Date,False
c0a1acc2-15f1-458d-94b6-c5fed8f205d4,Completeness,date,Federal Comment Period Start Date,False
c13062a4-817d-498f-8c5e-e4f449c1d978,Completeness,date,Federal Comment Period Start Date,False
c16a997e-e0f9-4347-8494-9ce77a7ad192,Completeness,date,Federal Comment Period Start Date,False
c2f49dfd-0b97-4aab-bc5c-416624ae2cf9,Completeness,date,Federal Comment Period Start Date,False
c3046e84-add8-4311-8c2b-a4b4b454c7fd,Completeness,date,Federal Comment Period Start Date,False
c34edfa1-113c-47c3-8443-aa98f8a984c7,Completeness,date,Federal Comment Period Start Date,False
c5798784-3aef-4ad7-b15a-8248b8a7a274,Completeness,date,Federal Comment Period Start Date,False
c74f0781-a0c4-4277-9844-6daa46cdc03d,Completeness,date,Federal Comment Period Start Date,False
c7b6bc2b-de8c-4594-94a2-f94a7cdbec01,Completeness,date,Federal Comment Period Start Date,False
c7c07fe5-ac27-4296-9440-13916aa30f3a,Completeness,date,Federal Comment Period Start Date,False
c88d9b17-5c4d-4c6c-b028-d0ba7894ef2f,Completeness,date,Federal Comment Period Start Date,False
c8dabc76-00ef-4790-b6bf-569e26aa1ed9,Completeness,date,Federal Comment Period Start Date,False
cace5bc9-6f15-4469-b848-03d64fa0662f,Completeness,date,Federal Comment Period Start Date,False
cb5f2906-d9da-497b-8695-092e12c18b9e,Completeness,date,Federal Comment Period Start Date,False
cb65dde4-8817-4d5e-8d2d-ca9819c0905d,Completeness,date,Federal Comment Period Start Date,False
cb7441d0-c691-4dfb-b98d-a2a8f4b7e81f,Completeness,date,Federal Comment Period Start Date,False
ccf6abde-3eae-4fb9-a473-bcf38786512f,Completeness,date,Federal Comment Period Start Date,False
cd347114-a964-462b-a855-bfd14c955c14,Completeness,date,Federal Comment Period Start Date,False
cd8bd6bd-4867-4466-84f4-2d6f204c8628,Completeness,date,Federal Comment Period Start Date,False
cd8d6037-25d7-40a0-879c-b8d85f443f35,Completeness,date,Federal Comment Period Start Date,False
cdb1dabc-8e0f-4648-9216-4540cfe80211,Completeness,date,Federal Comment Period Start Date,False
ce6100de-f679-44c4-bd26-819ef099a5cb,Completeness,date,Federal Comment Period Start Date,False
ce6b5e64-f60b-4661-b1f2-10c25e1c6ad1,Completeness,date,Federal Comment Period Start Date,False
cfd0656a-ae45-41c2-bb82-62df6645076f,Completeness,date,Federal Comment Period Start Date,False
d2e61c74-178a-4791-b53d-8a1e4ebddd40,Completeness,date,Federal Comment Period Start Date,False
d40d1207-a663-40bd-8036-287fc06ea360,Completeness,date,Federal Comment Period Start Date,False
d4ce7d33-6c38-4061-85a7-09a7d7be42fd,Completeness,date,Federal Comment Period Start Date,False
d74e616c-e6db-4410-9ce1-eadd02eca4e5,Completeness,date,Federal Comment Period Start Date,False
d81482a4-fc33-45dc-be8b-9a3a0dd1356e,Completeness,date,Federal Comment Period Start Date,False
da5535b9-14bf-48f9-9061-03a8b14f988c,Completeness,date,Federal Comment Period Start Date,False
daa5e216-e5ee-4567-a2dc-6165b252b2fb,Completeness,date,Federal Comment Period Start Date,False
dac3f05e-1815-4d03-8066-5aa5c1c7ff4a,Completeness,date,Federal Comment Period Start Date,False
dbb154f3-4cf5-430e-adbd-df9df5867685,Completeness,date,Federal Comment Period Start Date,False
dc8dd640-fc64-4ba3-9894-f243b1e14869,Completeness,date,Federal Comment Period Start Date,False
dcdd103d-91da-441d-bd81-3aebf0b31e37,Completeness,date,Federal Comment Period Start Date,False
dd544bef-c3da-45bb-b665-546f32a96a7e,Completeness,date,Federal Comment Period Start Date,False
e05f17af-8550-4ebe-81d5-e3804993556c,Completeness,date,Federal Comment Period Start Date,False
e084fdf7-7572-4eda-9b86-bf3bed22ba02,Completeness,date,Federal Comment Period Start Date,False
e14e3eb8-f350-403c-bee3-21868690dfe4,Completeness,date,Federal Comment Period Start Date,False
e1db1851-cd99-4ccc-82aa-a2a48982c475,Completeness,date,Federal Comment Period Start Date,False
e3b59b4d-8488-4e32-ae71-b6b3c244ef41,Completeness,date,Federal Comment Period Start Date,False
e3cbac18-f203-4de2-bda7-dc9a2dc03f58,Completeness,date,Federal Comment Period Start Date,False
e4d572d3-49e4-4f44-992a-ea12360501cb,Completeness,date,Federal Comment Period Start Date,False
e50ea93d-3fdc-4ca1-b94b-958c044e6330,Completeness,date,Federal Comment Period Start Date,False
e576fa42-1317-481f-bb30-8e5b26e96c27,Completeness,date,Federal Comment Period Start Date,False
e7572db9-1cc7-4455-9d22-d0d676dd4792,Completeness,date,Federal Comment Period Start Date,False
e79fd204-c812-4957-a90a-46c3beb81d56,Completeness,date,Federal Comment Period Start Date,False
e7ed830c-61a5-4f3b-b6e0-b7c2f120fd3e,Completeness,date,Federal Comment Period Start Date,False
e9225e11-2ed6-4c44-b08b-497ff585e349,Completeness,date,Federal Comment Period Start Date,False
ec1d7adf-e662-4db6-a5a5-d6ab811f2d24,Completeness,date,Federal Comment Period Start Date,False
ec46307f-ec7b-4e65-a15e-bb1c3d360114,Completeness,date,Federal Comment Period Start Date,False
ec76e94b-178b-414b-a442-16cfa3b83a2e,Completeness,date,Federal Comment Period Start Date,False
eef2cfd3-6b55-45b0-82ef-17f2d932c519,Completeness,date,Federal Comment Period Start Date,False
f13dadee-5052-421c-b42b-3dbba6740c2e,Completeness,date,Federal Comment Period Start Date,False
f1ddca41-3217-44af-bcff-bc2e2fd2b710,Completeness,date,Federal Comment Period Start Date,False
f28de1d9-0c7f-482b-be4a-37a5010395b6,Completeness,date,Federal Comment Period Start Date,False
f35c1cd7-761e-4072-a2d6-1abe8117ced5,Completeness,date,Federal Comment Period Start Date,False
f42e43e2-536c-445c-88b3-5ef2a83423ad,Completeness,date,Federal Comment Period Start Date,False
f4358c61-6506-497e-a179-dac4603ce4a4,Completeness,date,Federal Comment Period Start Date,False
f641320f-8cae-452f-999f-f650d13d24ff,Completeness,date,Federal Comment Period Start Date,False
f69d1f8d-849e-4c43-84af-1d6aadb19433,Completeness,date,Federal Comment Period Start Date,False
f6eec1f1-9bdc-41ea-a810-e0695dd360b1,Completeness,date,Federal Comment Period Start Date,False
f723aea0-4ef8-4a60-b98e-0393f346cfbd,Completeness,date,Federal Comment Period Start Date,False
f8750186-e249-4421-8246-abb93a6a80e2,Completeness,date,Federal Comment Period Start Date,False
f935244b-2eac-4613-b7fa-d94d731015c5,Completeness,date,Federal Comment Period Start Date,False
fa23b695-abaf-4991-a36c-fd3b562bca5d,Completeness,date,Federal Comment Period Start Date,False
fa288f4b-d424-4cfa-8faa-c1e2b08dc009,Completeness,date,Federal Comment Period Start Date,False
fb5ab5b6-9802-4344-9765-bc636223a99c,Completeness,date,Federal Comment Period Start Date,False
fb67f194-6495-46de-b313-f37e3f77892e,Completeness,date,Federal Comment Period Start Date,False
fbca251b-1a37-4c01-bc0f-7a8f956e81fd,Completeness,date,Federal Comment Period Start Date,False
fc8af835-194a-4fdb-a3db-750a7af79998,Completeness,date,Federal Comment Period Start Date,False
fd3ac48a-a385-4ba1-b26f-f078f892ccfc,Completeness,date,Federal Comment Period Start Date,False
fe0d0cd6-268b-42a8-a671-88f6cf199192,Completeness,date,Federal Comment Period Start Date,False
fe371a3a-ba6b-4f7c-83e7-60f36602e89d,Completeness,date,Federal Comment Period Start Date,False
007cc95c-92ae-40cc-850e-50bb331b658d,Completeness,date,State Application Deemed Complete,False
01202dd5-67e9-432f-a5ef-d9e4e49f8f76,Completeness,date,State Application Deemed Complete,False
0181f074-ee92-420b-822d-aedfadcd4c7d,Completeness,date,State Application Deemed Complete,False
01dca696-c094-4f14-ade8-c96f19292a92,Completeness,date,State Application Deemed Complete,False
0473183d-2e93-4371-a841-47350d3e765b,Completeness,date,State Application Deemed Complete,False
08a66d07-dfe1-4225-b3d1-cf7604909b58,Completeness,date,State Application Deemed Complete,False
08ced498-8997-401c-a186-daa67a4ff809,Completeness,date,State Application Deemed Complete,False
08fceebe-6835-408b-97de-b7f3b8522706,Completeness,date,State Application Deemed Complete,False
0965889d-2796-4022-adc9-7ad6b2f7895e,Completeness,date,State Application Deemed Complete,False
0977ad7f-a35c-4e4e-b50b-2f1834ad5014,Completeness,date,State Application Deemed Complete,False
09f34d93-656c-4793-ad53-f06d53f03192,Completeness,date,State Application Deemed Complete,False
0a7679ae-d047-49fb-9996-9c5c497a1ad5,Completeness,date,State Application Deemed Complete,False
0aacc3ec-a6fc-41cb-84e3-3fd8ca5f4c25,Completeness,date,State Application Deemed Complete,False
0ad53526-62cf-405b-aaaf-d62dfa2433b6,Completeness,date,State Application Deemed Complete,False
0b11ca84-a492-41e1-9fb1-7c988da310ba,Completeness,date,State Application Deemed Complete,False
0b49419b-eb17-4fb1-99e2-79f58fca2b75,Completeness,date,State Application Deemed Complete,False
0b8752ca-48d3-4e08-8369-d92c9d1b0427,Completeness,date,State Application Deemed Complete,False
0c74168d-4ed3-485b-aca4-d82cd5ca4fa5,Completeness,date,State Application Deemed Complete,False
0cc17b4c-5437-425e-9700-c8e90f09aaf6,Completeness,date,State Application Deemed Complete,False
0cdb6064-b473-4a2e-bdc2-d6dfded63446,Completeness,date,State Application Deemed Complete,False
0fbdef7a-fb36-430d-ae8d-0d34882e1c74,Completeness,date,State Application Deemed Complete,False
0fcfc81f-e55a-4374-ba2b-ec37081df6d3,Completeness,date,State Application Deemed Complete,False
110f9760-16ff-4adf-8f29-1c0a24db5ca0,Completeness,date,State Application Deemed Complete,False
11bbbe73-e085-4be3-84ec-70cfb3a2f31b,Completeness,date,State Application Deemed Complete,False
123b47d8-b25f-448b-a762-b51d97c518dc,Completeness,date,State Application Deemed Complete,False
12d5ea2c-39f6-43af-ba29-0226e0daeafe,Completeness,date,State Application Deemed Complete,False
13fbcf4d-aaac-4d6f-9c56-1c7de963b003,Completeness,date,State Application Deemed Complete,False
14631a8e-32a3-4657-a29e-9374112a72e9,Completeness,date,State Application Deemed Complete,False
14c27c1b-f1a4-4c07-9999-0f2cd25078ff,Completeness,date,State Application Deemed Complete,False
150fd48e-7a9a-4417-a4a2-04e6240e0da1,Completeness,date,State Application Deemed Complete,False
16b94b99-94e4-47f7-86f2-235d6fbbb3f0,Completeness,date,State Application Deemed Complete,False
17d07543-f9f1-481f-90e3-49125eea23d3,Completeness,date,State Application Deemed Complete,False
17fae73d-32e2-487b-802d-4245eb8dac1b,Completeness,date,State Application Deemed Complete,False
18bf9f77-362a-405b-849c-d2c642fcd9b4,Completeness,date,State Application Deemed Complete,False
194ee888-180e-4ec1-86e2-90ac54999c6e,Completeness,date,State Application Deemed Complete,False
1954dc33-d848-47e8-ab15-15f3194fc715,Completeness,date,State Application Deemed Complete,False
196cd174-4db0-4d4d-bc83-612c75b53c0c,Completeness,date,State Application Deemed Complete,False
19cde612-c7fa-42bf-861e-c527ab0b5b6e,Completeness,date,State Application Deemed Complete,False
1ac4f92b-8b39-4081-ab13-f12d29995ba7,Completeness,date,State Application Deemed Complete,False
1ad59f7a-cd6e-4454-8809-f1529f4d2590,Completeness,date,State Application Deemed Complete,False
1b0a267d-bb05-4d13-9499-9ce34b1aff6f,Completeness,date,State Application Deemed Complete,False
1b155e69-e927-4a64-be66-940ac3093a0d,Completeness,date,State Application Deemed Complete,False
1b3322cf-8bdf-4cfd-85fc-880f96ae6c78,Completeness,date,State Application Deemed Complete,False
1b4db82b-54a7-4da0-b5ae-9d677c54a565,Completeness,date,State Application Deemed Complete,False
1bd03341-d171-424d-8bf8-acb73c44c57a,Completeness,date,State Application Deemed Complete,False
1c26a74c-03ef-4302-94a0-3b794cf583ab,Completeness,date,State Application Deemed Complete,False
1cd11925-91b7-4110-b62f-e26f5980e336,Completeness,date,State Application Deemed Complete,False
1e0a7577-b08e-46bf-8119-1aa425b90334,Completeness,date,State Application Deemed Complete,False
2071241b-eaec-4108-9ad5-5d5bc6f96071,Completeness,date,State Application Deemed Complete,False
2073f1f3-9c70-4e27-9f9e-4105c51be8f7,Completeness,date,State Application Deemed Complete,False
20cf31ac-c083-4d90-8028-8685c18a1751,Completeness,date,State Application Deemed Complete,False
224b4c22-66d1-40fe-ae57-04c911173d74,Completeness,date,State Application Deemed Complete,False
232ce729-df65-41ad-ae63-40d269cd34aa,Completeness,date,State Application Deemed Complete,False
24d0aa55-6041-43b0-8e4b-5ef69afa5505,Completeness,date,State Application Deemed Complete,False
26cf0dca-fe07-4614-9ed1-cc59bbad3c76,Completeness,date,State Application Deemed Complete,False
279bc6a9-6a87-474f-881b-b14b05f731c8,Completeness,date,State Application Deemed Complete,False
27c14bd5-9e48-4833-8da0-d0bd2727aaec,Completeness,date,State Application Deemed Complete,False
280e7e47-9d18-4963-bfa5-22dab94f8408,Completeness,date,State Application Deemed Complete,False
2916eb15-b065-4f44-ac82-a37475aedeab,Completeness,date,State Application Deemed Complete,False
291eb311-4a9a-48ff-b096-fd0df6e11d73,Completeness,date,State Application Deemed Complete,False
2accbe88-b9ce-4d0f-8368-d4f8352301a5,Completeness,date,State Application Deemed Complete,False
2b0c1e40-571d-4b06-975b-02d163f138ae,Completeness,date,State Application Deemed Complete,False
2b8070d1-36c9-4562-8686-3551ae2ef257,Completeness,date,State Application Deemed Complete,False
2c51fad0-036e-4062-96d3-f741d1f23341,Completeness,date,State Application Deemed Complete,False
2d35dad4-a3f0-44e9-b79b-8ae9f29642fe,Completeness,date,State Application Deemed Complete,False
2d38b1d0-0919-4d3c-8f42-3e6c62683b50,Completeness,date,State Application Deemed Complete,False
2dc270c0-27f0-4992-8602-1fbbdcafa7b0,Completeness,date,State Application Deemed Complete,False
2df84448-6f71-4914-b227-3ffbb6c3f3b8,Completeness,date,State Application Deemed Complete,False
2e8fea71-0bde-4508-8478-9413704abf1d,Completeness,date,State Application Deemed Complete,False
2f359794-acc9-448b-9d78-688316494cdb,Completeness,date,State Application Deemed Complete,False
2f5ee146-d497-4de9-8d00-e67db4a54563,Completeness,date,State Application Deemed Complete,False
2f94274e-5b24-467e-a3e1-3ea5dd93bbec,Completeness,date,State Application Deemed Complete,False
30539da0-ca78-4740-a5b1-da3e35a2f472,Completeness,date,State Application Deemed Complete,False
31afe2bf-4951-4d57-99ba-6394eb5711ba,Completeness,date,State Application Deemed Complete,False
31c6c568-37af-4d37-887b-636ff767fea1,Completeness,date,State Application Deemed Complete,False
3208d7be-c6bf-4fe3-b373-f528c99dd548,Completeness,date,State Application Deemed Complete,False
349f4f06-0e6c-491c-9e39-16073e2ee0f3,Completeness,date,State Application Deemed Complete,False
356a9ff0-124e-4a2f-9629-08e72f33b78b,Completeness,date,State Application Deemed Complete,False
35eb3be5-e50e-49d3-bf7c-42fa6f767e87,Completeness,date,State Application Deemed Complete,False
36b8a283-3e06-49b9-8236-e5947b849673,Completeness,date,State Application Deemed Complete,False
388ac56a-d77a-47d8-a1a9-223726638ee9,Completeness,date,State Application Deemed Complete,False
3954a225-e64e-4e6f-badd-e41ef1ed8ec4,Completeness,date,State Application Deemed Complete,False
396573ba-a1e2-4428-ad77-276a273884ab,Completeness,date,State Application Deemed Complete,False
3be48392-7bc2-416c-9064-516e8fbca5fd,Completeness,date,State Application Deemed Complete,False
3c42d745-e2c8-42df-827f-910a55f563bb,Completeness,date,State Application Deemed Complete,False
3f8ab05e-a761-4775-8d14-dc3b6ac9c42f,Completeness,date,State Application Deemed Complete,False
3f9b7639-d592-4f2b-8665-806bc4be4817,Completeness,date,State Application Deemed Complete,False
41ec9d51-efde-4812-8ea6-541a7ff514a0,Completeness,date,State Application Deemed Complete,False
42526f23-48f1-49b5-9fde-d5c39fb878ce,Completeness,date,State Application Deemed Complete,False
4273d858-eb53-49ce-892f-da66c13a1041,Completeness,date,State Application Deemed Complete,False
4278f28d-1806-4898-b56e-5fe6a7cc3bbb,Completeness,date,State Application Deemed Complete,False
42bda103-5071-4e05-95df-6a21b02309a0,Completeness,date,State Application Deemed Complete,False
4300b588-9c0e-490d-9b7f-08074583756e,Completeness,date,State Application Deemed Complete,False
434c0046-5d1d-4558-919b-fefb46dc5e59,Completeness,date,State Application Deemed Complete,False
43d8b6eb-c59c-4106-ac90-f3a5145d0fc5,Completeness,date,State Application Deemed Complete,False
43f0f178-3151-4e8f-9836-5c92522c971f,Completeness,date,State Application Deemed Complete,False
4510420f-1095-4c0c-b6ff-8f909a92ff6b,Completeness,date,State Application Deemed Complete,False
45460c60-fb59-4c72-87b1-253ff9674656,Completeness,date,State Application Deemed Complete,False
47d34a19-20af-453d-ab23-0220c875f015,Completeness,date,State Application Deemed Complete,False
47d57b40-32df-4108-b2f4-9371b7251603,Completeness,date,State Application Deemed Complete,False
4a9b897c-da61-4e97-a8e9-e4bc2ce93e96,Completeness,date,State Application Deemed Complete,False
4ac33e36-e034-4905-bc81-18c4fb117723,Completeness,date,State Application Deemed Complete,False
4c6c743f-8114-4aa5-a6b8-791fe18d1f92,Completeness,date,State Application Deemed Complete,False
4c6dc7a2-d2cb-43e4-b152-40125666dab8,Completeness,date,State Application Deemed Complete,False
4c6f2ef7-46f4-4d5b-b200-dfdc9fc7182c,Completeness,date,State Application Deemed Complete,False
4c7e1658-26d9-4281-8923-f39602cbe62d,Completeness,date,State Application Deemed Complete,False
4c859061-4d2d-4ba2-9b25-ed2ea253a660,Completeness,date,State Application Deemed Complete,False
4d1d0cbd-d678-46bd-9271-5d820b84d247,Completeness,date,State Application Deemed Complete,False
4df5b564-f29a-4d6f-888a-f45cfafc80a7,Completeness,date,State Application Deemed Complete,False
4f4ca8f2-642d-486b-9e1b-403d044e0c08,Completeness,date,State Application Deemed Complete,False
50607850-a7d0-41e6-9e1c-5eaa97970480,Completeness,date,State Application Deemed Complete,False
51573012-04dc-491f-b41a-0bb4b24efec9,Completeness,date,State Application Deemed Complete,False
517d3bce-f1df-4b8a-abf5-4714d5dd0e0e,Completeness,date,State Application Deemed Complete,False
52a0996b-7c44-494d-b776-c61ea23e8151,Completeness,date,State Application Deemed Complete,False
52e72c12-28f6-40b8-847a-8955b3e9e17e,Completeness,date,State Application Deemed Complete,False
532eb869-f195-47a4-85d4-c9cd60d5b74d,Completeness,date,State Application Deemed Complete,False
563107d6-fbe5-4d2e-b9c0-82224b7b799f,Completeness,date,State Application Deemed Complete,False
563f2f45-f01b-4496-97ed-b87c3c7df7da,Completeness,date,State Application Deemed Complete,False
5658e206-a582-4aa5-b4c9-8dc15f882ede,Completeness,date,State Application Deemed Complete,False
592546ba-edaa-4798-a4ba-8ef560f70d8a,Completeness,date,State Application Deemed Complete,False
59c17cc5-53df-493c-9fe7-8c60fc74b2e9,Completeness,date,State Application Deemed Complete,False
5a771745-7b29-42b9-b42a-67ae2458aa9f,Completeness,date,State Application Deemed Complete,False
5b401019-3ea0-4a2b-b244-522d987c44d4,Completeness,date,State Application Deemed Complete,False
5c34d3d0-1936-4271-8fd6-75df66ff3866,Completeness,date,State Application Deemed Complete,False
5c691bac-63fb-49b2-8ba2-64943643c0f9,Completeness,date,State Application Deemed Complete,False
5c9f465d-0d82-45dc-b417-a9f37d22aeca,Completeness,date,State Application Deemed Complete,False
5d2f4ed6-f0c0-4ca8-b358-0895ecec7264,Completeness,date,State Application Deemed Complete,False
5d3e70d1-a912-40f5-a96f-2972c859d992,Completeness,date,State Application Deemed Complete,False
5d57bdd1-b045-435e-b7b4-64a57a0b451c,Completeness,date,State Application Deemed Complete,False
5fe23d01-4b5e-4219-af15-0704686827fc,Completeness,date,State Application Deemed Complete,False
60ea7851-9e7e-4105-ae9d-fdf7ee9dce7a,Completeness,date,State Application Deemed Complete,False
6121bb37-1f43-4709-be1d-7e2e0e1524e4,Completeness,date,State Application Deemed Complete,False
62752f90-fcb7-4eba-9d0d-64cfd883a3f6,Completeness,date,State Application Deemed Complete,False
644cea4d-9889-4f33-8e94-aba05cac72c7,Completeness,date,State Application Deemed Complete,False
64d33085-d365-4e7c-9a9a-03f009e60a7d,Completeness,date,State Application Deemed Complete,False
64d488e8-b0ea-4975-8cab-b5e1c5e7081e,Completeness,date,State Application Deemed Complete,False
656ea06b-143e-4e04-981b-cc409f142662,Completeness,date,State Application Deemed Complete,False
658036b5-c984-434a-b72d-88cfcafee003,Completeness,date,State Application Deemed Complete,False
65abf3d1-0cd4-4d40-bcce-156a76c0a035,Completeness,date,State Application Deemed Complete,False
65e2a59a-dd59-4fdb-abc6-741972bc1a84,Completeness,date,State Application Deemed Complete,False
661424ae-5057-4909-bdf3-9ae7ec847d24,Completeness,date,State Application Deemed Complete,False
674aac2b-0390-4171-8c9d-4c1c3c03a8e6,Completeness,date,State Application Deemed Complete,False
685474b8-5a90-49b6-aa6c-59b65628eaf9,Completeness,date,State Application Deemed Complete,False
68fff0c7-741d-465d-971e-9c3aae683fa3,Completeness,date,State Application Deemed Complete,False
6c913f9b-c332-4952-a70d-1a6231261340,Completeness,date,State Application Deemed Complete,False
6e11e177-b4ea-45fe-8c56-0af3e9e2e1e6,Completeness,date,State Application Deemed Complete,False
6e8a0329-4bdb-454f-bf70-3718526ded6b,Completeness,date,State Application Deemed Complete,False
6e992441-2a89-4294-a7f4-9becec15e22b,Completeness,date,State Application Deemed Complete,False
6eb1f8a6-6dcb-4f27-990f-3c938fd2478d,Completeness,date,State Application Deemed Complete,False
6ef3661c-b813-425e-95ee-75a33095b612,Completeness,date,State Application Deemed Complete,False
6f50e23b-ce21-4e18-8fb6-f7775b89e41e,Completeness,date,State Application Deemed Complete,False
7113f4e2-9519-404d-bd73-191cffcaaeb7,Completeness,date,State Application Deemed Complete,False
713bada4-df31-4258-9b20-9dadac43c1cc,Completeness,date,State Application Deemed Complete,False
71bd7472-26c4-4cd1-a1fd-d23bc11cf9e0,Completeness,date,State Application Deemed Complete,False
71e8bdde-35a5-43a0-9ebd-53cd29bb5aed,Completeness,date,State Application Deemed Complete,False
7247c6cc-a4f8-422b-a0d4-eb7023de52c4,Completeness,date,State Application Deemed Complete,False
72ba07e4-1073-4c30-976b-4c6d836a7afa,Completeness,date,State Application Deemed Complete,False
7359cb4b-7f34-4322-9379-448e4c4a3ebf,Completeness,date,State Application Deemed Complete,False
7381c72c-ddc3-406e-82af-988a5972a2c9,Completeness,date,State Application Deemed Complete,False
73d073a5-d31c-49c5-8e37-9edf2f970f4b,Completeness,date,State Application Deemed Complete,False
753784a3-c5ec-4826-a5ee-dfc9664cbf90,Completeness,date,State Application Deemed Complete,False
76f5cfc6-aae5-470d-bdd3-9492644e3dbd,Completeness,date,State Application Deemed Complete,False
77487dfc-4eaa-4b0d-97fc-91b3614a9542,Completeness,date,State Application Deemed Complete,False
77621ac9-146a-4540-bdf2-e59e63e5278d,Completeness,date,State Application Deemed Complete,False
79b7bb6e-2230-4d76-a4fc-b498031190a3,Completeness,date,State Application Deemed Complete,False
79d28d84-31cd-4e95-9e98-92fb3e480065,Completeness,date,State Application Deemed Complete,False
7ae1272a-e47a-4228-aae8-7855b6737052,Completeness,date,State Application Deemed Complete,False
7c356590-c4df-4f86-a44e-ab562321ee09,Completeness,date,State Application Deemed Complete,False
7c43bc46-6034-4df6-a40f-d8bba45e320a,Completeness,date,State Application Deemed Complete,False
7c66762a-21ce-4e96-a766-1b705463e62c,Completeness,date,State Application Deemed Complete,False
7c9256d8-ff1b-4208-a542-9c2485ea95d7,Completeness,date,State Application Deemed Complete,False
7d002e7e-6ac9-47ea-8ae7-5ef111b9202a,Completeness,date,State Application Deemed Complete,False
7d0bd82d-b71e-48a5-885c-0e6efbccb57b,Completeness,date,State Application Deemed Complete,False
7e09d6dd-6a16-4878-a186-686978528cb6,Completeness,date,State Application Deemed Complete,False
7e6ad85c-4984-4a98-87e8-574a2eebdc47,Completeness,date,State Application Deemed Complete,False
7ee95840-8e0a-4dde-8636-ca10711f046e,Completeness,date,State Application Deemed Complete,False
7f405a54-2777-4fa1-85c0-8dbaa1c7d361,Completeness,date,State Application Deemed Complete,False
805e0f96-ad57-490a-b16b-76811f9d3cbe,Completeness,date,State Application Deemed Complete,False
80a1a128-5ef0-47ba-af5a-d9bb4be2af9f,Completeness,date,State Application Deemed Complete,False
812eee93-224e-45d1-8b44-b5f112330a1c,Completeness,date,State Application Deemed Complete,False
81e1fec1-9bde-4a7a-ae6e-2b00df15a2cd,Completeness,date,State Application Deemed Complete,False
8263c0a9-0ff4-42af-a9be-bbc9eac3c117,Completeness,date,State Application Deemed Complete,False
83c3e37c-2043-4d84-ba05-c305d78b230b,Completeness,date,State Application Deemed Complete,False
85091d55-a133-4bef-af0a-f8c0ec9f7a55,Completeness,date,State Application Deemed Complete,False
861404d8-993a-4c33-965d-bc3c1e399e6e,Completeness,date,State Application Deemed Complete,False
86761e5d-41eb-44ed-8f8b-2ce49781c2be,Completeness,date,State Application Deemed Complete,False
86ae7990-339a-4643-a194-dd0455c29760,Completeness,date,State Application Deemed Complete,False
86df92e1-e4ed-47f1-9bdf-56f216818bba,Completeness,date,State Application Deemed Complete,False
886828db-adcb-49a5-9550-45030a0bf747,Completeness,date,State Application Deemed Complete,False
89897d99-9c7e-4475-9815-3e71708dd352,Completeness,date,State Application Deemed Complete,False
8cb9aba6-e34e-451a-81b5-49212188a3a5,Completeness,date,State Application Deemed Complete,False
8cbe1c30-8b78-4c66-8b4d-1dc6aa90b759,Completeness,date,State Application Deemed Complete,False
8dd91d38-fbd3-4d49-8735-c3aa42dc6a73,Completeness,date,State Application Deemed Complete,False
8e1176a4-6d9e-4258-b058-855ee4b31b9d,Completeness,date,State Application Deemed Complete,False
8f00753c-cc0e-4a2a-a810-2ad6159fb047,Completeness,date,State Application Deemed Complete,False
8f1f11a7-8398-47e4-8891-9b03b1a8560d,Completeness,date,State Application Deemed Complete,False
8ffa4527-5033-4710-8777-0b7629a3cd04,Completeness,date,State Application Deemed Complete,False
9082ab6c-6c8c-4290-8cb9-0497a54b355b,Completeness,date,State Application Deemed Complete,False
9125774f-80db-44ba-a2c0-9fdcbd3deef9,Completeness,date,State Application Deemed Complete,False
9368bc5d-845f-4100-8e38-82a4895b751a,Completeness,date,State Application Deemed Complete,False
937936aa-d1ee-4041-8200-0d2b53c7c9b1,Completeness,date,State Application Deemed Complete,False
93aac463-f051-4f83-bdf7-8f3a5b6c6205,Completeness,date,State Application Deemed Complete,False
946c3779-7558-40f6-b24b-e7f1a581f2f5,Completeness,date,State Application Deemed Complete,False
950fcd2f-4f1f-41dd-bc0d-ac257837771d,Completeness,date,State Application Deemed Complete,False
96bf3ad9-99db-4a02-be53-a022ee5a272a,Completeness,date,State Application Deemed Complete,False
982be203-d26f-477d-bcc6-cea99fb4d491,Completeness,date,State Application Deemed Complete,False
98c57471-6d7f-4432-b122-43ef914f1beb,Completeness,date,State Application Deemed Complete,False
98f9e541-362d-4893-ad83-81bdfea6d66c,Completeness,date,State Application Deemed Complete,False
99b5f4e4-9072-4d43-a767-888ff839fa20,Completeness,date,State Application Deemed Complete,False
9a7713d3-de8b-44aa-a022-f597dfbf0773,Completeness,date,State Application Deemed Complete,False
9ad8ca1f-1260-4f7b-b292-d4705c67a713,Completeness,date,State Application Deemed Complete,False
9af9da7a-22c7-483a-a78f-b785ea1841a2,Completeness,date,State Application Deemed Complete,False
9b235170-7893-4b07-89a6-d0a338e0cc13,Completeness,date,State Application Deemed Complete,False
9b75046b-5e27-4b6a-898f-0374e0357255,Completeness,date,State Application Deemed Complete,False
9beda77c-9c5b-491c-82f2-2ad45f002b6f,Completeness,date,State Application Deemed Complete,False
9d5f9218-6afd-465f-aea0-783c6494a809,Completeness,date,State Application Deemed Complete,False
9e0362bb-03dd-4149-9164-5827f02feb08,Completeness,date,State Application Deemed Complete,False
9f4e6bbb-1e12-45c4-b519-51cb75c49ef4,Completeness,date,State Application Deemed Complete,False
a0426e42-6d70-4059-b67d-0d0135a58ba8,Completeness,date,State Application Deemed Complete,False
a07522dd-7b9f-43a8-9afd-7807503c1361,Completeness,date,State Application Deemed Complete,False
a1720a4f-5984-4b4c-b929-d10fb071ee97,Completeness,date,State Application Deemed Complete,False
a4c7e4c0-c0d3-4f12-8b13-3d259379ccdc,Completeness,date,State Application Deemed Complete,False
a4cb9112-817b-4bd9-a566-75fba2a9ac6d,Completeness,date,State Application Deemed Complete,False
a5380e32-3927-46eb-a048-f48664ffb809,Completeness,date,State Application Deemed Complete,False
a664bde0-11bc-47f3-876f-392e943b092c,Completeness,date,State Application Deemed Complete,False
a6c8c1b0-0a39-40ae-b9cc-f00018e3e41a,Completeness,date,State Application Deemed Complete,False
a9341a96-f3ac-4d19-b867-805c1c13e0bf,Completeness,date,State Application Deemed Complete,False
af7fe1f7-b3b6-4372-bc4f-e4b3c8e8b574,Completeness,date,State Application Deemed Complete,False
b2b50a67-a9c7-4796-8bbb-2885202e8cf5,Completeness,date,State Application Deemed Complete,False
b40aacee-3dac-447e-a9b6-23b85ad86812,Completeness,date,State Application Deemed Complete,False
b4397db8-6c82-4093-8872-91cbf5698efe,Completeness,date,State Application Deemed Complete,False
b4fdb539-22a8-407f-8ce0-1226acac5b27,Completeness,date,State Application Deemed Complete,False
b526c4a0-fd7e-4b09-af5f-302fc71143a2,Completeness,date,State Application Deemed Complete,False
b58d203e-fe49-446d-8872-05ee866c51bc,Completeness,date,State Application Deemed Complete,False
b646eaa5-5146-42ba-8793-f9ff4daffbfb,Completeness,date,State Application Deemed Complete,False
b8979015-28d2-462d-b4c9-23e734e74637,Completeness,date,State Application Deemed Complete,False
b8ca0693-642b-42a5-89d5-a0f271e2beaa,Completeness,date,State Application Deemed Complete,False
b8ce4b5d-b2e0-49ce-9878-2f77b5da13a3,Completeness,date,State Application Deemed Complete,False
b93e171d-8d45-4f17-92d5-adac4866e548,Completeness,date,State Application Deemed Complete,False
b948eef7-7d1c-44a1-bce9-264e1bd1adbd,Completeness,date,State Application Deemed Complete,False
b973a0b2-97a5-4846-8396-ba03f50995ef,Completeness,date,State Application Deemed Complete,False
b9d64f02-8673-49dd-892f-63a63865358e,Completeness,date,State Application Deemed Complete,False
bb46787a-42bc-417f-a7b8-cdef0fda771f,Completeness,date,State Application Deemed Complete,False
bc2eaa99-81ce-4727-9212-2e647e4e40a1,Completeness,date,State Application Deemed Complete,False
bc598f12-3acd-4021-9163-0c01c53d11dd,Completeness,date,State Application Deemed Complete,False
bcff12d0-748c-47e9-ac21-567260b29630,Completeness,date,State Application Deemed Complete,False
bd04b5ec-78bb-42e4-af8b-28d59388da88,Completeness,date,State Application Deemed Complete,False
bd48c893-ab19-4763-88b0-91f9347cc516,Completeness,date,State Application Deemed Complete,False
bd8d30ad-ee9d-4ba5-a2ff-d2940fde0be3,Completeness,date,State Application Deemed Complete,False
be09c9ac-d9b9-4370-a268-d973ec0d16f5,Completeness,date,State Application Deemed Complete,False
be915209-b5be-4971-8147-6e50ee5ed395,Completeness,date,State Application Deemed Complete,False
bf144d9c-f861-4915-9640-faae738fe092,Completeness,date,State Application Deemed Complete,False
bf1f52ca-0c3b-4f54-ad12-a2b503b76c7a,Completeness,date,State Application Deemed Complete,False
bf354cb7-af95-45ad-9efa-9e9c76184a8a,Completeness,date,State Application Deemed Complete,False
c018c553-bf3d-4713-97a6-5aa5d2952c59,Completeness,date,State Application Deemed Complete,False
c0a1acc2-15f1-458d-94b6-c5fed8f205d4,Completeness,date,State Application Deemed Complete,False
c13062a4-817d-498f-8c5e-e4f449c1d978,Completeness,date,State Application Deemed Complete,False
c16a997e-e0f9-4347-8494-9ce77a7ad192,Completeness,date,State Application Deemed Complete,False
c2f49dfd-0b97-4aab-bc5c-416624ae2cf9,Completeness,date,State Application Deemed Complete,False
c3046e84-add8-4311-8c2b-a4b4b454c7fd,Completeness,date,State Application Deemed Complete,False
c34edfa1-113c-47c3-8443-aa98f8a984c7,Completeness,date,State Application Deemed Complete,False
c5798784-3aef-4ad7-b15a-8248b8a7a274,Completeness,date,State Application Deemed Complete,False
c74f0781-a0c4-4277-9844-6daa46cdc03d,Completeness,date,State Application Deemed Complete,False
c7b6bc2b-de8c-4594-94a2-f94a7cdbec01,Completeness,date,State Application Deemed Complete,False
c7c07fe5-ac27-4296-9440-13916aa30f3a,Completeness,date,State Application Deemed Complete,False
c88d9b17-5c4d-4c6c-b028-d0ba7894ef2f,Completeness,date,State Application Deemed Complete,False
c8dabc76-00ef-4790-b6bf-569e26aa1ed9,Completeness,date,State Application Deemed Complete,False
ca1d4801-fc20-45e9-9f7e-8d7d5f7746ad,Completeness,date,State Application Deemed Complete,False
cace5bc9-6f15-4469-b848-03d64fa0662f,Completeness,date,State Application Deemed Complete,False
cb5f2906-d9da-497b-8695-092e12c18b9e,Completeness,date,State Application Deemed Complete,False
cb65dde4-8817-4d5e-8d2d-ca9819c0905d,Completeness,date,State Application Deemed Complete,False
cb7441d0-c691-4dfb-b98d-a2a8f4b7e81f,Completeness,date,State Application Deemed Complete,False
ccf6abde-3eae-4fb9-a473-bcf38786512f,Completeness,date,State Application Deemed Complete,False
cd347114-a964-462b-a855-bfd14c955c14,Completeness,date,State Application Deemed Complete,False
cd8bd6bd-4867-4466-84f4-2d6f204c8628,Completeness,date,State Application Deemed Complete,False
cd8d6037-25d7-40a0-879c-b8d85f443f35,Completeness,date,State Application Deemed Complete,False
cdb1dabc-8e0f-4648-9216-4540cfe80211,Completeness,date,State Application Deemed Complete,False
ce6100de-f679-44c4-bd26-819ef099a5cb,Completeness,date,State Application Deemed Complete,False
ce6b5e64-f60b-4661-b1f2-10c25e1c6ad1,Completeness,date,State Application Deemed Complete,False
cfd0656a-ae45-41c2-bb82-62df6645076f,Completeness,date,State Application Deemed Complete,False
d2e61c74-178a-4791-b53d-8a1e4ebddd40,Completeness,date,State Application Deemed Complete,False
d40d1207-a663-40bd-8036-287fc06ea360,Completeness,date,State Application Deemed Complete,False
d4ce7d33-6c38-4061-85a7-09a7d7be42fd,Completeness,date,State Application Deemed Complete,False
d6bc8012-3397-4f21-84af-61f59f658e89,Completeness,date,State Application Deemed Complete,False
d74e616c-e6db-4410-9ce1-eadd02eca4e5,Completeness,date,State Application Deemed Complete,False
d81482a4-fc33-45dc-be8b-9a3a0dd1356e,Completeness,date,State Application Deemed Complete,False
da5535b9-14bf-48f9-9061-03a8b14f988c,Completeness,date,State Application Deemed Complete,False
daa5e216-e5ee-4567-a2dc-6165b252b2fb,Completeness,date,State Application Deemed Complete,False
dac3f05e-1815-4d03-8066-5aa5c1c7ff4a,Completeness,date,State Application Deemed Complete,False
dbb154f3-4cf5-430e-adbd-df9df5867685,Completeness,date,State Application Deemed Complete,False
dc8dd640-fc64-4ba3-9894-f243b1e14869,Completeness,date,State Application Deemed Complete,False
dcdd103d-91da-441d-bd81-3aebf0b31e37,Completeness,date,State Application Deemed Complete,False
dd544bef-c3da-45bb-b665-546f32a96a7e,Completeness,date,State Application Deemed Complete,False
e05f17af-8550-4ebe-81d5-e3804993556c,Completeness,date,State Application Deemed Complete,False
e084fdf7-7572-4eda-9b86-bf3bed22ba02,Completeness,date,State Application Deemed Complete,False
e0cbb5b9-393e-4b35-8d2c-f5e3adf551af,Completeness,date,State Application Deemed Complete,False
e14e3eb8-f350-403c-bee3-21868690dfe4,Completeness,date,State Application Deemed Complete,False
e1db1851-cd99-4ccc-82aa-a2a48982c475,Completeness,date,State Application Deemed Complete,False
e3b59b4d-8488-4e32-ae71-b6b3c244ef41,Completeness,date,State Application Deemed Complete,False
e3cbac18-f203-4de2-bda7-dc9a2dc03f58,Completeness,date,State Application Deemed Complete,False
e4d572d3-49e4-4f44-992a-ea12360501cb,Completeness,date,State Application Deemed Complete,False
e50ea93d-3fdc-4ca1-b94b-958c044e6330,Completeness,date,State Application Deemed Complete,False
e576fa42-1317-481f-bb30-8e5b26e96c27,Completeness,date,State Application Deemed Complete,False
e7572db9-1cc7-4455-9d22-d0d676dd4792,Completeness,date,State Application Deemed Complete,False
e79fd204-c812-4957-a90a-46c3beb81d56,Completeness,date,State Application Deemed Complete,False
e7ed830c-61a5-4f3b-b6e0-b7c2f120fd3e,Completeness,date,State Application Deemed Complete,False
e9225e11-2ed6-4c44-b08b-497ff585e349,Completeness,date,State Application Deemed Complete,False
ec1d7adf-e662-4db6-a5a5-d6ab811f2d24,Completeness,date,State Application Deemed Complete,False
ec46307f-ec7b-4e65-a15e-bb1c3d360114,Completeness,date,State Application Deemed Complete,False
ec76e94b-178b-414b-a442-16cfa3b83a2e,Completeness,date,State Application Deemed Complete,False
ecc9c0ed-2d1d-4a59-9d83-4c3431cfb144,Completeness,date,State Application Deemed Complete,False
eee52288-0cd7-4fe4-9e6a-a85ace8df4b4,Completeness,date,State Application Deemed Complete,False
eef2cfd3-6b55-45b0-82ef-17f2d932c519,Completeness,date,State Application Deemed Complete,False
f13dadee-5052-421c-b42b-3dbba6740c2e,Completeness,date,State Application Deemed Complete,False
f1ddca41-3217-44af-bcff-bc2e2fd2b710,Completeness,date,State Application Deemed Complete,False
f28de1d9-0c7f-482b-be4a-37a5010395b6,Completeness,date,State Application Deemed Complete,False
f35c1cd7-761e-4072-a2d6-1abe8117ced5,Completeness,date,State Application Deemed Complete,False
f42e43e2-536c-445c-88b3-5ef2a83423ad,Completeness,date,State Application Deemed Complete,False
f4358c61-6506-497e-a179-dac4603ce4a4,Completeness,date,State Application Deemed Complete,False
f641320f-8cae-452f-999f-f650d13d24ff,Completeness,date,State Application Deemed Complete,False
f69d1f8d-849e-4c43-84af-1d6aadb19433,Completeness,date,State Application Deemed Complete,False
f6eec1f1-9bdc-41ea-a810-e0695dd360b1,Completeness,date,State Application Deemed Complete,False
f723aea0-4ef8-4a60-b98e-0393f346cfbd,Completeness,date,State Application Deemed Complete,False
f74d0af7-eee2-4cdf-8279-b5494534de99,Completeness,date,State Application Deemed Complete,False
f8750186-e249-4421-8246-abb93a6a80e2,Completeness,date,State Application Deemed Complete,False
f935244b-2eac-4613-b7fa-d94d731015c5,Completeness,date,State Application Deemed Complete,False
fa23b695-abaf-4991-a36c-fd3b562bca5d,Completeness,date,State Application Deemed Complete,False
fa288f4b-d424-4cfa-8faa-c1e2b08dc009,Completeness,date,State Application Deemed Complete,False
fb5ab5b6-9802-4344-9765-bc636223a99c,Completeness,date,State Application Deemed Complete,False
fb67f194-6495-46de-b313-f37e3f77892e,Completeness,date,State Application Deemed Complete,False
fbca251b-1a37-4c01-bc0f-7a8f956e81fd,Completeness,date,State Application Deemed Complete,False
fc8af835-194a-4fdb-a3db-750a7af79998,Completeness,date,State Application Deemed Complete,False
fd3ac48a-a385-4ba1-b26f-f078f892ccfc,Completeness,date,State Application Deemed Complete,False
fdf14feb-7061-4c29-b811-3421897765e1,Completeness,date,State Application Deemed Complete,False
fe0d0cd6-268b-42a8-a671-88f6cf199192,Completeness,date,State Application Deemed Complete,False
fe371a3a-ba6b-4f7c-83e7-60f36602e89d,Completeness,date,State Application Deemed Complete,False
007cc95c-92ae-40cc-850e-50bb331b658d,Completeness,document,Application Completeness Letter,False
01202dd5-67e9-432f-a5ef-d9e4e49f8f76,Completeness,document,Application Completeness Letter,False
0181f074-ee92-420b-822d-aedfadcd4c7d,Completeness,document,Application Completeness Letter,False
01dca696-c094-4f14-ade8-c96f19292a92,Completeness,document,Application Completeness Letter,False
0473183d-2e93-4371-a841-47350d3e765b,Completeness,document,Application Completeness Letter,False
08a66d07-dfe1-4225-b3d1-cf7604909b58,Completeness,document,Application Completeness Letter,False
08ced498-8997-401c-a186-daa67a4ff809,Completeness,document,Application Completeness Letter,False
08fceebe-6835-408b-97de-b7f3b8522706,Completeness,document,Application Completeness Letter,False
0965889d-2796-4022-adc9-7ad6b2f7895e,Completeness,document,Application Completeness Letter,False
0977ad7f-a35c-4e4e-b50b-2f1834ad5014,Completeness,document,Application Completeness Letter,False
09f34d93-656c-4793-ad53-f06d53f03192,Completeness,document,Application Completeness Letter,False
0a7679ae-d047-49fb-9996-9c5c497a1ad5,Completeness,document,Application Completeness Letter,False
0aacc3ec-a6fc-41cb-84e3-3fd8ca5f4c25,Completeness,document,Application Completeness Letter,False
0ad53526-62cf-405b-aaaf-d62dfa2433b6,Completeness,document,Application Completeness Letter,False
0b11ca84-a492-41e1-9fb1-7c988da310ba,Completeness,document,Application Completeness Letter,False
0b49419b-eb17-4fb1-99e2-79f58fca2b75,Completeness,document,Application Completeness Letter,False
0b8752ca-48d3-4e08-8369-d92c9d1b0427,Completeness,document,Application Completeness Letter,False
0c74168d-4ed3-485b-aca4-d82cd5ca4fa5,Completeness,document,Application Completeness Letter,False
0cc17b4c-5437-425e-9700-c8e90f09aaf6,Completeness,document,Application Completeness Letter,False
0cdb6064-b473-4a2e-bdc2-d6dfded63446,Completeness,document,Application Completeness Letter,False
0fbdef7a-fb36-430d-ae8d-0d34882e1c74,Completeness,document,Application Completeness Letter,False
0fcfc81f-e55a-4374-ba2b-ec37081df6d3,Completeness,document,Application Completeness Letter,False
110f9760-16ff-4adf-8f29-1c0a24db5ca0,Completeness,document,Application Completeness Letter,False
11bbbe73-e085-4be3-84ec-70cfb3a2f31b,Completeness,document,Application Completeness Letter,False
123b47d8-b25f-448b-a762-b51d97c518dc,Completeness,document,Application Completeness Letter,False
12d5ea2c-39f6-43af-ba29-0226e0daeafe,Completeness,document,Application Completeness Letter,False
13fbcf4d-aaac-4d6f-9c56-1c7de963b003,Completeness,document,Application Completeness Letter,False
14631a8e-32a3-4657-a29e-9374112a72e9,Completeness,document,Application Completeness Letter,False
14c27c1b-f1a4-4c07-9999-0f2cd25078ff,Completeness,document,Application Completeness Letter,False
150fd48e-7a9a-4417-a4a2-04e6240e0da1,Completeness,document,Application Completeness Letter,False
16b94b99-94e4-47f7-86f2-235d6fbbb3f0,Completeness,document,Application Completeness Letter,False
17d07543-f9f1-481f-90e3-49125eea23d3,Completeness,document,Application Completeness Letter,False
17fae73d-32e2-487b-802d-4245eb8dac1b,Completeness,document,Application Completeness Letter,False
18bf9f77-362a-405b-849c-d2c642fcd9b4,Completeness,document,Application Completeness Letter,False
194ee888-180e-4ec1-86e2-90ac54999c6e,Completeness,document,Application Completeness Letter,False
1954dc33-d848-47e8-ab15-15f3194fc715,Completeness,document,Application Completeness Letter,False
196cd174-4db0-4d4d-bc83-612c75b53c0c,Completeness,document,Application Completeness Letter,False
19cde612-c7fa-42bf-861e-c527ab0b5b6e,Completeness,document,Application Completeness Letter,False
1ac4f92b-8b39-4081-ab13-f12d29995ba7,Completeness,document,Application Completeness Letter,False
1ad59f7a-cd6e-4454-8809-f1529f4d2590,Completeness,document,Application Completeness Letter,False
1b0a267d-bb05-4d13-9499-9ce34b1aff6f,Completeness,document,Application Completeness Letter,False
1b155e69-e927-4a64-be66-940ac3093a0d,Completeness,document,Application Completeness Letter,False
1b3322cf-8bdf-4cfd-85fc-880f96ae6c78,Completeness,document,Application Completeness Letter,False
1b4db82b-54a7-4da0-b5ae-9d677c54a565,Completeness,document,Application Completeness Letter,False
1bd03341-d171-424d-8bf8-acb73c44c57a,Completeness,document,Application Completeness Letter,False
1c26a74c-03ef-4302-94a0-3b794cf583ab,Completeness,document,Application Completeness Letter,False
1cd11925-91b7-4110-b62f-e26f5980e336,Completeness,document,Application Completeness Letter,False
1e0a7577-b08e-46bf-8119-1aa425b90334,Completeness,document,Application Completeness Letter,False
2071241b-eaec-4108-9ad5-5d5bc6f96071,Completeness,document,Application Completeness Letter,False
2073f1f3-9c70-4e27-9f9e-4105c51be8f7,Completeness,document,Application Completeness Letter,False
20cf31ac-c083-4d90-8028-8685c18a1751,Completeness,document,Application Completeness Letter,False
224b4c22-66d1-40fe-ae57-04c911173d74,Completeness,document,Application Completeness Letter,False
232ce729-df65-41ad-ae63-40d269cd34aa,Completeness,document,Application Completeness Letter,False
24d0aa55-6041-43b0-8e4b-5ef69afa5505,Completeness,document,Application Completeness Letter,False
26cf0dca-fe07-4614-9ed1-cc59bbad3c76,Completeness,document,Application Completeness Letter,False
279bc6a9-6a87-474f-881b-b14b05f731c8,Completeness,document,Application Completeness Letter,False
27c14bd5-9e48-4833-8da0-d0bd2727aaec,Completeness,document,Application Completeness Letter,False
280e7e47-9d18-4963-bfa5-22dab94f8408,Completeness,document,Application Completeness Letter,False
2916eb15-b065-4f44-ac82-a37475aedeab,Completeness,document,Application Completeness Letter,False
291eb311-4a9a-48ff-b096-fd0df6e11d73,Completeness,document,Application Completeness Letter,False
2accbe88-b9ce-4d0f-8368-d4f8352301a5,Completeness,document,Application Completeness Letter,False
2b0c1e40-571d-4b06-975b-02d163f138ae,Completeness,document,Application Completeness Letter,False
2b8070d1-36c9-4562-8686-3551ae2ef257,Completeness,document,Application Completeness Letter,False
2c51fad0-036e-4062-96d3-f741d1f23341,Completeness,document,Application Completeness Letter,False
2d35dad4-a3f0-44e9-b79b-8ae9f29642fe,Completeness,document,Application Completeness Letter,False
2d38b1d0-0919-4d3c-8f42-3e6c62683b50,Completeness,document,Application Completeness Letter,False
2dc270c0-27f0-4992-8602-1fbbdcafa7b0,Completeness,document,Application Completeness Letter,False
2df84448-6f71-4914-b227-3ffbb6c3f3b8,Completeness,document,Application Completeness Letter,False
2e8fea71-0bde-4508-8478-9413704abf1d,Completeness,document,Application Completeness Letter,False
2f359794-acc9-448b-9d78-688316494cdb,Completeness,document,Application Completeness Letter,False
2f5ee146-d497-4de9-8d00-e67db4a54563,Completeness,document,Application Completeness Letter,False
2f94274e-5b24-467e-a3e1-3ea5dd93bbec,Completeness,document,Application Completeness Letter,False
30539da0-ca78-4740-a5b1-da3e35a2f472,Completeness,document,Application Completeness Letter,False
31afe2bf-4951-4d57-99ba-6394eb5711ba,Completeness,document,Application Completeness Letter,False
31c6c568-37af-4d37-887b-636ff767fea1,Completeness,document,Application Completeness Letter,False
3208d7be-c6bf-4fe3-b373-f528c99dd548,Completeness,document,Application Completeness Letter,False
349f4f06-0e6c-491c-9e39-16073e2ee0f3,Completeness,document,Application Completeness Letter,False
356a9ff0-124e-4a2f-9629-08e72f33b78b,Completeness,document,Application Completeness Letter,False
35eb3be5-e50e-49d3-bf7c-42fa6f767e87,Completeness,document,Application Completeness Letter,False
36b8a283-3e06-49b9-8236-e5947b849673,Completeness,document,Application Completeness Letter,False
388ac56a-d77a-47d8-a1a9-223726638ee9,Completeness,document,Application Completeness Letter,False
3954a225-e64e-4e6f-badd-e41ef1ed8ec4,Completeness,document,Application Completeness Letter,False
396573ba-a1e2-4428-ad77-276a273884ab,Completeness,document,Application Completeness Letter,False
3be48392-7bc2-416c-9064-516e8fbca5fd,Completeness,document,Application Completeness Letter,False
3c42d745-e2c8-42df-827f-910a55f563bb,Completeness,document,Application Completeness Letter,False
3f8ab05e-a761-4775-8d14-dc3b6ac9c42f,Completeness,document,Application Completeness Letter,False
3f9b7639-d592-4f2b-8665-806bc4be4817,Completeness,document,Application Completeness Letter,False
41ec9d51-efde-4812-8ea6-541a7ff514a0,Completeness,document,Application Completeness Letter,False
42526f23-48f1-49b5-9fde-d5c39fb878ce,Completeness,document,Application Completeness Letter,False
4273d858-eb53-49ce-892f-da66c13a1041,Completeness,document,Application Completeness Letter,False
4278f28d-1806-4898-b56e-5fe6a7cc3bbb,Completeness,document,Application Completeness Letter,False
42bda103-5071-4e05-95df-6a21b02309a0,Completeness,document,Application Completeness Letter,False
4300b588-9c0e-490d-9b7f-08074583756e,Completeness,document,Application Completeness Letter,False
434c0046-5d1d-4558-919b-fefb46dc5e59,Completeness,document,Application Completeness Letter,False
43d8b6eb-c59c-4106-ac90-f3a5145d0fc5,Completeness,document,Application Completeness Letter,False
43f0f178-3151-4e8f-9836-5c92522c971f,Completeness,document,Application Completeness Letter,False
4510420f-1095-4c0c-b6ff-8f909a92ff6b,Completeness,document,Application Completeness Letter,False
45460c60-fb59-4c72-87b1-253ff9674656,Completeness,document,Application Completeness Letter,False
47d34a19-20af-453d-ab23-0220c875f015,Completeness,document,Application Completeness Letter,False
47d57b40-32df-4108-b2f4-9371b7251603,Completeness,document,Application Completeness Letter,False
4a9b897c-da61-4e97-a8e9-e4bc2ce93e96,Completeness,document,Application Completeness Letter,False
4ac33e36-e034-4905-bc81-18c4fb117723,Completeness,document,Application Completeness Letter,False
4c6c743f-8114-4aa5-a6b8-791fe18d1f92,Completeness,document,Application Completeness Letter,False
4c6dc7a2-d2cb-43e4-b152-40125666dab8,Completeness,document,Application Completeness Letter,False
4c6f2ef7-46f4-4d5b-b200-dfdc9fc7182c,Completeness,document,Application Completeness Letter,False
4c7e1658-26d9-4281-8923-f39602cbe62d,Completeness,document,Application Completeness Letter,False
4c859061-4d2d-4ba2-9b25-ed2ea253a660,Completeness,document,Application Completeness Letter,False
4d1d0cbd-d678-46bd-9271-5d820b84d247,Completeness,document,Application Completeness Letter,False
4df5b564-f29a-4d6f-888a-f45cfafc80a7,Completeness,document,Application Completeness Letter,False
4f4ca8f2-642d-486b-9e1b-403d044e0c08,Completeness,document,Application Completeness Letter,False
50607850-a7d0-41e6-9e1c-5eaa97970480,Completeness,document,Application Completeness Letter,False
51573012-04dc-491f-b41a-0bb4b24efec9,Completeness,document,Application Completeness Letter,False
517d3bce-f1df-4b8a-abf5-4714d5dd0e0e,Completeness,document,Application Completeness Letter,False
52a0996b-7c44-494d-b776-c61ea23e8151,Completeness,document,Application Completeness Letter,False
52e72c12-28f6-40b8-847a-8955b3e9e17e,Completeness,document,Application Completeness Letter,False
532eb869-f195-47a4-85d4-c9cd60d5b74d,Completeness,document,Application Completeness Letter,False
563107d6-fbe5-4d2e-b9c0-82224b7b799f,Completeness,document,Application Completeness Letter,False
563f2f45-f01b-4496-97ed-b87c3c7df7da,Completeness,document,Application Completeness Letter,False
5658e206-a582-4aa5-b4c9-8dc15f882ede,Completeness,document,Application Completeness Letter,False
592546ba-edaa-4798-a4ba-8ef560f70d8a,Completeness,document,Application Completeness Letter,False
59c17cc5-53df-493c-9fe7-8c60fc74b2e9,Completeness,document,Application Completeness Letter,False
5a771745-7b29-42b9-b42a-67ae2458aa9f,Completeness,document,Application Completeness Letter,False
5b401019-3ea0-4a2b-b244-522d987c44d4,Completeness,document,Application Completeness Letter,False
5c34d3d0-1936-4271-8fd6-75df66ff3866,Completeness,document,Application Completeness Letter,False
5c691bac-63fb-49b2-8ba2-64943643c0f9,Completeness,document,Application Completeness Letter,False
5c9f465d-0d82-45dc-b417-a9f37d22aeca,Completeness,document,Application Completeness Letter,False
5d2f4ed6-f0c0-4ca8-b358-0895ecec7264,Completeness,document,Application Completeness Letter,False
5d3e70d1-a912-40f5-a96f-2972c859d992,Completeness,document,Application Completeness Letter,False
5d57bdd1-b045-435e-b7b4-64a57a0b451c,Completeness,document,Application Completeness Letter,False
5fe23d01-4b5e-4219-af15-0704686827fc,Completeness,document,Application Completeness Letter,False
60ea7851-9e7e-4105-ae9d-fdf7ee9dce7a,Completeness,document,Application Completeness Letter,False
6121bb37-1f43-4709-be1d-7e2e0e1524e4,Completeness,document,Application Completeness Letter,False
62752f90-fcb7-4eba-9d0d-64cfd883a3f6,Completeness,document,Application Completeness Letter,False
644cea4d-9889-4f33-8e94-aba05cac72c7,Completeness,document,Application Completeness Letter,False
64d33085-d365-4e7c-9a9a-03f009e60a7d,Completeness,document,Application Completeness Letter,False
64d488e8-b0ea-4975-8cab-b5e1c5e7081e,Completeness,document,Application Completeness Letter,False
656ea06b-143e-4e04-981b-cc409f142662,Completeness,document,Application Completeness Letter,False
658036b5-c984-434a-b72d-88cfcafee003,Completeness,document,Application Completeness Letter,False
65abf3d1-0cd4-4d40-bcce-156a76c0a035,Completeness,document,Application Completeness Letter,False
65e2a59a-dd59-4fdb-abc6-741972bc1a84,Completeness,document,Application Completeness Letter,False
661424ae-5057-4909-bdf3-9ae7ec847d24,Completeness,document,Application Completeness Letter,False
674aac2b-0390-4171-8c9d-4c1c3c03a8e6,Completeness,document,Application Completeness Letter,False
685474b8-5a90-49b6-aa6c-59b65628eaf9,Completeness,document,Application Completeness Letter,False
68fff0c7-741d-465d-971e-9c3aae683fa3,Completeness,document,Application Completeness Letter,False
6c913f9b-c332-4952-a70d-1a6231261340,Completeness,document,Application Completeness Letter,False
6e11e177-b4ea-45fe-8c56-0af3e9e2e1e6,Completeness,document,Application Completeness Letter,False
6e8a0329-4bdb-454f-bf70-3718526ded6b,Completeness,document,Application Completeness Letter,False
6e992441-2a89-4294-a7f4-9becec15e22b,Completeness,document,Application Completeness Letter,False
6eb1f8a6-6dcb-4f27-990f-3c938fd2478d,Completeness,document,Application Completeness Letter,False
6ef3661c-b813-425e-95ee-75a33095b612,Completeness,document,Application Completeness Letter,False
6f50e23b-ce21-4e18-8fb6-f7775b89e41e,Completeness,document,Application Completeness Letter,False
7113f4e2-9519-404d-bd73-191cffcaaeb7,Completeness,document,Application Completeness Letter,False
713bada4-df31-4258-9b20-9dadac43c1cc,Completeness,document,Application Completeness Letter,False
71bd7472-26c4-4cd1-a1fd-d23bc11cf9e0,Completeness,document,Application Completeness Letter,False
71e8bdde-35a5-43a0-9ebd-53cd29bb5aed,Completeness,document,Application Completeness Letter,False
7247c6cc-a4f8-422b-a0d4-eb7023de52c4,Completeness,document,Application Completeness Letter,False
72ba07e4-1073-4c30-976b-4c6d836a7afa,Completeness,document,Application Completeness Letter,False
7359cb4b-7f34-4322-9379-448e4c4a3ebf,Completeness,document,Application Completeness Letter,False
7381c72c-ddc3-406e-82af-988a5972a2c9,Completeness,document,Application Completeness Letter,False
73d073a5-d31c-49c5-8e37-9edf2f970f4b,Completeness,document,Application Completeness Letter,False
753784a3-c5ec-4826-a5ee-dfc9664cbf90,Completeness,document,Application Completeness Letter,False
76f5cfc6-aae5-470d-bdd3-9492644e3dbd,Completeness,document,Application Completeness Letter,False
77487dfc-4eaa-4b0d-97fc-91b3614a9542,Completeness,document,Application Completeness Letter,False
77621ac9-146a-4540-bdf2-e59e63e5278d,Completeness,document,Application Completeness Letter,False
79b7bb6e-2230-4d76-a4fc-b498031190a3,Completeness,document,Application Completeness Letter,False
79d28d84-31cd-4e95-9e98-92fb3e480065,Completeness,document,Application Completeness Letter,False
7ae1272a-e47a-4228-aae8-7855b6737052,Completeness,document,Application Completeness Letter,False
7c356590-c4df-4f86-a44e-ab562321ee09,Completeness,document,Application Completeness Letter,False
7c43bc46-6034-4df6-a40f-d8bba45e320a,Completeness,document,Application Completeness Letter,False
7c66762a-21ce-4e96-a766-1b705463e62c,Completeness,document,Application Completeness Letter,False
7c9256d8-ff1b-4208-a542-9c2485ea95d7,Completeness,document,Application Completeness Letter,False
7d002e7e-6ac9-47ea-8ae7-5ef111b9202a,Completeness,document,Application Completeness Letter,False
7d0bd82d-b71e-48a5-885c-0e6efbccb57b,Completeness,document,Application Completeness Letter,False
7e09d6dd-6a16-4878-a186-686978528cb6,Completeness,document,Application Completeness Letter,False
7e6ad85c-4984-4a98-87e8-574a2eebdc47,Completeness,document,Application Completeness Letter,False
7ee95840-8e0a-4dde-8636-ca10711f046e,Completeness,document,Application Completeness Letter,False
7f405a54-2777-4fa1-85c0-8dbaa1c7d361,Completeness,document,Application Completeness Letter,False
805e0f96-ad57-490a-b16b-76811f9d3cbe,Completeness,document,Application Completeness Letter,False
80a1a128-5ef0-47ba-af5a-d9bb4be2af9f,Completeness,document,Application Completeness Letter,False
812eee93-224e-45d1-8b44-b5f112330a1c,Completeness,document,Application Completeness Letter,False
81e1fec1-9bde-4a7a-ae6e-2b00df15a2cd,Completeness,document,Application Completeness Letter,False
8263c0a9-0ff4-42af-a9be-bbc9eac3c117,Completeness,document,Application Completeness Letter,False
83c3e37c-2043-4d84-ba05-c305d78b230b,Completeness,document,Application Completeness Letter,False
85091d55-a133-4bef-af0a-f8c0ec9f7a55,Completeness,document,Application Completeness Letter,False
861404d8-993a-4c33-965d-bc3c1e399e6e,Completeness,document,Application Completeness Letter,False
86761e5d-41eb-44ed-8f8b-2ce49781c2be,Completeness,document,Application Completeness Letter,False
86ae7990-339a-4643-a194-dd0455c29760,Completeness,document,Application Completeness Letter,False
86df92e1-e4ed-47f1-9bdf-56f216818bba,Completeness,document,Application Completeness Letter,False
886828db-adcb-49a5-9550-45030a0bf747,Completeness,document,Application Completeness Letter,False
89897d99-9c7e-4475-9815-3e71708dd352,Completeness,document,Application Completeness Letter,False
8cb9aba6-e34e-451a-81b5-49212188a3a5,Completeness,document,Application Completeness Letter,False
8cbe1c30-8b78-4c66-8b4d-1dc6aa90b759,Completeness,document,Application Completeness Letter,False
8dd91d38-fbd3-4d49-8735-c3aa42dc6a73,Completeness,document,Application Completeness Letter,False
8e1176a4-6d9e-4258-b058-855ee4b31b9d,Completeness,document,Application Completeness Letter,False
8f00753c-cc0e-4a2a-a810-2ad6159fb047,Completeness,document,Application Completeness Letter,False
8f1f11a7-8398-47e4-8891-9b03b1a8560d,Completeness,document,Application Completeness Letter,False
8ffa4527-5033-4710-8777-0b7629a3cd04,Completeness,document,Application Completeness Letter,False
9082ab6c-6c8c-4290-8cb9-0497a54b355b,Completeness,document,Application Completeness Letter,False
9125774f-80db-44ba-a2c0-9fdcbd3deef9,Completeness,document,Application Completeness Letter,False
9368bc5d-845f-4100-8e38-82a4895b751a,Completeness,document,Application Completeness Letter,False
937936aa-d1ee-4041-8200-0d2b53c7c9b1,Completeness,document,Application Completeness Letter,False
93aac463-f051-4f83-bdf7-8f3a5b6c6205,Completeness,document,Application Completeness Letter,False
946c3779-7558-40f6-b24b-e7f1a581f2f5,Completeness,document,Application Completeness Letter,False
950fcd2f-4f1f-41dd-bc0d-ac257837771d,Completeness,document,Application Completeness Letter,False
96bf3ad9-99db-4a02-be53-a022ee5a272a,Completeness,document,Application Completeness Letter,False
982be203-d26f-477d-bcc6-cea99fb4d491,Completeness,document,Application Completeness Letter,False
98c57471-6d7f-4432-b122-43ef914f1beb,Completeness,document,Application Completeness Letter,False
98f9e541-362d-4893-ad83-81bdfea6d66c,Completeness,document,Application Completeness Letter,False
99b5f4e4-9072-4d43-a767-888ff839fa20,Completeness,document,Application Completeness Letter,False
9a7713d3-de8b-44aa-a022-f597dfbf0773,Completeness,document,Application Completeness Letter,False
9ad8ca1f-1260-4f7b-b292-d4705c67a713,Completeness,document,Application Completeness Letter,False
9af9da7a-22c7-483a-a78f-b785ea1841a2,Completeness,document,Application Completeness Letter,False
9b235170-7893-4b07-89a6-d0a338e0cc13,Completeness,document,Application Completeness Letter,False
9b75046b-5e27-4b6a-898f-0374e0357255,Completeness,document,Application Completeness Letter,False
9beda77c-9c5b-491c-82f2-2ad45f002b6f,Completeness,document,Application Completeness Letter,False
9d5f9218-6afd-465f-aea0-783c6494a809,Completeness,document,Application Completeness Letter,False
9e0362bb-03dd-4149-9164-5827f02feb08,Completeness,document,Application Completeness Letter,False
9f4e6bbb-1e12-45c4-b519-51cb75c49ef4,Completeness,document,Application Completeness Letter,False
a0426e42-6d70-4059-b67d-0d0135a58ba8,Completeness,document,Application Completeness Letter,False
a07522dd-7b9f-43a8-9afd-7807503c1361,Completeness,document,Application Completeness Letter,False
a1720a4f-5984-4b4c-b929-d10fb071ee97,Completeness,document,Application Completeness Letter,False
a4c7e4c0-c0d3-4f12-8b13-3d259379ccdc,Completeness,document,Application Completeness Letter,False
a4cb9112-817b-4bd9-a566-75fba2a9ac6d,Completeness,document,Application Completeness Letter,False
a5380e32-3927-46eb-a048-f48664ffb809,Completeness,document,Application Completeness Letter,False
a664bde0-11bc-47f3-876f-392e943b092c,Completeness,document,Application Completeness Letter,False
a6c8c1b0-0a39-40ae-b9cc-f00018e3e41a,Completeness,document,Application Completeness Letter,False
a9341a96-f3ac-4d19-b867-805c1c13e0bf,Completeness,document,Application Completeness Letter,False
af7fe1f7-b3b6-4372-bc4f-e4b3c8e8b574,Completeness,document,Application Completeness Letter,False
b2b50a67-a9c7-4796-8bbb-2885202e8cf5,Completeness,document,Application Completeness Letter,False
b40aacee-3dac-447e-a9b6-23b85ad86812,Completeness,document,Application Completeness Letter,False
b4397db8-6c82-4093-8872-91cbf5698efe,Completeness,document,Application Completeness Letter,False
b4fdb539-22a8-407f-8ce0-1226acac5b27,Completeness,document,Application Completeness Letter,False
b526c4a0-fd7e-4b09-af5f-302fc71143a2,Completeness,document,Application Completeness Letter,False
b58d203e-fe49-446d-8872-05ee866c51bc,Completeness,document,Application Completeness Letter,False
b646eaa5-5146-42ba-8793-f9ff4daffbfb,Completeness,document,Application Completeness Letter,False
b8979015-28d2-462d-b4c9-23e734e74637,Completeness,document,Application Completeness Letter,False
b8ca0693-642b-42a5-89d5-a0f271e2beaa,Completeness,document,Application Completeness Letter,False
b8ce4b5d-b2e0-49ce-9878-2f77b5da13a3,Completeness,document,Application Completeness Letter,False
b93e171d-8d45-4f17-92d5-adac4866e548,Completeness,document,Application Completeness Letter,False
b948eef7-7d1c-44a1-bce9-264e1bd1adbd,Completeness,document,Application Completeness Letter,False
b973a0b2-97a5-4846-8396-ba03f50995ef,Completeness,document,Application Completeness Letter,False
b9d64f02-8673-49dd-892f-63a63865358e,Completeness,document,Application Completeness Letter,False
bb46787a-42bc-417f-a7b8-cdef0fda771f,Completeness,document,Application Completeness Letter,False
bc2eaa99-81ce-4727-9212-2e647e4e40a1,Completeness,document,Application Completeness Letter,False
bc598f12-3acd-4021-9163-0c01c53d11dd,Completeness,document,Application Completeness Letter,False
bcff12d0-748c-47e9-ac21-567260b29630,Completeness,document,Application Completeness Letter,False
bd04b5ec-78bb-42e4-af8b-28d59388da88,Completeness,document,Application Completeness Letter,False
bd48c893-ab19-4763-88b0-91f9347cc516,Completeness,document,Application Completeness Letter,False
bd8d30ad-ee9d-4ba5-a2ff-d2940fde0be3,Completeness,document,Application Completeness Letter,False
be09c9ac-d9b9-4370-a268-d973ec0d16f5,Completeness,document,Application Completeness Letter,False
be915209-b5be-4971-8147-6e50ee5ed395,Completeness,document,Application Completeness Letter,False
bf144d9c-f861-4915-9640-faae738fe092,Completeness,document,Application Completeness Letter,False
bf1f52ca-0c3b-4f54-ad12-a2b503b76c7a,Completeness,document,Application Completeness Letter,False
bf354cb7-af95-45ad-9efa-9e9c76184a8a,Completeness,document,Application Completeness Letter,False
c018c553-bf3d-4713-97a6-5aa5d2952c59,Completeness,document,Application Completeness Letter,False
c0a1acc2-15f1-458d-94b6-c5fed8f205d4,Completeness,document,Application Completeness Letter,False
c13062a4-817d-498f-8c5e-e4f449c1d978,Completeness,document,Application Completeness Letter,False
c16a997e-e0f9-4347-8494-9ce77a7ad192,Completeness,document,Application Completeness Letter,False
c2f49dfd-0b97-4aab-bc5c-416624ae2cf9,Completeness,document,Application Completeness Letter,False
c3046e84-add8-4311-8c2b-a4b4b454c7fd,Completeness,document,Application Completeness Letter,False
c34edfa1-113c-47c3-8443-aa98f8a984c7,Completeness,document,Application Completeness Letter,False
c5798784-3aef-4ad7-b15a-8248b8a7a274,Completeness,document,Application Completeness Letter,False
c74f0781-a0c4-4277-9844-6daa46cdc03d,Completeness,document,Application Completeness Letter,False
c7b6bc2b-de8c-4594-94a2-f94a7cdbec01,Completeness,document,Application Completeness Letter,False
c7c07fe5-ac27-4296-9440-13916aa30f3a,Completeness,document,Application Completeness Letter,False
c88d9b17-5c4d-4c6c-b028-d0ba7894ef2f,Completeness,document,Application Completeness Letter,False
c8dabc76-00ef-4790-b6bf-569e26aa1ed9,Completeness,document,Application Completeness Letter,False
ca1d4801-fc20-45e9-9f7e-8d7d5f7746ad,Completeness,document,Application Completeness Letter,False
cace5bc9-6f15-4469-b848-03d64fa0662f,Completeness,document,Application Completeness Letter,False
cb5f2906-d9da-497b-8695-092e12c18b9e,Completeness,document,Application Completeness Letter,False
cb65dde4-8817-4d5e-8d2d-ca9819c0905d,Completeness,document,Application Completeness Letter,False
cb7441d0-c691-4dfb-b98d-a2a8f4b7e81f,Completeness,document,Application Completeness Letter,False
ccf6abde-3eae-4fb9-a473-bcf38786512f,Completeness,document,Application Completeness Letter,False
cd347114-a964-462b-a855-bfd14c955c14,Completeness,document,Application Completeness Letter,False
cd8bd6bd-4867-4466-84f4-2d6f204c8628,Completeness,document,Application Completeness Letter,False
cd8d6037-25d7-40a0-879c-b8d85f443f35,Completeness,document,Application Completeness Letter,False
cdb1dabc-8e0f-4648-9216-4540cfe80211,Completeness,document,Application Completeness Letter,False
ce6100de-f679-44c4-bd26-819ef099a5cb,Completeness,document,Application Completeness Letter,False
ce6b5e64-f60b-4661-b1f2-10c25e1c6ad1,Completeness,document,Application Completeness Letter,False
cfd0656a-ae45-41c2-bb82-62df6645076f,Completeness,document,Application Completeness Letter,False
d2e61c74-178a-4791-b53d-8a1e4ebddd40,Completeness,document,Application Completeness Letter,False
d40d1207-a663-40bd-8036-287fc06ea360,Completeness,document,Application Completeness Letter,False
d4ce7d33-6c38-4061-85a7-09a7d7be42fd,Completeness,document,Application Completeness Letter,False
d6bc8012-3397-4f21-84af-61f59f658e89,Completeness,document,Application Completeness Letter,False
d74e616c-e6db-4410-9ce1-eadd02eca4e5,Completeness,document,Application Completeness Letter,False
d81482a4-fc33-45dc-be8b-9a3a0dd1356e,Completeness,document,Application Completeness Letter,False
da5535b9-14bf-48f9-9061-03a8b14f988c,Completeness,document,Application Completeness Letter,False
daa5e216-e5ee-4567-a2dc-6165b252b2fb,Completeness,document,Application Completeness Letter,False
dac3f05e-1815-4d03-8066-5aa5c1c7ff4a,Completeness,document,Application Completeness Letter,False
dbb154f3-4cf5-430e-adbd-df9df5867685,Completeness,document,Application Completeness Letter,False
dc8dd640-fc64-4ba3-9894-f243b1e14869,Completeness,document,Application Completeness Letter,False
dcdd103d-91da-441d-bd81-3aebf0b31e37,Completeness,document,Application Completeness Letter,False
dd544bef-c3da-45bb-b665-546f32a96a7e,Completeness,document,Application Completeness Letter,False
e05f17af-8550-4ebe-81d5-e3804993556c,Completeness,document,Application Completeness Letter,False
e084fdf7-7572-4eda-9b86-bf3bed22ba02,Completeness,document,Application Completeness Letter,False
e0cbb5b9-393e-4b35-8d2c-f5e3adf551af,Completeness,document,Application Completeness Letter,False
e14e3eb8-f350-403c-bee3-21868690dfe4,Completeness,document,Application Completeness Letter,False
e1db1851-cd99-4ccc-82aa-a2a48982c475,Completeness,document,Application Completeness Letter,False
e3b59b4d-8488-4e32-ae71-b6b3c244ef41,Completeness,document,Application Completeness Letter,False
e3cbac18-f203-4de2-bda7-dc9a2dc03f58,Completeness,document,Application Completeness Letter,False
e4d572d3-49e4-4f44-992a-ea12360501cb,Completeness,document,Application Completeness Letter,False
e50ea93d-3fdc-4ca1-b94b-958c044e6330,Completeness,document,Application Completeness Letter,False
e576fa42-1317-481f-bb30-8e5b26e96c27,Completeness,document,Application Completeness Letter,False
e7572db9-1cc7-4455-9d22-d0d676dd4792,Completeness,document,Application Completeness Letter,False
e79fd204-c812-4957-a90a-46c3beb81d56,Completeness,document,Application Completeness Letter,False
e7ed830c-61a5-4f3b-b6e0-b7c2f120fd3e,Completeness,document,Application Completeness Letter,False
e9225e11-2ed6-4c44-b08b-497ff585e349,Completeness,document,Application Completeness Letter,False
ec1d7adf-e662-4db6-a5a5-d6ab811f2d24,Completeness,document,Application Completeness Letter,False
ec46307f-ec7b-4e65-a15e-bb1c3d360114,Completeness,document,Application Completeness Letter,False
ec76e94b-178b-414b-a442-16cfa3b83a2e,Completeness,document,Application Completeness Letter,False
ecc9c0ed-2d1d-4a59-9d83-4c3431cfb144,Completeness,document,Application Completeness Letter,False
eee52288-0cd7-4fe4-9e6a-a85ace8df4b4,Completeness,document,Application Completeness Letter,False
eef2cfd3-6b55-45b0-82ef-17f2d932c519,Completeness,document,Application Completeness Letter,False
f13dadee-5052-421c-b42b-3dbba6740c2e,Completeness,document,Application Completeness Letter,False
f1ddca41-3217-44af-bcff-bc2e2fd2b710,Completeness,document,Application Completeness Letter,False
f28de1d9-0c7f-482b-be4a-37a5010395b6,Completeness,document,Application Completeness Letter,False
f35c1cd7-761e-4072-a2d6-1abe8117ced5,Completeness,document,Application Completeness Letter,False
f42e43e2-536c-445c-88b3-5ef2a83423ad,Completeness,document,Application Completeness Letter,False
f4358c61-6506-497e-a179-dac4603ce4a4,Completeness,document,Application Completeness Letter,False
f641320f-8cae-452f-999f-f650d13d24ff,Completeness,document,Application Completeness Letter,False
f69d1f8d-849e-4c43-84af-1d6aadb19433,Completeness,document,Application Completeness Letter,False
f6eec1f1-9bdc-41ea-a810-e0695dd360b1,Completeness,document,Application Completeness Letter,False
f723aea0-4ef8-4a60-b98e-0393f346cfbd,Completeness,document,Application Completeness Letter,False
f74d0af7-eee2-4cdf-8279-b5494534de99,Completeness,document,Application Completeness Letter,False
f8750186-e249-4421-8246-abb93a6a80e2,Completeness,document,Application Completeness Letter,False
f935244b-2eac-4613-b7fa-d94d731015c5,Completeness,document,Application Completeness Letter,False
fa23b695-abaf-4991-a36c-fd3b562bca5d,Completeness,document,Application Completeness Letter,False
fa288f4b-d424-4cfa-8faa-c1e2b08dc009,Completeness,document,Application Completeness Letter,False
fb5ab5b6-9802-4344-9765-bc636223a99c,Completeness,document,Application Completeness Letter,False
fb67f194-6495-46de-b313-f37e3f77892e,Completeness,document,Application Completeness Letter,False
fbca251b-1a37-4c01-bc0f-7a8f956e81fd,Completeness,document,Application Completeness Letter,False
fc8af835-194a-4fdb-a3db-750a7af79998,Completeness,document,Application Completeness Letter,False
fd3ac48a-a385-4ba1-b26f-f078f892ccfc,Completeness,document,Application Completeness Letter,False
fdf14feb-7061-4c29-b811-3421897765e1,Completeness,document,Application Completeness Letter,False
fe0d0cd6-268b-42a8-a671-88f6cf199192,Completeness,document,Application Completeness Letter,False
fe371a3a-ba6b-4f7c-83e7-60f36602e89d,Completeness,document,Application Completeness Letter,False
007cc95c-92ae-40cc-850e-50bb331b658d,Completeness,document,Internal Completeness Review Form,False
01202dd5-67e9-432f-a5ef-d9e4e49f8f76,Completeness,document,Internal Completeness Review Form,False
0181f074-ee92-420b-822d-aedfadcd4c7d,Completeness,document,Internal Completeness Review Form,False
01dca696-c094-4f14-ade8-c96f19292a92,Completeness,document,Internal Completeness Review Form,False
0473183d-2e93-4371-a841-47350d3e765b,Completeness,document,Internal Completeness Review Form,False
08a66d07-dfe1-4225-b3d1-cf7604909b58,Completeness,document,Internal Completeness Review Form,False
08ced498-8997-401c-a186-daa67a4ff809,Completeness,document,Internal Completeness Review Form,False
08fceebe-6835-408b-97de-b7f3b8522706,Completeness,document,Internal Completeness Review Form,False
0965889d-2796-4022-adc9-7ad6b2f7895e,Completeness,document,Internal Completeness Review Form,False
0977ad7f-a35c-4e4e-b50b-2f1834ad5014,Completeness,document,Internal Completeness Review Form,False
09f34d93-656c-4793-ad53-f06d53f03192,Completeness,document,Internal Completeness Review Form,False
0a7679ae-d047-49fb-9996-9c5c497a1ad5,Completeness,document,Internal Completeness Review Form,False
0aacc3ec-a6fc-41cb-84e3-3fd8ca5f4c25,Completeness,document,Internal Completeness Review Form,False
0ad53526-62cf-405b-aaaf-d62dfa2433b6,Completeness,document,Internal Completeness Review Form,False
0b11ca84-a492-41e1-9fb1-7c988da310ba,Completeness,document,Internal Completeness Review Form,False
0b49419b-eb17-4fb1-99e2-79f58fca2b75,Completeness,document,Internal Completeness Review Form,False
0b8752ca-48d3-4e08-8369-d92c9d1b0427,Completeness,document,Internal Completeness Review Form,False
0c74168d-4ed3-485b-aca4-d82cd5ca4fa5,Completeness,document,Internal Completeness Review Form,False
0cc17b4c-5437-425e-9700-c8e90f09aaf6,Completeness,document,Internal Completeness Review Form,False
0cdb6064-b473-4a2e-bdc2-d6dfded63446,Completeness,document,Internal Completeness Review Form,False
0fbdef7a-fb36-430d-ae8d-0d34882e1c74,Completeness,document,Internal Completeness Review Form,False
0fcfc81f-e55a-4374-ba2b-ec37081df6d3,Completeness,document,Internal Completeness Review Form,False
110f9760-16ff-4adf-8f29-1c0a24db5ca0,Completeness,document,Internal Completeness Review Form,False
11bbbe73-e085-4be3-84ec-70cfb3a2f31b,Completeness,document,Internal Completeness Review Form,False
123b47d8-b25f-448b-a762-b51d97c518dc,Completeness,document,Internal Completeness Review Form,False
12d5ea2c-39f6-43af-ba29-0226e0daeafe,Completeness,document,Internal Completeness Review Form,False
13fbcf4d-aaac-4d6f-9c56-1c7de963b003,Completeness,document,Internal Completeness Review Form,False
14631a8e-32a3-4657-a29e-9374112a72e9,Completeness,document,Internal Completeness Review Form,False
14c27c1b-f1a4-4c07-9999-0f2cd25078ff,Completeness,document,Internal Completeness Review Form,False
150fd48e-7a9a-4417-a4a2-04e6240e0da1,Completeness,document,Internal Completeness Review Form,False
16b94b99-94e4-47f7-86f2-235d6fbbb3f0,Completeness,document,Internal Completeness Review Form,False
17d07543-f9f1-481f-90e3-49125eea23d3,Completeness,document,Internal Completeness Review Form,False
17fae73d-32e2-487b-802d-4245eb8dac1b,Completeness,document,Internal Completeness Review Form,False
18bf9f77-362a-405b-849c-d2c642fcd9b4,Completeness,document,Internal Completeness Review Form,False
194ee888-180e-4ec1-86e2-90ac54999c6e,Completeness,document,Internal Completeness Review Form,False
1954dc33-d848-47e8-ab15-15f3194fc715,Completeness,document,Internal Completeness Review Form,False
196cd174-4db0-4d4d-bc83-612c75b53c0c,Completeness,document,Internal Completeness Review Form,False
19cde612-c7fa-42bf-861e-c527ab0b5b6e,Completeness,document,Internal Completeness Review Form,False
1ac4f92b-8b39-4081-ab13-f12d29995ba7,Completeness,document,Internal Completeness Review Form,False
1ad59f7a-cd6e-4454-8809-f1529f4d2590,Completeness,document,Internal Completeness Review Form,False
1b0a267d-bb05-4d13-9499-9ce34b1aff6f,Completeness,document,Internal Completeness Review Form,False
1b155e69-e927-4a64-be66-940ac3093a0d,Completeness,document,Internal Completeness Review Form,False
1b3322cf-8bdf-4cfd-85fc-880f96ae6c78,Completeness,document,Internal Completeness Review Form,False
1b4db82b-54a7-4da0-b5ae-9d677c54a565,Completeness,document,Internal Completeness Review Form,False
1bd03341-d171-424d-8bf8-acb73c44c57a,Completeness,document,Internal Completeness Review Form,False
1c26a74c-03ef-4302-94a0-3b794cf583ab,Completeness,document,Internal Completeness Review Form,False
1cd11925-91b7-4110-b62f-e26f5980e336,Completeness,document,Internal Completeness Review Form,False
1e0a7577-b08e-46bf-8119-1aa425b90334,Completeness,document,Internal Completeness Review Form,False
2071241b-eaec-4108-9ad5-5d5bc6f96071,Completeness,document,Internal Completeness Review Form,False
2073f1f3-9c70-4e27-9f9e-4105c51be8f7,Completeness,document,Internal Completeness Review Form,False
20cf31ac-c083-4d90-8028-8685c18a1751,Completeness,document,Internal Completeness Review Form,False
224b4c22-66d1-40fe-ae57-04c911173d74,Completeness,document,Internal Completeness Review Form,False
232ce729-df65-41ad-ae63-40d269cd34aa,Completeness,document,Internal Completeness Review Form,False
24d0aa55-6041-43b0-8e4b-5ef69afa5505,Completeness,document,Internal Completeness Review Form,False
26cf0dca-fe07-4614-9ed1-cc59bbad3c76,Completeness,document,Internal Completeness Review Form,False
279bc6a9-6a87-474f-881b-b14b05f731c8,Completeness,document,Internal Completeness Review Form,False
27c14bd5-9e48-4833-8da0-d0bd2727aaec,Completeness,document,Internal Completeness Review Form,False
280e7e47-9d18-4963-bfa5-22dab94f8408,Completeness,document,Internal Completeness Review Form,False
2916eb15-b065-4f44-ac82-a37475aedeab,Completeness,document,Internal Completeness Review Form,False
291eb311-4a9a-48ff-b096-fd0df6e11d73,Completeness,document,Internal Completeness Review Form,False
2accbe88-b9ce-4d0f-8368-d4f8352301a5,Completeness,document,Internal Completeness Review Form,False
2b0c1e40-571d-4b06-975b-02d163f138ae,Completeness,document,Internal Completeness Review Form,False
2b8070d1-36c9-4562-8686-3551ae2ef257,Completeness,document,Internal Completeness Review Form,False
2c51fad0-036e-4062-96d3-f741d1f23341,Completeness,document,Internal Completeness Review Form,False
2d35dad4-a3f0-44e9-b79b-8ae9f29642fe,Completeness,document,Internal Completeness Review Form,False
2d38b1d0-0919-4d3c-8f42-3e6c62683b50,Completeness,document,Internal Completeness Review Form,False
2dc270c0-27f0-4992-8602-1fbbdcafa7b0,Completeness,document,Internal Completeness Review Form,False
2df84448-6f71-4914-b227-3ffbb6c3f3b8,Completeness,document,Internal Completeness Review Form,False
2e8fea71-0bde-4508-8478-9413704abf1d,Completeness,document,Internal Completeness Review Form,False
2f359794-acc9-448b-9d78-688316494cdb,Completeness,document,Internal Completeness Review Form,False
2f5ee146-d497-4de9-8d00-e67db4a54563,Completeness,document,Internal Completeness Review Form,False
2f94274e-5b24-467e-a3e1-3ea5dd93bbec,Completeness,document,Internal Completeness Review Form,False
30539da0-ca78-4740-a5b1-da3e35a2f472,Completeness,document,Internal Completeness Review Form,False
31afe2bf-4951-4d57-99ba-6394eb5711ba,Completeness,document,Internal Completeness Review Form,False
31c6c568-37af-4d37-887b-636ff767fea1,Completeness,document,Internal Completeness Review Form,False
3208d7be-c6bf-4fe3-b373-f528c99dd548,Completeness,document,Internal Completeness Review Form,False
349f4f06-0e6c-491c-9e39-16073e2ee0f3,Completeness,document,Internal Completeness Review Form,False
356a9ff0-124e-4a2f-9629-08e72f33b78b,Completeness,document,Internal Completeness Review Form,False
35eb3be5-e50e-49d3-bf7c-42fa6f767e87,Completeness,document,Internal Completeness Review Form,False
36b8a283-3e06-49b9-8236-e5947b849673,Completeness,document,Internal Completeness Review Form,False
388ac56a-d77a-47d8-a1a9-223726638ee9,Completeness,document,Internal Completeness Review Form,False
3954a225-e64e-4e6f-badd-e41ef1ed8ec4,Completeness,document,Internal Completeness Review Form,False
396573ba-a1e2-4428-ad77-276a273884ab,Completeness,document,Internal Completeness Review Form,False
3be48392-7bc2-416c-9064-516e8fbca5fd,Completeness,document,Internal Completeness Review Form,False
3c42d745-e2c8-42df-827f-910a55f563bb,Completeness,document,Internal Completeness Review Form,False
3f8ab05e-a761-4775-8d14-dc3b6ac9c42f,Completeness,document,Internal Completeness Review Form,False
3f9b7639-d592-4f2b-8665-806bc4be4817,Completeness,document,Internal Completeness Review Form,False
41ec9d51-efde-4812-8ea6-541a7ff514a0,Completeness,document,Internal Completeness Review Form,False
42526f23-48f1-49b5-9fde-d5c39fb878ce,Completeness,document,Internal Completeness Review Form,False
4273d858-eb53-49ce-892f-da66c13a1041,Completeness,document,Internal Completeness Review Form,False
4278f28d-1806-4898-b56e-5fe6a7cc3bbb,Completeness,document,Internal Completeness Review Form,False
42bda103-5071-4e05-95df-6a21b02309a0,Completeness,document,Internal Completeness Review Form,False
4300b588-9c0e-490d-9b7f-08074583756e,Completeness,document,Internal Completeness Review Form,False
434c0046-5d1d-4558-919b-fefb46dc5e59,Completeness,document,Internal Completeness Review Form,False
43d8b6eb-c59c-4106-ac90-f3a5145d0fc5,Completeness,document,Internal Completeness Review Form,False
43f0f178-3151-4e8f-9836-5c92522c971f,Completeness,document,Internal Completeness Review Form,False
4510420f-1095-4c0c-b6ff-8f909a92ff6b,Completeness,document,Internal Completeness Review Form,False
45460c60-fb59-4c72-87b1-253ff9674656,Completeness,document,Internal Completeness Review Form,False
47d34a19-20af-453d-ab23-0220c875f015,Completeness,document,Internal Completeness Review Form,False
47d57b40-32df-4108-b2f4-9371b7251603,Completeness,document,Internal Completeness Review Form,False
4a9b897c-da61-4e97-a8e9-e4bc2ce93e96,Completeness,document,Internal Completeness Review Form,False
4ac33e36-e034-4905-bc81-18c4fb117723,Completeness,document,Internal Completeness Review Form,False
4c6c743f-8114-4aa5-a6b8-791fe18d1f92,Completeness,document,Internal Completeness Review Form,False
4c6dc7a2-d2cb-43e4-b152-40125666dab8,Completeness,document,Internal Completeness Review Form,False
4c6f2ef7-46f4-4d5b-b200-dfdc9fc7182c,Completeness,document,Internal Completeness Review Form,False
4c7e1658-26d9-4281-8923-f39602cbe62d,Completeness,document,Internal Completeness Review Form,False
4c859061-4d2d-4ba2-9b25-ed2ea253a660,Completeness,document,Internal Completeness Review Form,False
4d1d0cbd-d678-46bd-9271-5d820b84d247,Completeness,document,Internal Completeness Review Form,False
4df5b564-f29a-4d6f-888a-f45cfafc80a7,Completeness,document,Internal Completeness Review Form,False
4f4ca8f2-642d-486b-9e1b-403d044e0c08,Completeness,document,Internal Completeness Review Form,False
50607850-a7d0-41e6-9e1c-5eaa97970480,Completeness,document,Internal Completeness Review Form,False
51573012-04dc-491f-b41a-0bb4b24efec9,Completeness,document,Internal Completeness Review Form,False
517d3bce-f1df-4b8a-abf5-4714d5dd0e0e,Completeness,document,Internal Completeness Review Form,False
52a0996b-7c44-494d-b776-c61ea23e8151,Completeness,document,Internal Completeness Review Form,False
52e72c12-28f6-40b8-847a-8955b3e9e17e,Completeness,document,Internal Completeness Review Form,False
532eb869-f195-47a4-85d4-c9cd60d5b74d,Completeness,document,Internal Completeness Review Form,False
563107d6-fbe5-4d2e-b9c0-82224b7b799f,Completeness,document,Internal Completeness Review Form,False
563f2f45-f01b-4496-97ed-b87c3c7df7da,Completeness,document,Internal Completeness Review Form,False
5658e206-a582-4aa5-b4c9-8dc15f882ede,Completeness,document,Internal Completeness Review Form,False
592546ba-edaa-4798-a4ba-8ef560f70d8a,Completeness,document,Internal Completeness Review Form,False
59c17cc5-53df-493c-9fe7-8c60fc74b2e9,Completeness,document,Internal Completeness Review Form,False
5a771745-7b29-42b9-b42a-67ae2458aa9f,Completeness,document,Internal Completeness Review Form,False
5b401019-3ea0-4a2b-b244-522d987c44d4,Completeness,document,Internal Completeness Review Form,False
5c34d3d0-1936-4271-8fd6-75df66ff3866,Completeness,document,Internal Completeness Review Form,False
5c691bac-63fb-49b2-8ba2-64943643c0f9,Completeness,document,Internal Completeness Review Form,False
5c9f465d-0d82-45dc-b417-a9f37d22aeca,Completeness,document,Internal Completeness Review Form,False
5d2f4ed6-f0c0-4ca8-b358-0895ecec7264,Completeness,document,Internal Completeness Review Form,False
5d3e70d1-a912-40f5-a96f-2972c859d992,Completeness,document,Internal Completeness Review Form,False
5d57bdd1-b045-435e-b7b4-64a57a0b451c,Completeness,document,Internal Completeness Review Form,False
5fe23d01-4b5e-4219-af15-0704686827fc,Completeness,document,Internal Completeness Review Form,False
60ea7851-9e7e-4105-ae9d-fdf7ee9dce7a,Completeness,document,Internal Completeness Review Form,False
6121bb37-1f43-4709-be1d-7e2e0e1524e4,Completeness,document,Internal Completeness Review Form,False
62752f90-fcb7-4eba-9d0d-64cfd883a3f6,Completeness,document,Internal Completeness Review Form,False
644cea4d-9889-4f33-8e94-aba05cac72c7,Completeness,document,Internal Completeness Review Form,False
64d33085-d365-4e7c-9a9a-03f009e60a7d,Completeness,document,Internal Completeness Review Form,False
64d488e8-b0ea-4975-8cab-b5e1c5e7081e,Completeness,document,Internal Completeness Review Form,False
656ea06b-143e-4e04-981b-cc409f142662,Completeness,document,Internal Completeness Review Form,False
658036b5-c984-434a-b72d-88cfcafee003,Completeness,document,Internal Completeness Review Form,False
65abf3d1-0cd4-4d40-bcce-156a76c0a035,Completeness,document,Internal Completeness Review Form,False
65e2a59a-dd59-4fdb-abc6-741972bc1a84,Completeness,document,Internal Completeness Review Form,False
661424ae-5057-4909-bdf3-9ae7ec847d24,Completeness,document,Internal Completeness Review Form,False
674aac2b-0390-4171-8c9d-4c1c3c03a8e6,Completeness,document,Internal Completeness Review Form,False
685474b8-5a90-49b6-aa6c-59b65628eaf9,Completeness,document,Internal Completeness Review Form,False
68fff0c7-741d-465d-971e-9c3aae683fa3,Completeness,document,Internal Completeness Review Form,False
6c913f9b-c332-4952-a70d-1a6231261340,Completeness,document,Internal Completeness Review Form,False
6e11e177-b4ea-45fe-8c56-0af3e9e2e1e6,Completeness,document,Internal Completeness Review Form,False
6e8a0329-4bdb-454f-bf70-3718526ded6b,Completeness,document,Internal Completeness Review Form,False
6e992441-2a89-4294-a7f4-9becec15e22b,Completeness,document,Internal Completeness Review Form,False
6eb1f8a6-6dcb-4f27-990f-3c938fd2478d,Completeness,document,Internal Completeness Review Form,False
6ef3661c-b813-425e-95ee-75a33095b612,Completeness,document,Internal Completeness Review Form,False
6f50e23b-ce21-4e18-8fb6-f7775b89e41e,Completeness,document,Internal Completeness Review Form,False
7113f4e2-9519-404d-bd73-191cffcaaeb7,Completeness,document,Internal Completeness Review Form,False
713bada4-df31-4258-9b20-9dadac43c1cc,Completeness,document,Internal Completeness Review Form,False
71bd7472-26c4-4cd1-a1fd-d23bc11cf9e0,Completeness,document,Internal Completeness Review Form,False
71e8bdde-35a5-43a0-9ebd-53cd29bb5aed,Completeness,document,Internal Completeness Review Form,False
7247c6cc-a4f8-422b-a0d4-eb7023de52c4,Completeness,document,Internal Completeness Review Form,False
72ba07e4-1073-4c30-976b-4c6d836a7afa,Completeness,document,Internal Completeness Review Form,False
7359cb4b-7f34-4322-9379-448e4c4a3ebf,Completeness,document,Internal Completeness Review Form,False
7381c72c-ddc3-406e-82af-988a5972a2c9,Completeness,document,Internal Completeness Review Form,False
73d073a5-d31c-49c5-8e37-9edf2f970f4b,Completeness,document,Internal Completeness Review Form,False
753784a3-c5ec-4826-a5ee-dfc9664cbf90,Completeness,document,Internal Completeness Review Form,False
76f5cfc6-aae5-470d-bdd3-9492644e3dbd,Completeness,document,Internal Completeness Review Form,False
77487dfc-4eaa-4b0d-97fc-91b3614a9542,Completeness,document,Internal Completeness Review Form,False
77621ac9-146a-4540-bdf2-e59e63e5278d,Completeness,document,Internal Completeness Review Form,False
79b7bb6e-2230-4d76-a4fc-b498031190a3,Completeness,document,Internal Completeness Review Form,False
79d28d84-31cd-4e95-9e98-92fb3e480065,Completeness,document,Internal Completeness Review Form,False
7ae1272a-e47a-4228-aae8-7855b6737052,Completeness,document,Internal Completeness Review Form,False
7c356590-c4df-4f86-a44e-ab562321ee09,Completeness,document,Internal Completeness Review Form,False
7c43bc46-6034-4df6-a40f-d8bba45e320a,Completeness,document,Internal Completeness Review Form,False
7c66762a-21ce-4e96-a766-1b705463e62c,Completeness,document,Internal Completeness Review Form,False
7c9256d8-ff1b-4208-a542-9c2485ea95d7,Completeness,document,Internal Completeness Review Form,False
7d002e7e-6ac9-47ea-8ae7-5ef111b9202a,Completeness,document,Internal Completeness Review Form,False
7d0bd82d-b71e-48a5-885c-0e6efbccb57b,Completeness,document,Internal Completeness Review Form,False
7e09d6dd-6a16-4878-a186-686978528cb6,Completeness,document,Internal Completeness Review Form,False
7e6ad85c-4984-4a98-87e8-574a2eebdc47,Completeness,document,Internal Completeness Review Form,False
7ee95840-8e0a-4dde-8636-ca10711f046e,Completeness,document,Internal Completeness Review Form,False
7f405a54-2777-4fa1-85c0-8dbaa1c7d361,Completeness,document,Internal Completeness Review Form,False
805e0f96-ad57-490a-b16b-76811f9d3cbe,Completeness,document,Internal Completeness Review Form,False
80a1a128-5ef0-47ba-af5a-d9bb4be2af9f,Completeness,document,Internal Completeness Review Form,False
812eee93-224e-45d1-8b44-b5f112330a1c,Completeness,document,Internal Completeness Review Form,False
81e1fec1-9bde-4a7a-ae6e-2b00df15a2cd,Completeness,document,Internal Completeness Review Form,False
8263c0a9-0ff4-42af-a9be-bbc9eac3c117,Completeness,document,Internal Completeness Review Form,False
83c3e37c-2043-4d84-ba05-c305d78b230b,Completeness,document,Internal Completeness Review Form,False
85091d55-a133-4bef-af0a-f8c0ec9f7a55,Completeness,document,Internal Completeness Review Form,False
861404d8-993a-4c33-965d-bc3c1e399e6e,Completeness,document,Internal Completeness Review Form,False
86761e5d-41eb-44ed-8f8b-2ce49781c2be,Completeness,document,Internal Completeness Review Form,False
86ae7990-339a-4643-a194-dd0455c29760,Completeness,document,Internal Completeness Review Form,False
86df92e1-e4ed-47f1-9bdf-56f216818bba,Completeness,document,Internal Completeness Review Form,False
886828db-adcb-49a5-9550-45030a0bf747,Completeness,document,Internal Completeness Review Form,False
89897d99-9c7e-4475-9815-3e71708dd352,Completeness,document,Internal Completeness Review Form,False
8cb9aba6-e34e-451a-81b5-49212188a3a5,Completeness,document,Internal Completeness Review Form,False
8cbe1c30-8b78-4c66-8b4d-1dc6aa90b759,Completeness,document,Internal Completeness Review Form,False
8dd91d38-fbd3-4d49-8735-c3aa42dc6a73,Completeness,document,Internal Completeness Review Form,False
8e1176a4-6d9e-4258-b058-855ee4b31b9d,Completeness,document,Internal Completeness Review Form,False
8f00753c-cc0e-4a2a-a810-2ad6159fb047,Completeness,document,Internal Completeness Review Form,False
8f1f11a7-8398-47e4-8891-9b03b1a8560d,Completeness,document,Internal Completeness Review Form,False
8ffa4527-5033-4710-8777-0b7629a3cd04,Completeness,document,Internal Completeness Review Form,False
9082ab6c-6c8c-4290-8cb9-0497a54b355b,Completeness,document,Internal Completeness Review Form,False
9125774f-80db-44ba-a2c0-9fdcbd3deef9,Completeness,document,Internal Completeness Review Form,False
9368bc5d-845f-4100-8e38-82a4895b751a,Completeness,document,Internal Completeness Review Form,False
937936aa-d1ee-4041-8200-0d2b53c7c9b1,Completeness,document,Internal Completeness Review Form,False
93aac463-f051-4f83-bdf7-8f3a5b6c6205,Completeness,document,Internal Completeness Review Form,False
946c3779-7558-40f6-b24b-e7f1a581f2f5,Completeness,document,Internal Completeness Review Form,False
950fcd2f-4f1f-41dd-bc0d-ac257837771d,Completeness,document,Internal Completeness Review Form,False
96bf3ad9-99db-4a02-be53-a022ee5a272a,Completeness,document,Internal Completeness Review Form,False
982be203-d26f-477d-bcc6-cea99fb4d491,Completeness,document,Internal Completeness Review Form,False
98c57471-6d7f-4432-b122-43ef914f1beb,Completeness,document,Internal Completeness Review Form,False
98f9e541-362d-4893-ad83-81bdfea6d66c,Completeness,document,Internal Completeness Review Form,False
99b5f4e4-9072-4d43-a767-888ff839fa20,Completeness,document,Internal Completeness Review Form,False
9a7713d3-de8b-44aa-a022-f597dfbf0773,Completeness,document,Internal Completeness Review Form,False
9ad8ca1f-1260-4f7b-b292-d4705c67a713,Completeness,document,Internal Completeness Review Form,False
9af9da7a-22c7-483a-a78f-b785ea1841a2,Completeness,document,Internal Completeness Review Form,False
9b235170-7893-4b07-89a6-d0a338e0cc13,Completeness,document,Internal Completeness Review Form,False
9b75046b-5e27-4b6a-898f-0374e0357255,Completeness,document,Internal Completeness Review Form,False
9beda77c-9c5b-491c-82f2-2ad45f002b6f,Completeness,document,Internal Completeness Review Form,False
9d5f9218-6afd-465f-aea0-783c6494a809,Completeness,document,Internal Completeness Review Form,False
9e0362bb-03dd-4149-9164-5827f02feb08,Completeness,document,Internal Completeness Review Form,False
9f4e6bbb-1e12-45c4-b519-51cb75c49ef4,Completeness,document,Internal Completeness Review Form,False
a0426e42-6d70-4059-b67d-0d0135a58ba8,Completeness,document,Internal Completeness Review Form,False
a07522dd-7b9f-43a8-9afd-7807503c1361,Completeness,document,Internal Completeness Review Form,False
a1720a4f-5984-4b4c-b929-d10fb071ee97,Completeness,document,Internal Completeness Review Form,False
a4c7e4c0-c0d3-4f12-8b13-3d259379ccdc,Completeness,document,Internal Completeness Review Form,False
a4cb9112-817b-4bd9-a566-75fba2a9ac6d,Completeness,document,Internal Completeness Review Form,False
a5380e32-3927-46eb-a048-f48664ffb809,Completeness,document,Internal Completeness Review Form,False
a664bde0-11bc-47f3-876f-392e943b092c,Completeness,document,Internal Completeness Review Form,False
a6c8c1b0-0a39-40ae-b9cc-f00018e3e41a,Completeness,document,Internal Completeness Review Form,False
a9341a96-f3ac-4d19-b867-805c1c13e0bf,Completeness,document,Internal Completeness Review Form,False
af7fe1f7-b3b6-4372-bc4f-e4b3c8e8b574,Completeness,document,Internal Completeness Review Form,False
b2b50a67-a9c7-4796-8bbb-2885202e8cf5,Completeness,document,Internal Completeness Review Form,False
b40aacee-3dac-447e-a9b6-23b85ad86812,Completeness,document,Internal Completeness Review Form,False
b4397db8-6c82-4093-8872-91cbf5698efe,Completeness,document,Internal Completeness Review Form,False
b4fdb539-22a8-407f-8ce0-1226acac5b27,Completeness,document,Internal Completeness Review Form,False
b526c4a0-fd7e-4b09-af5f-302fc71143a2,Completeness,document,Internal Completeness Review Form,False
b58d203e-fe49-446d-8872-05ee866c51bc,Completeness,document,Internal Completeness Review Form,False
b646eaa5-5146-42ba-8793-f9ff4daffbfb,Completeness,document,Internal Completeness Review Form,False
b8979015-28d2-462d-b4c9-23e734e74637,Completeness,document,Internal Completeness Review Form,False
b8ca0693-642b-42a5-89d5-a0f271e2beaa,Completeness,document,Internal Completeness Review Form,False
b8ce4b5d-b2e0-49ce-9878-2f77b5da13a3,Completeness,document,Internal Completeness Review Form,False
b93e171d-8d45-4f17-92d5-adac4866e548,Completeness,document,Internal Completeness Review Form,False
b948eef7-7d1c-44a1-bce9-264e1bd1adbd,Completeness,document,Internal Completeness Review Form,False
b973a0b2-97a5-4846-8396-ba03f50995ef,Completeness,document,Internal Completeness Review Form,False
b9d64f02-8673-49dd-892f-63a63865358e,Completeness,document,Internal Completeness Review Form,False
bb46787a-42bc-417f-a7b8-cdef0fda771f,Completeness,document,Internal Completeness Review Form,False
bc2eaa99-81ce-4727-9212-2e647e4e40a1,Completeness,document,Internal Completeness Review Form,False
bc598f12-3acd-4021-9163-0c01c53d11dd,Completeness,document,Internal Completeness Review Form,False
bcff12d0-748c-47e9-ac21-567260b29630,Completeness,document,Internal Completeness Review Form,False
bd04b5ec-78bb-42e4-af8b-28d59388da88,Completeness,document,Internal Completeness Review Form,False
bd48c893-ab19-4763-88b0-91f9347cc516,Completeness,document,Internal Completeness Review Form,False
bd8d30ad-ee9d-4ba5-a2ff-d2940fde0be3,Completeness,document,Internal Completeness Review Form,False
be09c9ac-d9b9-4370-a268-d973ec0d16f5,Completeness,document,Internal Completeness Review Form,False
be915209-b5be-4971-8147-6e50ee5ed395,Completeness,document,Internal Completeness Review Form,False
bf144d9c-f861-4915-9640-faae738fe092,Completeness,document,Internal Completeness Review Form,False
bf1f52ca-0c3b-4f54-ad12-a2b503b76c7a,Completeness,document,Internal Completeness Review Form,False
bf354cb7-af95-45ad-9efa-9e9c76184a8a,Completeness,document,Internal Completeness Review Form,False
c018c553-bf3d-4713-97a6-5aa5d2952c59,Completeness,document,Internal Completeness Review Form,False
c0a1acc2-15f1-458d-94b6-c5fed8f205d4,Completeness,document,Internal Completeness Review Form,False
c13062a4-817d-498f-8c5e-e4f449c1d978,Completeness,document,Internal Completeness Review Form,False
c16a997e-e0f9-4347-8494-9ce77a7ad192,Completeness,document,Internal Completeness Review Form,False
c2f49dfd-0b97-4aab-bc5c-416624ae2cf9,Completeness,document,Internal Completeness Review Form,False
c3046e84-add8-4311-8c2b-a4b4b454c7fd,Completeness,document,Internal Completeness Review Form,False
c34edfa1-113c-47c3-8443-aa98f8a984c7,Completeness,document,Internal Completeness Review Form,False
c5798784-3aef-4ad7-b15a-8248b8a7a274,Completeness,document,Internal Completeness Review Form,False
c74f0781-a0c4-4277-9844-6daa46cdc03d,Completeness,document,Internal Completeness Review Form,False
c7b6bc2b-de8c-4594-94a2-f94a7cdbec01,Completeness,document,Internal Completeness Review Form,False
c7c07fe5-ac27-4296-9440-13916aa30f3a,Completeness,document,Internal Completeness Review Form,False
c88d9b17-5c4d-4c6c-b028-d0ba7894ef2f,Completeness,document,Internal Completeness Review Form,False
c8dabc76-00ef-4790-b6bf-569e26aa1ed9,Completeness,document,Internal Completeness Review Form,False
ca1d4801-fc20-45e9-9f7e-8d7d5f7746ad,Completeness,document,Internal Completeness Review Form,False
cace5bc9-6f15-4469-b848-03d64fa0662f,Completeness,document,Internal Completeness Review Form,False
cb5f2906-d9da-497b-8695-092e12c18b9e,Completeness,document,Internal Completeness Review Form,False
cb65dde4-8817-4d5e-8d2d-ca9819c0905d,Completeness,document,Internal Completeness Review Form,False
cb7441d0-c691-4dfb-b98d-a2a8f4b7e81f,Completeness,document,Internal Completeness Review Form,False
ccf6abde-3eae-4fb9-a473-bcf38786512f,Completeness,document,Internal Completeness Review Form,False
cd347114-a964-462b-a855-bfd14c955c14,Completeness,document,Internal Completeness Review Form,False
cd8bd6bd-4867-4466-84f4-2d6f204c8628,Completeness,document,Internal Completeness Review Form,False
cd8d6037-25d7-40a0-879c-b8d85f443f35,Completeness,document,Internal Completeness Review Form,False
cdb1dabc-8e0f-4648-9216-4540cfe80211,Completeness,document,Internal Completeness Review Form,False
ce6100de-f679-44c4-bd26-819ef099a5cb,Completeness,document,Internal Completeness Review Form,False
ce6b5e64-f60b-4661-b1f2-10c25e1c6ad1,Completeness,document,Internal Completeness Review Form,False
cfd0656a-ae45-41c2-bb82-62df6645076f,Completeness,document,Internal Completeness Review Form,False
d2e61c74-178a-4791-b53d-8a1e4ebddd40,Completeness,document,Internal Completeness Review Form,False
d40d1207-a663-40bd-8036-287fc06ea360,Completeness,document,Internal Completeness Review Form,False
d4ce7d33-6c38-4061-85a7-09a7d7be42fd,Completeness,document,Internal Completeness Review Form,False
d6bc8012-3397-4f21-84af-61f59f658e89,Completeness,document,Internal Completeness Review Form,False
d74e616c-e6db-4410-9ce1-eadd02eca4e5,Completeness,document,Internal Completeness Review Form,False
d81482a4-fc33-45dc-be8b-9a3a0dd1356e,Completeness,document,Internal Completeness Review Form,False
da5535b9-14bf-48f9-9061-03a8b14f988c,Completeness,document,Internal Completeness Review Form,False
daa5e216-e5ee-4567-a2dc-6165b252b2fb,Completeness,document,Internal Completeness Review Form,False
dac3f05e-1815-4d03-8066-5aa5c1c7ff4a,Completeness,document,Internal Completeness Review Form,False
dbb154f3-4cf5-430e-adbd-df9df5867685,Completeness,document,Internal Completeness Review Form,False
dc8dd640-fc64-4ba3-9894-f243b1e14869,Completeness,document,Internal Completeness Review Form,False
dcdd103d-91da-441d-bd81-3aebf0b31e37,Completeness,document,Internal Completeness Review Form,False
dd544bef-c3da-45bb-b665-546f32a96a7e,Completeness,document,Internal Completeness Review Form,False
e05f17af-8550-4ebe-81d5-e3804993556c,Completeness,document,Internal Completeness Review Form,False
e084fdf7-7572-4eda-9b86-bf3bed22ba02,Completeness,document,Internal Completeness Review Form,False
e0cbb5b9-393e-4b35-8d2c-f5e3adf551af,Completeness,document,Internal Completeness Review Form,False
e14e3eb8-f350-403c-bee3-21868690dfe4,Completeness,document,Internal Completeness Review Form,False
e1db1851-cd99-4ccc-82aa-a2a48982c475,Completeness,document,Internal Completeness Review Form,False
e3b59b4d-8488-4e32-ae71-b6b3c244ef41,Completeness,document,Internal Completeness Review Form,False
e3cbac18-f203-4de2-bda7-dc9a2dc03f58,Completeness,document,Internal Completeness Review Form,False
e4d572d3-49e4-4f44-992a-ea12360501cb,Completeness,document,Internal Completeness Review Form,False
e50ea93d-3fdc-4ca1-b94b-958c044e6330,Completeness,document,Internal Completeness Review Form,False
e576fa42-1317-481f-bb30-8e5b26e96c27,Completeness,document,Internal Completeness Review Form,False
e7572db9-1cc7-4455-9d22-d0d676dd4792,Completeness,document,Internal Completeness Review Form,False
e79fd204-c812-4957-a90a-46c3beb81d56,Completeness,document,Internal Completeness Review Form,False
e7ed830c-61a5-4f3b-b6e0-b7c2f120fd3e,Completeness,document,Internal Completeness Review Form,False
e9225e11-2ed6-4c44-b08b-497ff585e349,Completeness,document,Internal Completeness Review Form,False
ec1d7adf-e662-4db6-a5a5-d6ab811f2d24,Completeness,document,Internal Completeness Review Form,False
ec46307f-ec7b-4e65-a15e-bb1c3d360114,Completeness,document,Internal Completeness Review Form,False
ec76e94b-178b-414b-a442-16cfa3b83a2e,Completeness,document,Internal Completeness Review Form,False
ecc9c0ed-2d1d-4a59-9d83-4c3431cfb144,Completeness,document,Internal Completeness Review Form,False
eee52288-0cd7-4fe4-9e6a-a85ace8df4b4,Completeness,document,Internal Completeness Review Form,False
eef2cfd3-6b55-45b0-82ef-17f2d932c519,Completeness,document,Internal Completeness Review Form,False
f13dadee-5052-421c-b42b-3dbba6740c2e,Completeness,document,Internal Completeness Review Form,False
f1ddca41-3217-44af-bcff-bc2e2fd2b710,Completeness,document,Internal Completeness Review Form,False
f28de1d9-0c7f-482b-be4a-37a5010395b6,Completeness,document,Internal Completeness Review Form,False
f35c1cd7-761e-4072-a2d6-1abe8117ced5,Completeness,document,Internal Completeness Review Form,False
f42e43e2-536c-445c-88b3-5ef2a83423ad,Completeness,document,Internal Completeness Review Form,False
f4358c61-6506-497e-a179-dac4603ce4a4,Completeness,document,Internal Completeness Review Form,False
f641320f-8cae-452f-999f-f650d13d24ff,Completeness,document,Internal Completeness Review Form,False
f69d1f8d-849e-4c43-84af-1d6aadb19433,Completeness,document,Internal Completeness Review Form,False
f6eec1f1-9bdc-41ea-a810-e0695dd360b1,Completeness,document,Internal Completeness Review Form,False
f723aea0-4ef8-4a60-b98e-0393f346cfbd,Completeness,document,Internal Completeness Review Form,False
f74d0af7-eee2-4cdf-8279-b5494534de99,Completeness,document,Internal Completeness Review Form,False
f8750186-e249-4421-8246-abb93a6a80e2,Completeness,document,Internal Completeness Review Form,False
f935244b-2eac-4613-b7fa-d94d731015c5,Completeness,document,Internal Completeness Review Form,False
fa23b695-abaf-4991-a36c-fd3b562bca5d,Completeness,document,Internal Completeness Review Form,False
fa288f4b-d424-4cfa-8faa-c1e2b08dc009,Completeness,document,Internal Completeness Review Form,False
fb5ab5b6-9802-4344-9765-bc636223a99c,Completeness,document,Internal Completeness Review Form,False
fb67f194-6495-46de-b313-f37e3f77892e,Completeness,document,Internal Completeness Review Form,False
fbca251b-1a37-4c01-bc0f-7a8f956e81fd,Completeness,document,Internal Completeness Review Form,False
fc8af835-194a-4fdb-a3db-750a7af79998,Completeness,document,Internal Completeness Review Form,False
fd3ac48a-a385-4ba1-b26f-f078f892ccfc,Completeness,document,Internal Completeness Review Form,False
fdf14feb-7061-4c29-b811-3421897765e1,Completeness,document,Internal Completeness Review Form,False
fe0d0cd6-268b-42a8-a671-88f6cf199192,Completeness,document,Internal Completeness Review Form,False
fe371a3a-ba6b-4f7c-83e7-60f36602e89d,Completeness,document,Internal Completeness Review Form,False
007cc95c-92ae-40cc-850e-50bb331b658d,Concept,date,Concept Paper Submitted Date,False
01202dd5-67e9-432f-a5ef-d9e4e49f8f76,Concept,date,Concept Paper Submitted Date,False
0181f074-ee92-420b-822d-aedfadcd4c7d,Concept,date,Concept Paper Submitted Date,False
01dca696-c094-4f14-ade8-c96f19292a92,Concept,date,Concept Paper Submitted Date,False
0473183d-2e93-4371-a841-47350d3e765b,Concept,date,Concept Paper Submitted Date,False
08a66d07-dfe1-4225-b3d1-cf7604909b58,Concept,date,Concept Paper Submitted Date,False
08ced498-8997-401c-a186-daa67a4ff809,Concept,date,Concept Paper Submitted Date,False
08fceebe-6835-408b-97de-b7f3b8522706,Concept,date,Concept Paper Submitted Date,False
0965889d-2796-4022-adc9-7ad6b2f7895e,Concept,date,Concept Paper Submitted Date,False
0977ad7f-a35c-4e4e-b50b-2f1834ad5014,Concept,date,Concept Paper Submitted Date,False
09f34d93-656c-4793-ad53-f06d53f03192,Concept,date,Concept Paper Submitted Date,False
0a7679ae-d047-49fb-9996-9c5c497a1ad5,Concept,date,Concept Paper Submitted Date,False
0aacc3ec-a6fc-41cb-84e3-3fd8ca5f4c25,Concept,date,Concept Paper Submitted Date,False
0ad53526-62cf-405b-aaaf-d62dfa2433b6,Concept,date,Concept Paper Submitted Date,False
0b11ca84-a492-41e1-9fb1-7c988da310ba,Concept,date,Concept Paper Submitted Date,False
0b49419b-eb17-4fb1-99e2-79f58fca2b75,Concept,date,Concept Paper Submitted Date,False
0b8752ca-48d3-4e08-8369-d92c9d1b0427,Concept,date,Concept Paper Submitted Date,False
0c74168d-4ed3-485b-aca4-d82cd5ca4fa5,Concept,date,Concept Paper Submitted Date,False
0cc17b4c-5437-425e-9700-c8e90f09aaf6,Concept,date,Concept Paper Submitted Date,False
0cdb6064-b473-4a2e-bdc2-d6dfded63446,Concept,date,Concept Paper Submitted Date,False
0fbdef7a-fb36-430d-ae8d-0d34882e1c74,Concept,date,Concept Paper Submitted Date,False
0fcfc81f-e55a-4374-ba2b-ec37081df6d3,Concept,date,Concept Paper Submitted Date,False
110f9760-16ff-4adf-8f29-1c0a24db5ca0,Concept,date,Concept Paper Submitted Date,False
11bbbe73-e085-4be3-84ec-70cfb3a2f31b,Concept,date,Concept Paper Submitted Date,False
123b47d8-b25f-448b-a762-b51d97c518dc,Concept,date,Concept Paper Submitted Date,False
12d5ea2c-39f6-43af-ba29-0226e0daeafe,Concept,date,Concept Paper Submitted Date,False
13fbcf4d-aaac-4d6f-9c56-1c7de963b003,Concept,date,Concept Paper Submitted Date,False
14631a8e-32a3-4657-a29e-9374112a72e9,Concept,date,Concept Paper Submitted Date,False
14c27c1b-f1a4-4c07-9999-0f2cd25078ff,Concept,date,Concept Paper Submitted Date,False
150fd48e-7a9a-4417-a4a2-04e6240e0da1,Concept,date,Concept Paper Submitted Date,False
16b94b99-94e4-47f7-86f2-235d6fbbb3f0,Concept,date,Concept Paper Submitted Date,False
17d07543-f9f1-481f-90e3-49125eea23d3,Concept,date,Concept Paper Submitted Date,False
17fae73d-32e2-487b-802d-4245eb8dac1b,Concept,date,Concept Paper Submitted Date,False
18bf9f77-362a-405b-849c-d2c642fcd9b4,Concept,date,Concept Paper Submitted Date,False
194ee888-180e-4ec1-86e2-90ac54999c6e,Concept,date,Concept Paper Submitted Date,False
1954dc33-d848-47e8-ab15-15f3194fc715,Concept,date,Concept Paper Submitted Date,False
196cd174-4db0-4d4d-bc83-612c75b53c0c,Concept,date,Concept Paper Submitted Date,False
19cde612-c7fa-42bf-861e-c527ab0b5b6e,Concept,date,Concept Paper Submitted Date,False
1ac4f92b-8b39-4081-ab13-f12d29995ba7,Concept,date,Concept Paper Submitted Date,False
1ad59f7a-cd6e-4454-8809-f1529f4d2590,Concept,date,Concept Paper Submitted Date,False
1b0a267d-bb05-4d13-9499-9ce34b1aff6f,Concept,date,Concept Paper Submitted Date,False
1b155e69-e927-4a64-be66-940ac3093a0d,Concept,date,Concept Paper Submitted Date,False
1b3322cf-8bdf-4cfd-85fc-880f96ae6c78,Concept,date,Concept Paper Submitted Date,False
1b4db82b-54a7-4da0-b5ae-9d677c54a565,Concept,date,Concept Paper Submitted Date,False
1bd03341-d171-424d-8bf8-acb73c44c57a,Concept,date,Concept Paper Submitted Date,False
1c26a74c-03ef-4302-94a0-3b794cf583ab,Concept,date,Concept Paper Submitted Date,False
1cd11925-91b7-4110-b62f-e26f5980e336,Concept,date,Concept Paper Submitted Date,False
1e0a7577-b08e-46bf-8119-1aa425b90334,Concept,date,Concept Paper Submitted Date,False
2071241b-eaec-4108-9ad5-5d5bc6f96071,Concept,date,Concept Paper Submitted Date,False
2073f1f3-9c70-4e27-9f9e-4105c51be8f7,Concept,date,Concept Paper Submitted Date,False
20cf31ac-c083-4d90-8028-8685c18a1751,Concept,date,Concept Paper Submitted Date,False
224b4c22-66d1-40fe-ae57-04c911173d74,Concept,date,Concept Paper Submitted Date,False
232ce729-df65-41ad-ae63-40d269cd34aa,Concept,date,Concept Paper Submitted Date,False
24d0aa55-6041-43b0-8e4b-5ef69afa5505,Concept,date,Concept Paper Submitted Date,False
26cf0dca-fe07-4614-9ed1-cc59bbad3c76,Concept,date,Concept Paper Submitted Date,False
279bc6a9-6a87-474f-881b-b14b05f731c8,Concept,date,Concept Paper Submitted Date,False
27c14bd5-9e48-4833-8da0-d0bd2727aaec,Concept,date,Concept Paper Submitted Date,False
280e7e47-9d18-4963-bfa5-22dab94f8408,Concept,date,Concept Paper Submitted Date,False
2916eb15-b065-4f44-ac82-a37475aedeab,Concept,date,Concept Paper Submitted Date,False
291eb311-4a9a-48ff-b096-fd0df6e11d73,Concept,date,Concept Paper Submitted Date,False
293e8dd3-ade5-4490-9af4-60edcac5281f,Concept,date,Concept Paper Submitted Date,False
2accbe88-b9ce-4d0f-8368-d4f8352301a5,Concept,date,Concept Paper Submitted Date,False
2b0c1e40-571d-4b06-975b-02d163f138ae,Concept,date,Concept Paper Submitted Date,False
2b8070d1-36c9-4562-8686-3551ae2ef257,Concept,date,Concept Paper Submitted Date,False
2c51fad0-036e-4062-96d3-f741d1f23341,Concept,date,Concept Paper Submitted Date,False
2d35dad4-a3f0-44e9-b79b-8ae9f29642fe,Concept,date,Concept Paper Submitted Date,False
2d38b1d0-0919-4d3c-8f42-3e6c62683b50,Concept,date,Concept Paper Submitted Date,False
2dc270c0-27f0-4992-8602-1fbbdcafa7b0,Concept,date,Concept Paper Submitted Date,False
2df84448-6f71-4914-b227-3ffbb6c3f3b8,Concept,date,Concept Paper Submitted Date,False
2e8fea71-0bde-4508-8478-9413704abf1d,Concept,date,Concept Paper Submitted Date,False
2f359794-acc9-448b-9d78-688316494cdb,Concept,date,Concept Paper Submitted Date,False
2f5ee146-d497-4de9-8d00-e67db4a54563,Concept,date,Concept Paper Submitted Date,False
2f94274e-5b24-467e-a3e1-3ea5dd93bbec,Concept,date,Concept Paper Submitted Date,False
30539da0-ca78-4740-a5b1-da3e35a2f472,Concept,date,Concept Paper Submitted Date,False
31afe2bf-4951-4d57-99ba-6394eb5711ba,Concept,date,Concept Paper Submitted Date,False
31c6c568-37af-4d37-887b-636ff767fea1,Concept,date,Concept Paper Submitted Date,False
3208d7be-c6bf-4fe3-b373-f528c99dd548,Concept,date,Concept Paper Submitted Date,False
349f4f06-0e6c-491c-9e39-16073e2ee0f3,Concept,date,Concept Paper Submitted Date,False
356a9ff0-124e-4a2f-9629-08e72f33b78b,Concept,date,Concept Paper Submitted Date,False
35eb3be5-e50e-49d3-bf7c-42fa6f767e87,Concept,date,Concept Paper Submitted Date,False
36b8a283-3e06-49b9-8236-e5947b849673,Concept,date,Concept Paper Submitted Date,False
388ac56a-d77a-47d8-a1a9-223726638ee9,Concept,date,Concept Paper Submitted Date,False
3954a225-e64e-4e6f-badd-e41ef1ed8ec4,Concept,date,Concept Paper Submitted Date,False
396573ba-a1e2-4428-ad77-276a273884ab,Concept,date,Concept Paper Submitted Date,False
3be48392-7bc2-416c-9064-516e8fbca5fd,Concept,date,Concept Paper Submitted Date,False
3c42d745-e2c8-42df-827f-910a55f563bb,Concept,date,Concept Paper Submitted Date,False
3f8ab05e-a761-4775-8d14-dc3b6ac9c42f,Concept,date,Concept Paper Submitted Date,False
3f9b7639-d592-4f2b-8665-806bc4be4817,Concept,date,Concept Paper Submitted Date,False
41ec9d51-efde-4812-8ea6-541a7ff514a0,Concept,date,Concept Paper Submitted Date,False
42526f23-48f1-49b5-9fde-d5c39fb878ce,Concept,date,Concept Paper Submitted Date,False
4273d858-eb53-49ce-892f-da66c13a1041,Concept,date,Concept Paper Submitted Date,False
4278f28d-1806-4898-b56e-5fe6a7cc3bbb,Concept,date,Concept Paper Submitted Date,False
42bda103-5071-4e05-95df-6a21b02309a0,Concept,date,Concept Paper Submitted Date,False
4300b588-9c0e-490d-9b7f-08074583756e,Concept,date,Concept Paper Submitted Date,False
434c0046-5d1d-4558-919b-fefb46dc5e59,Concept,date,Concept Paper Submitted Date,False
43d8b6eb-c59c-4106-ac90-f3a5145d0fc5,Concept,date,Concept Paper Submitted Date,False
43f0f178-3151-4e8f-9836-5c92522c971f,Concept,date,Concept Paper Submitted Date,False
4510420f-1095-4c0c-b6ff-8f909a92ff6b,Concept,date,Concept Paper Submitted Date,False
45306a5c-ecaa-4ec6-9e9d-7a0c860dd0e1,Concept,date,Concept Paper Submitted Date,False
45460c60-fb59-4c72-87b1-253ff9674656,Concept,date,Concept Paper Submitted Date,False
47d34a19-20af-453d-ab23-0220c875f015,Concept,date,Concept Paper Submitted Date,False
47d57b40-32df-4108-b2f4-9371b7251603,Concept,date,Concept Paper Submitted Date,False
4a9b897c-da61-4e97-a8e9-e4bc2ce93e96,Concept,date,Concept Paper Submitted Date,False
4ac33e36-e034-4905-bc81-18c4fb117723,Concept,date,Concept Paper Submitted Date,False
4c6c743f-8114-4aa5-a6b8-791fe18d1f92,Concept,date,Concept Paper Submitted Date,False
4c6dc7a2-d2cb-43e4-b152-40125666dab8,Concept,date,Concept Paper Submitted Date,False
4c6f2ef7-46f4-4d5b-b200-dfdc9fc7182c,Concept,date,Concept Paper Submitted Date,False
4c7e1658-26d9-4281-8923-f39602cbe62d,Concept,date,Concept Paper Submitted Date,False
4c859061-4d2d-4ba2-9b25-ed2ea253a660,Concept,date,Concept Paper Submitted Date,False
4d1d0cbd-d678-46bd-9271-5d820b84d247,Concept,date,Concept Paper Submitted Date,False
4df5b564-f29a-4d6f-888a-f45cfafc80a7,Concept,date,Concept Paper Submitted Date,False
4f4ca8f2-642d-486b-9e1b-403d044e0c08,Concept,date,Concept Paper Submitted Date,False
50607850-a7d0-41e6-9e1c-5eaa97970480,Concept,date,Concept Paper Submitted Date,False
51573012-04dc-491f-b41a-0bb4b24efec9,Concept,date,Concept Paper Submitted Date,False
517d3bce-f1df-4b8a-abf5-4714d5dd0e0e,Concept,date,Concept Paper Submitted Date,False
52a0996b-7c44-494d-b776-c61ea23e8151,Concept,date,Concept Paper Submitted Date,False
52e72c12-28f6-40b8-847a-8955b3e9e17e,Concept,date,Concept Paper Submitted Date,False
532eb869-f195-47a4-85d4-c9cd60d5b74d,Concept,date,Concept Paper Submitted Date,False
545f6ac9-8513-46a2-870d-6b0bd5125436,Concept,date,Concept Paper Submitted Date,False
563107d6-fbe5-4d2e-b9c0-82224b7b799f,Concept,date,Concept Paper Submitted Date,False
563f2f45-f01b-4496-97ed-b87c3c7df7da,Concept,date,Concept Paper Submitted Date,False
5658e206-a582-4aa5-b4c9-8dc15f882ede,Concept,date,Concept Paper Submitted Date,False
592546ba-edaa-4798-a4ba-8ef560f70d8a,Concept,date,Concept Paper Submitted Date,False
59c17cc5-53df-493c-9fe7-8c60fc74b2e9,Concept,date,Concept Paper Submitted Date,False
5a771745-7b29-42b9-b42a-67ae2458aa9f,Concept,date,Concept Paper Submitted Date,False
5a88a48c-be2a-4ea2-a58e-c18791fe9104,Concept,date,Concept Paper Submitted Date,False
5b401019-3ea0-4a2b-b244-522d987c44d4,Concept,date,Concept Paper Submitted Date,False
5c34d3d0-1936-4271-8fd6-75df66ff3866,Concept,date,Concept Paper Submitted Date,False
5c691bac-63fb-49b2-8ba2-64943643c0f9,Concept,date,Concept Paper Submitted Date,False
5c9f465d-0d82-45dc-b417-a9f37d22aeca,Concept,date,Concept Paper Submitted Date,False
5d2f4ed6-f0c0-4ca8-b358-0895ecec7264,Concept,date,Concept Paper Submitted Date,False
5d3e70d1-a912-40f5-a96f-2972c859d992,Concept,date,Concept Paper Submitted Date,False
5d57bdd1-b045-435e-b7b4-64a57a0b451c,Concept,date,Concept Paper Submitted Date,False
5fe23d01-4b5e-4219-af15-0704686827fc,Concept,date,Concept Paper Submitted Date,False
60ea7851-9e7e-4105-ae9d-fdf7ee9dce7a,Concept,date,Concept Paper Submitted Date,False
6121bb37-1f43-4709-be1d-7e2e0e1524e4,Concept,date,Concept Paper Submitted Date,False
62752f90-fcb7-4eba-9d0d-64cfd883a3f6,Concept,date,Concept Paper Submitted Date,False
644cea4d-9889-4f33-8e94-aba05cac72c7,Concept,date,Concept Paper Submitted Date,False
64d33085-d365-4e7c-9a9a-03f009e60a7d,Concept,date,Concept Paper Submitted Date,False
64d488e8-b0ea-4975-8cab-b5e1c5e7081e,Concept,date,Concept Paper Submitted Date,False
656ea06b-143e-4e04-981b-cc409f142662,Concept,date,Concept Paper Submitted Date,False
658036b5-c984-434a-b72d-88cfcafee003,Concept,date,Concept Paper Submitted Date,False
65abf3d1-0cd4-4d40-bcce-156a76c0a035,Concept,date,Concept Paper Submitted Date,False
65e2a59a-dd59-4fdb-abc6-741972bc1a84,Concept,date,Concept Paper Submitted Date,False
661424ae-5057-4909-bdf3-9ae7ec847d24,Concept,date,Concept Paper Submitted Date,False
671228dc-b10a-4ac6-b753-5e37af41c957,Concept,date,Concept Paper Submitted Date,False
674aac2b-0390-4171-8c9d-4c1c3c03a8e6,Concept,date,Concept Paper Submitted Date,False
685474b8-5a90-49b6-aa6c-59b65628eaf9,Concept,date,Concept Paper Submitted Date,False
68da4d77-9660-454c-8715-1dbf75bbc63a,Concept,date,Concept Paper Submitted Date,False
68fff0c7-741d-465d-971e-9c3aae683fa3,Concept,date,Concept Paper Submitted Date,False
6c913f9b-c332-4952-a70d-1a6231261340,Concept,date,Concept Paper Submitted Date,False
6e11e177-b4ea-45fe-8c56-0af3e9e2e1e6,Concept,date,Concept Paper Submitted Date,False
6e8a0329-4bdb-454f-bf70-3718526ded6b,Concept,date,Concept Paper Submitted Date,False
6e992441-2a89-4294-a7f4-9becec15e22b,Concept,date,Concept Paper Submitted Date,False
6eb1f8a6-6dcb-4f27-990f-3c938fd2478d,Concept,date,Concept Paper Submitted Date,False
6ef3661c-b813-425e-95ee-75a33095b612,Concept,date,Concept Paper Submitted Date,False
6f50e23b-ce21-4e18-8fb6-f7775b89e41e,Concept,date,Concept Paper Submitted Date,False
7113f4e2-9519-404d-bd73-191cffcaaeb7,Concept,date,Concept Paper Submitted Date,False
713bada4-df31-4258-9b20-9dadac43c1cc,Concept,date,Concept Paper Submitted Date,False
71bd7472-26c4-4cd1-a1fd-d23bc11cf9e0,Concept,date,Concept Paper Submitted Date,False
71e8bdde-35a5-43a0-9ebd-53cd29bb5aed,Concept,date,Concept Paper Submitted Date,False
7247c6cc-a4f8-422b-a0d4-eb7023de52c4,Concept,date,Concept Paper Submitted Date,False
72ba07e4-1073-4c30-976b-4c6d836a7afa,Concept,date,Concept Paper Submitted Date,False
7359cb4b-7f34-4322-9379-448e4c4a3ebf,Concept,date,Concept Paper Submitted Date,False
7381c72c-ddc3-406e-82af-988a5972a2c9,Concept,date,Concept Paper Submitted Date,False
73d073a5-d31c-49c5-8e37-9edf2f970f4b,Concept,date,Concept Paper Submitted Date,False
753784a3-c5ec-4826-a5ee-dfc9664cbf90,Concept,date,Concept Paper Submitted Date,False
76f5cfc6-aae5-470d-bdd3-9492644e3dbd,Concept,date,Concept Paper Submitted Date,False
77487dfc-4eaa-4b0d-97fc-91b3614a9542,Concept,date,Concept Paper Submitted Date,False
77621ac9-146a-4540-bdf2-e59e63e5278d,Concept,date,Concept Paper Submitted Date,False
79b7bb6e-2230-4d76-a4fc-b498031190a3,Concept,date,Concept Paper Submitted Date,False
79d28d84-31cd-4e95-9e98-92fb3e480065,Concept,date,Concept Paper Submitted Date,False
7ae1272a-e47a-4228-aae8-7855b6737052,Concept,date,Concept Paper Submitted Date,False
7c356590-c4df-4f86-a44e-ab562321ee09,Concept,date,Concept Paper Submitted Date,False
7c43bc46-6034-4df6-a40f-d8bba45e320a,Concept,date,Concept Paper Submitted Date,False
7c66762a-21ce-4e96-a766-1b705463e62c,Concept,date,Concept Paper Submitted Date,False
7c9256d8-ff1b-4208-a542-9c2485ea95d7,Concept,date,Concept Paper Submitted Date,False
7d002e7e-6ac9-47ea-8ae7-5ef111b9202a,Concept,date,Concept Paper Submitted Date,False
7d0bd82d-b71e-48a5-885c-0e6efbccb57b,Concept,date,Concept Paper Submitted Date,False
7e09d6dd-6a16-4878-a186-686978528cb6,Concept,date,Concept Paper Submitted Date,False
7e6ad85c-4984-4a98-87e8-574a2eebdc47,Concept,date,Concept Paper Submitted Date,False
7ee95840-8e0a-4dde-8636-ca10711f046e,Concept,date,Concept Paper Submitted Date,False
7f405a54-2777-4fa1-85c0-8dbaa1c7d361,Concept,date,Concept Paper Submitted Date,False
805e0f96-ad57-490a-b16b-76811f9d3cbe,Concept,date,Concept Paper Submitted Date,False
80a1a128-5ef0-47ba-af5a-d9bb4be2af9f,Concept,date,Concept Paper Submitted Date,False
812eee93-224e-45d1-8b44-b5f112330a1c,Concept,date,Concept Paper Submitted Date,False
81e1fec1-9bde-4a7a-ae6e-2b00df15a2cd,Concept,date,Concept Paper Submitted Date,False
8263c0a9-0ff4-42af-a9be-bbc9eac3c117,Concept,date,Concept Paper Submitted Date,False
83c3e37c-2043-4d84-ba05-c305d78b230b,Concept,date,Concept Paper Submitted Date,False
85091d55-a133-4bef-af0a-f8c0ec9f7a55,Concept,date,Concept Paper Submitted Date,False
861404d8-993a-4c33-965d-bc3c1e399e6e,Concept,date,Concept Paper Submitted Date,False
86761e5d-41eb-44ed-8f8b-2ce49781c2be,Concept,date,Concept Paper Submitted Date,False
86ae7990-339a-4643-a194-dd0455c29760,Concept,date,Concept Paper Submitted Date,False
86df92e1-e4ed-47f1-9bdf-56f216818bba,Concept,date,Concept Paper Submitted Date,False
886828db-adcb-49a5-9550-45030a0bf747,Concept,date,Concept Paper Submitted Date,False
89897d99-9c7e-4475-9815-3e71708dd352,Concept,date,Concept Paper Submitted Date,False
8cb9aba6-e34e-451a-81b5-49212188a3a5,Concept,date,Concept Paper Submitted Date,False
8cbe1c30-8b78-4c66-8b4d-1dc6aa90b759,Concept,date,Concept Paper Submitted Date,False
8dd91d38-fbd3-4d49-8735-c3aa42dc6a73,Concept,date,Concept Paper Submitted Date,False
8e1176a4-6d9e-4258-b058-855ee4b31b9d,Concept,date,Concept Paper Submitted Date,False
8f00753c-cc0e-4a2a-a810-2ad6159fb047,Concept,date,Concept Paper Submitted Date,False
8f1f11a7-8398-47e4-8891-9b03b1a8560d,Concept,date,Concept Paper Submitted Date,False
8ffa4527-5033-4710-8777-0b7629a3cd04,Concept,date,Concept Paper Submitted Date,False
9082ab6c-6c8c-4290-8cb9-0497a54b355b,Concept,date,Concept Paper Submitted Date,False
9125774f-80db-44ba-a2c0-9fdcbd3deef9,Concept,date,Concept Paper Submitted Date,False
9368bc5d-845f-4100-8e38-82a4895b751a,Concept,date,Concept Paper Submitted Date,False
937936aa-d1ee-4041-8200-0d2b53c7c9b1,Concept,date,Concept Paper Submitted Date,False
93aac463-f051-4f83-bdf7-8f3a5b6c6205,Concept,date,Concept Paper Submitted Date,False
946c3779-7558-40f6-b24b-e7f1a581f2f5,Concept,date,Concept Paper Submitted Date,False
950fcd2f-4f1f-41dd-bc0d-ac257837771d,Concept,date,Concept Paper Submitted Date,False
96bf3ad9-99db-4a02-be53-a022ee5a272a,Concept,date,Concept Paper Submitted Date,False
9784d73b-3a5d-4f65-9749-34cc7058c050,Concept,date,Concept Paper Submitted Date,False
982be203-d26f-477d-bcc6-cea99fb4d491,Concept,date,Concept Paper Submitted Date,False
98c57471-6d7f-4432-b122-43ef914f1beb,Concept,date,Concept Paper Submitted Date,False
98f9e541-362d-4893-ad83-81bdfea6d66c,Concept,date,Concept Paper Submitted Date,False
99b5f4e4-9072-4d43-a767-888ff839fa20,Concept,date,Concept Paper Submitted Date,False
9a7713d3-de8b-44aa-a022-f597dfbf0773,Concept,date,Concept Paper Submitted Date,False
9ad8ca1f-1260-4f7b-b292-d4705c67a713,Concept,date,Concept Paper Submitted Date,False
9af9da7a-22c7-483a-a78f-b785ea1841a2,Concept,date,Concept Paper Submitted Date,False
9b235170-7893-4b07-89a6-d0a338e0cc13,Concept,date,Concept Paper Submitted Date,False
9b75046b-5e27-4b6a-898f-0374e0357255,Concept,date,Concept Paper Submitted Date,False
9b7ac87a-0512-4582-9130-27deaa70295e,Concept,date,Concept Paper Submitted Date,False
9beda77c-9c5b-491c-82f2-2ad45f002b6f,Concept,date,Concept Paper Submitted Date,False
9d5f9218-6afd-465f-aea0-783c6494a809,Concept,date,Concept Paper Submitted Date,False
9e0362bb-03dd-4149-9164-5827f02feb08,Concept,date,Concept Paper Submitted Date,False
9f4e6bbb-1e12-45c4-b519-51cb75c49ef4,Concept,date,Concept Paper Submitted Date,False
a0426e42-6d70-4059-b67d-0d0135a58ba8,Concept,date,Concept Paper Submitted Date,False
a07522dd-7b9f-43a8-9afd-7807503c1361,Concept,date,Concept Paper Submitted Date,False
a1720a4f-5984-4b4c-b929-d10fb071ee97,Concept,date,Concept Paper Submitted Date,False
a4c7e4c0-c0d3-4f12-8b13-3d259379ccdc,Concept,date,Concept Paper Submitted Date,False
a4cb9112-817b-4bd9-a566-75fba2a9ac6d,Concept,date,Concept Paper Submitted Date,False
a5380e32-3927-46eb-a048-f48664ffb809,Concept,date,Concept Paper Submitted Date,False
a664bde0-11bc-47f3-876f-392e943b092c,Concept,date,Concept Paper Submitted Date,False
a6c8c1b0-0a39-40ae-b9cc-f00018e3e41a,Concept,date,Concept Paper Submitted Date,False
a9341a96-f3ac-4d19-b867-805c1c13e0bf,Concept,date,Concept Paper Submitted Date,False
af7fe1f7-b3b6-4372-bc4f-e4b3c8e8b574,Concept,date,Concept Paper Submitted Date,False
b2b50a67-a9c7-4796-8bbb-2885202e8cf5,Concept,date,Concept Paper Submitted Date,False
b40aacee-3dac-447e-a9b6-23b85ad86812,Concept,date,Concept Paper Submitted Date,False
b4397db8-6c82-4093-8872-91cbf5698efe,Concept,date,Concept Paper Submitted Date,False
b4fdb539-22a8-407f-8ce0-1226acac5b27,Concept,date,Concept Paper Submitted Date,False
b526c4a0-fd7e-4b09-af5f-302fc71143a2,Concept,date,Concept Paper Submitted Date,False
b58d203e-fe49-446d-8872-05ee866c51bc,Concept,date,Concept Paper Submitted Date,False
b646eaa5-5146-42ba-8793-f9ff4daffbfb,Concept,date,Concept Paper Submitted Date,False
b8979015-28d2-462d-b4c9-23e734e74637,Concept,date,Concept Paper Submitted Date,False
b8ca0693-642b-42a5-89d5-a0f271e2beaa,Concept,date,Concept Paper Submitted Date,False
b8ce4b5d-b2e0-49ce-9878-2f77b5da13a3,Concept,date,Concept Paper Submitted Date,False
b8de55ab-ee94-46c0-af13-e3762df85d10,Concept,date,Concept Paper Submitted Date,False
b93e171d-8d45-4f17-92d5-adac4866e548,Concept,date,Concept Paper Submitted Date,False
b948eef7-7d1c-44a1-bce9-264e1bd1adbd,Concept,date,Concept Paper Submitted Date,False
b973a0b2-97a5-4846-8396-ba03f50995ef,Concept,date,Concept Paper Submitted Date,False
b9d64f02-8673-49dd-892f-63a63865358e,Concept,date,Concept Paper Submitted Date,False
bb46787a-42bc-417f-a7b8-cdef0fda771f,Concept,date,Concept Paper Submitted Date,False
bc2eaa99-81ce-4727-9212-2e647e4e40a1,Concept,date,Concept Paper Submitted Date,False
bc598f12-3acd-4021-9163-0c01c53d11dd,Concept,date,Concept Paper Submitted Date,False
bcff12d0-748c-47e9-ac21-567260b29630,Concept,date,Concept Paper Submitted Date,False
bd04b5ec-78bb-42e4-af8b-28d59388da88,Concept,date,Concept Paper Submitted Date,False
bd48c893-ab19-4763-88b0-91f9347cc516,Concept,date,Concept Paper Submitted Date,False
bd8d30ad-ee9d-4ba5-a2ff-d2940fde0be3,Concept,date,Concept Paper Submitted Date,False
be09c9ac-d9b9-4370-a268-d973ec0d16f5,Concept,date,Concept Paper Submitted Date,False
be915209-b5be-4971-8147-6e50ee5ed395,Concept,date,Concept Paper Submitted Date,False
bf144d9c-f861-4915-9640-faae738fe092,Concept,date,Concept Paper Submitted Date,False
bf1f52ca-0c3b-4f54-ad12-a2b503b76c7a,Concept,date,Concept Paper Submitted Date,False
bf354cb7-af95-45ad-9efa-9e9c76184a8a,Concept,date,Concept Paper Submitted Date,False
c018c553-bf3d-4713-97a6-5aa5d2952c59,Concept,date,Concept Paper Submitted Date,False
c0a1acc2-15f1-458d-94b6-c5fed8f205d4,Concept,date,Concept Paper Submitted Date,False
c13062a4-817d-498f-8c5e-e4f449c1d978,Concept,date,Concept Paper Submitted Date,False
c16a997e-e0f9-4347-8494-9ce77a7ad192,Concept,date,Concept Paper Submitted Date,False
c2f49dfd-0b97-4aab-bc5c-416624ae2cf9,Concept,date,Concept Paper Submitted Date,False
c3046e84-add8-4311-8c2b-a4b4b454c7fd,Concept,date,Concept Paper Submitted Date,False
c34edfa1-113c-47c3-8443-aa98f8a984c7,Concept,date,Concept Paper Submitted Date,False
c5798784-3aef-4ad7-b15a-8248b8a7a274,Concept,date,Concept Paper Submitted Date,False
c74f0781-a0c4-4277-9844-6daa46cdc03d,Concept,date,Concept Paper Submitted Date,False
c7b6bc2b-de8c-4594-94a2-f94a7cdbec01,Concept,date,Concept Paper Submitted Date,False
c7c07fe5-ac27-4296-9440-13916aa30f3a,Concept,date,Concept Paper Submitted Date,False
c88d9b17-5c4d-4c6c-b028-d0ba7894ef2f,Concept,date,Concept Paper Submitted Date,False
c8dabc76-00ef-4790-b6bf-569e26aa1ed9,Concept,date,Concept Paper Submitted Date,False
c948646b-f026-482b-a299-c42a17ab7c62,Concept,date,Concept Paper Submitted Date,False
ca1d4801-fc20-45e9-9f7e-8d7d5f7746ad,Concept,date,Concept Paper Submitted Date,False
cace5bc9-6f15-4469-b848-03d64fa0662f,Concept,date,Concept Paper Submitted Date,False
cb5f2906-d9da-497b-8695-092e12c18b9e,Concept,date,Concept Paper Submitted Date,False
cb65dde4-8817-4d5e-8d2d-ca9819c0905d,Concept,date,Concept Paper Submitted Date,False
cb7441d0-c691-4dfb-b98d-a2a8f4b7e81f,Concept,date,Concept Paper Submitted Date,False
ccf6abde-3eae-4fb9-a473-bcf38786512f,Concept,date,Concept Paper Submitted Date,False
cd264625-039e-4096-acc7-cb52f69da2d8,Concept,date,Concept Paper Submitted Date,False
cd347114-a964-462b-a855-bfd14c955c14,Concept,date,Concept Paper Submitted Date,False
cd8bd6bd-4867-4466-84f4-2d6f204c8628,Concept,date,Concept Paper Submitted Date,False
cd8d6037-25d7-40a0-879c-b8d85f443f35,Concept,date,Concept Paper Submitted Date,False
cdb1dabc-8e0f-4648-9216-4540cfe80211,Concept,date,Concept Paper Submitted Date,False
ce6100de-f679-44c4-bd26-819ef099a5cb,Concept,date,Concept Paper Submitted Date,False
ce6b5e64-f60b-4661-b1f2-10c25e1c6ad1,Concept,date,Concept Paper Submitted Date,False
cfd0656a-ae45-41c2-bb82-62df6645076f,Concept,date,Concept Paper Submitted Date,False
d2e61c74-178a-4791-b53d-8a1e4ebddd40,Concept,date,Concept Paper Submitted Date,False
d40d1207-a663-40bd-8036-287fc06ea360,Concept,date,Concept Paper Submitted Date,False
d4ce7d33-6c38-4061-85a7-09a7d7be42fd,Concept,date,Concept Paper Submitted Date,False
d6bc8012-3397-4f21-84af-61f59f658e89,Concept,date,Concept Paper Submitted Date,False
d74e616c-e6db-4410-9ce1-eadd02eca4e5,Concept,date,Concept Paper Submitted Date,False
d81482a4-fc33-45dc-be8b-9a3a0dd1356e,Concept,date,Concept Paper Submitted Date,False
da5535b9-14bf-48f9-9061-03a8b14f988c,Concept,date,Concept Paper Submitted Date,False
daa5e216-e5ee-4567-a2dc-6165b252b2fb,Concept,date,Concept Paper Submitted Date,False
dac3f05e-1815-4d03-8066-5aa5c1c7ff4a,Concept,date,Concept Paper Submitted Date,False
dbb154f3-4cf5-430e-adbd-df9df5867685,Concept,date,Concept Paper Submitted Date,False
dc8dd640-fc64-4ba3-9894-f243b1e14869,Concept,date,Concept Paper Submitted Date,False
dcdd103d-91da-441d-bd81-3aebf0b31e37,Concept,date,Concept Paper Submitted Date,False
dd2fb878-c1f6-4cdc-bf30-53b78a858f68,Concept,date,Concept Paper Submitted Date,False
dd544bef-c3da-45bb-b665-546f32a96a7e,Concept,date,Concept Paper Submitted Date,False
e05f17af-8550-4ebe-81d5-e3804993556c,Concept,date,Concept Paper Submitted Date,False
e084fdf7-7572-4eda-9b86-bf3bed22ba02,Concept,date,Concept Paper Submitted Date,False
e0cbb5b9-393e-4b35-8d2c-f5e3adf551af,Concept,date,Concept Paper Submitted Date,False
e14e3eb8-f350-403c-bee3-21868690dfe4,Concept,date,Concept Paper Submitted Date,False
e1db1851-cd99-4ccc-82aa-a2a48982c475,Concept,date,Concept Paper Submitted Date,False
e3b59b4d-8488-4e32-ae71-b6b3c244ef41,Concept,date,Concept Paper Submitted Date,False
e3cbac18-f203-4de2-bda7-dc9a2dc03f58,Concept,date,Concept Paper Submitted Date,False
e4d572d3-49e4-4f44-992a-ea12360501cb,Concept,date,Concept Paper Submitted Date,False
e50ea93d-3fdc-4ca1-b94b-958c044e6330,Concept,date,Concept Paper Submitted Date,False
e576fa42-1317-481f-bb30-8e5b26e96c27,Concept,date,Concept Paper Submitted Date,False
e7572db9-1cc7-4455-9d22-d0d676dd4792,Concept,date,Concept Paper Submitted Date,False
e79fd204-c812-4957-a90a-46c3beb81d56,Concept,date,Concept Paper Submitted Date,False
e7ed830c-61a5-4f3b-b6e0-b7c2f120fd3e,Concept,date,Concept Paper Submitted Date,False
e9225e11-2ed6-4c44-b08b-497ff585e349,Concept,date,Concept Paper Submitted Date,False
ec1d7adf-e662-4db6-a5a5-d6ab811f2d24,Concept,date,Concept Paper Submitted Date,False
ec46307f-ec7b-4e65-a15e-bb1c3d360114,Concept,date,Concept Paper Submitted Date,False
ec76e94b-178b-414b-a442-16cfa3b83a2e,Concept,date,Concept Paper Submitted Date,False
ecc9c0ed-2d1d-4a59-9d83-4c3431cfb144,Concept,date,Concept Paper Submitted Date,False
ed53410f-9827-495c-9d86-0d65a2ffc847,Concept,date,Concept Paper Submitted Date,False
eee52288-0cd7-4fe4-9e6a-a85ace8df4b4,Concept,date,Concept Paper Submitted Date,False
eef2cfd3-6b55-45b0-82ef-17f2d932c519,Concept,date,Concept Paper Submitted Date,False
f13dadee-5052-421c-b42b-3dbba6740c2e,Concept,date,Concept Paper Submitted Date,False
f1ddca41-3217-44af-bcff-bc2e2fd2b710,Concept,date,Concept Paper Submitted Date,False
f1f0fbcd-558c-4f0b-96a0-3004ae019846,Concept,date,Concept Paper Submitted Date,False
f28de1d9-0c7f-482b-be4a-37a5010395b6,Concept,date,Concept Paper Submitted Date,False
f35c1cd7-761e-4072-a2d6-1abe8117ced5,Concept,date,Concept Paper Submitted Date,False
f42e43e2-536c-445c-88b3-5ef2a83423ad,Concept,date,Concept Paper Submitted Date,False
f4358c61-6506-497e-a179-dac4603ce4a4,Concept,date,Concept Paper Submitted Date,False
f641320f-8cae-452f-999f-f650d13d24ff,Concept,date,Concept Paper Submitted Date,False
f69d1f8d-849e-4c43-84af-1d6aadb19433,Concept,date,Concept Paper Submitted Date,False
f6eec1f1-9bdc-41ea-a810-e0695dd360b1,Concept,date,Concept Paper Submitted Date,False
f723aea0-4ef8-4a60-b98e-0393f346cfbd,Concept,date,Concept Paper Submitted Date,False
f74d0af7-eee2-4cdf-8279-b5494534de99,Concept,date,Concept Paper Submitted Date,False
f8750186-e249-4421-8246-abb93a6a80e2,Concept,date,Concept Paper Submitted Date,False
f935244b-2eac-4613-b7fa-d94d731015c5,Concept,date,Concept Paper Submitted Date,False
fa23b695-abaf-4991-a36c-fd3b562bca5d,Concept,date,Concept Paper Submitted Date,False
fa288f4b-d424-4cfa-8faa-c1e2b08dc009,Concept,date,Concept Paper Submitted Date,False
fb5ab5b6-9802-4344-9765-bc636223a99c,Concept,date,Concept Paper Submitted Date,False
fb67f194-6495-46de-b313-f37e3f77892e,Concept,date,Concept Paper Submitted Date,False
fbca251b-1a37-4c01-bc0f-7a8f956e81fd,Concept,date,Concept Paper Submitted Date,False
fbdc0ed1-78a9-40fb-a4ba-4d055f887373,Concept,date,Concept Paper Submitted Date,False
fc8af835-194a-4fdb-a3db-750a7af79998,Concept,date,Concept Paper Submitted Date,False
fd3ac48a-a385-4ba1-b26f-f078f892ccfc,Concept,date,Concept Paper Submitted Date,False
fdf14feb-7061-4c29-b811-3421897765e1,Concept,date,Concept Paper Submitted Date,False
fe0d0cd6-268b-42a8-a671-88f6cf199192,Concept,date,Concept Paper Submitted Date,False
fe371a3a-ba6b-4f7c-83e7-60f36602e89d,Concept,date,Concept Paper Submitted Date,False
007cc95c-92ae-40cc-850e-50bb331b658d,Concept,document,Pre-Submission,False
01202dd5-67e9-432f-a5ef-d9e4e49f8f76,Concept,document,Pre-Submission,False
0181f074-ee92-420b-822d-aedfadcd4c7d,Concept,document,Pre-Submission,False
01dca696-c094-4f14-ade8-c96f19292a92,Concept,document,Pre-Submission,False
0473183d-2e93-4371-a841-47350d3e765b,Concept,document,Pre-Submission,False
08a66d07-dfe1-4225-b3d1-cf7604909b58,Concept,document,Pre-Submission,False
08ced498-8997-401c-a186-daa67a4ff809,Concept,document,Pre-Submission,False
08fceebe-6835-408b-97de-b7f3b8522706,Concept,document,Pre-Submission,False
0965889d-2796-4022-adc9-7ad6b2f7895e,Concept,document,Pre-Submission,False
0977ad7f-a35c-4e4e-b50b-2f1834ad5014,Concept,document,Pre-Submission,False
09f34d93-656c-4793-ad53-f06d53f03192,Concept,document,Pre-Submission,False
0a7679ae-d047-49fb-9996-9c5c497a1ad5,Concept,document,Pre-Submission,False
0aacc3ec-a6fc-41cb-84e3-3fd8ca5f4c25,Concept,document,Pre-Submission,False
0ad53526-62cf-405b-aaaf-d62dfa2433b6,Concept,document,Pre-Submission,False
0b11ca84-a492-41e1-9fb1-7c988da310ba,Concept,document,Pre-Submission,False
0b49419b-eb17-4fb1-99e2-79f58fca2b75,Concept,document,Pre-Submission,False
0b8752ca-48d3-4e08-8369-d92c9d1b0427,Concept,document,Pre-Submission,False
0c74168d-4ed3-485b-aca4-d82cd5ca4fa5,Concept,document,Pre-Submission,False
0cc17b4c-5437-425e-9700-c8e90f09aaf6,Concept,document,Pre-Submission,False
0cdb6064-b473-4a2e-bdc2-d6dfded63446,Concept,document,Pre-Submission,False
0fbdef7a-fb36-430d-ae8d-0d34882e1c74,Concept,document,Pre-Submission,False
0fcfc81f-e55a-4374-ba2b-ec37081df6d3,Concept,document,Pre-Submission,False
110f9760-16ff-4adf-8f29-1c0a24db5ca0,Concept,document,Pre-Submission,False
11bbbe73-e085-4be3-84ec-70cfb3a2f31b,Concept,document,Pre-Submission,False
123b47d8-b25f-448b-a762-b51d97c518dc,Concept,document,Pre-Submission,False
12d5ea2c-39f6-43af-ba29-0226e0daeafe,Concept,document,Pre-Submission,False
13fbcf4d-aaac-4d6f-9c56-1c7de963b003,Concept,document,Pre-Submission,False
14631a8e-32a3-4657-a29e-9374112a72e9,Concept,document,Pre-Submission,False
14c27c1b-f1a4-4c07-9999-0f2cd25078ff,Concept,document,Pre-Submission,False
150fd48e-7a9a-4417-a4a2-04e6240e0da1,Concept,document,Pre-Submission,False
16b94b99-94e4-47f7-86f2-235d6fbbb3f0,Concept,document,Pre-Submission,False
17d07543-f9f1-481f-90e3-49125eea23d3,Concept,document,Pre-Submission,False
17fae73d-32e2-487b-802d-4245eb8dac1b,Concept,document,Pre-Submission,False
18bf9f77-362a-405b-849c-d2c642fcd9b4,Concept,document,Pre-Submission,False
194ee888-180e-4ec1-86e2-90ac54999c6e,Concept,document,Pre-Submission,False
1954dc33-d848-47e8-ab15-15f3194fc715,Concept,document,Pre-Submission,False
196cd174-4db0-4d4d-bc83-612c75b53c0c,Concept,document,Pre-Submission,False
19cde612-c7fa-42bf-861e-c527ab0b5b6e,Concept,document,Pre-Submission,False
1ac4f92b-8b39-4081-ab13-f12d29995ba7,Concept,document,Pre-Submission,False
1ad59f7a-cd6e-4454-8809-f1529f4d2590,Concept,document,Pre-Submission,False
1b0a267d-bb05-4d13-9499-9ce34b1aff6f,Concept,document,Pre-Submission,False
1b155e69-e927-4a64-be66-940ac3093a0d,Concept,document,Pre-Submission,False
1b3322cf-8bdf-4cfd-85fc-880f96ae6c78,Concept,document,Pre-Submission,False
1b4db82b-54a7-4da0-b5ae-9d677c54a565,Concept,document,Pre-Submission,False
1bd03341-d171-424d-8bf8-acb73c44c57a,Concept,document,Pre-Submission,False
1c26a74c-03ef-4302-94a0-3b794cf583ab,Concept,document,Pre-Submission,False
1cd11925-91b7-4110-b62f-e26f5980e336,Concept,document,Pre-Submission,False
1e0a7577-b08e-46bf-8119-1aa425b90334,Concept,document,Pre-Submission,False
2071241b-eaec-4108-9ad5-5d5bc6f96071,Concept,document,Pre-Submission,False
2073f1f3-9c70-4e27-9f9e-4105c51be8f7,Concept,document,Pre-Submission,False
20cf31ac-c083-4d90-8028-8685c18a1751,Concept,document,Pre-Submission,False
224b4c22-66d1-40fe-ae57-04c911173d74,Concept,document,Pre-Submission,False
232ce729-df65-41ad-ae63-40d269cd34aa,Concept,document,Pre-Submission,False
24d0aa55-6041-43b0-8e4b-5ef69afa5505,Concept,document,Pre-Submission,False
26cf0dca-fe07-4614-9ed1-cc59bbad3c76,Concept,document,Pre-Submission,False
279bc6a9-6a87-474f-881b-b14b05f731c8,Concept,document,Pre-Submission,False
27c14bd5-9e48-4833-8da0-d0bd2727aaec,Concept,document,Pre-Submission,False
280e7e47-9d18-4963-bfa5-22dab94f8408,Concept,document,Pre-Submission,False
2916eb15-b065-4f44-ac82-a37475aedeab,Concept,document,Pre-Submission,False
291eb311-4a9a-48ff-b096-fd0df6e11d73,Concept,document,Pre-Submission,False
293e8dd3-ade5-4490-9af4-60edcac5281f,Concept,document,Pre-Submission,False
2accbe88-b9ce-4d0f-8368-d4f8352301a5,Concept,document,Pre-Submission,False
2b0c1e40-571d-4b06-975b-02d163f138ae,Concept,document,Pre-Submission,False
2b8070d1-36c9-4562-8686-3551ae2ef257,Concept,document,Pre-Submission,False
2c51fad0-036e-4062-96d3-f741d1f23341,Concept,document,Pre-Submission,False
2d35dad4-a3f0-44e9-b79b-8ae9f29642fe,Concept,document,Pre-Submission,False
2d38b1d0-0919-4d3c-8f42-3e6c62683b50,Concept,document,Pre-Submission,False
2dc270c0-27f0-4992-8602-1fbbdcafa7b0,Concept,document,Pre-Submission,False
2df84448-6f71-4914-b227-3ffbb6c3f3b8,Concept,document,Pre-Submission,False
2e8fea71-0bde-4508-8478-9413704abf1d,Concept,document,Pre-Submission,False
2f359794-acc9-448b-9d78-688316494cdb,Concept,document,Pre-Submission,False
2f5ee146-d497-4de9-8d00-e67db4a54563,Concept,document,Pre-Submission,False
2f94274e-5b24-467e-a3e1-3ea5dd93bbec,Concept,document,Pre-Submission,False
30539da0-ca78-4740-a5b1-da3e35a2f472,Concept,document,Pre-Submission,False
31afe2bf-4951-4d57-99ba-6394eb5711ba,Concept,document,Pre-Submission,False
31c6c568-37af-4d37-887b-636ff767fea1,Concept,document,Pre-Submission,False
3208d7be-c6bf-4fe3-b373-f528c99dd548,Concept,document,Pre-Submission,False
349f4f06-0e6c-491c-9e39-16073e2ee0f3,Concept,document,Pre-Submission,False
356a9ff0-124e-4a2f-9629-08e72f33b78b,Concept,document,Pre-Submission,False
35eb3be5-e50e-49d3-bf7c-42fa6f767e87,Concept,document,Pre-Submission,False
36b8a283-3e06-49b9-8236-e5947b849673,Concept,document,Pre-Submission,False
388ac56a-d77a-47d8-a1a9-223726638ee9,Concept,document,Pre-Submission,False
3954a225-e64e-4e6f-badd-e41ef1ed8ec4,Concept,document,Pre-Submission,False
396573ba-a1e2-4428-ad77-276a273884ab,Concept,document,Pre-Submission,False
3be48392-7bc2-416c-9064-516e8fbca5fd,Concept,document,Pre-Submission,False
3c42d745-e2c8-42df-827f-910a55f563bb,Concept,document,Pre-Submission,False
3f8ab05e-a761-4775-8d14-dc3b6ac9c42f,Concept,document,Pre-Submission,False
3f9b7639-d592-4f2b-8665-806bc4be4817,Concept,document,Pre-Submission,False
41ec9d51-efde-4812-8ea6-541a7ff514a0,Concept,document,Pre-Submission,False
42526f23-48f1-49b5-9fde-d5c39fb878ce,Concept,document,Pre-Submission,False
4273d858-eb53-49ce-892f-da66c13a1041,Concept,document,Pre-Submission,False
4278f28d-1806-4898-b56e-5fe6a7cc3bbb,Concept,document,Pre-Submission,False
42bda103-5071-4e05-95df-6a21b02309a0,Concept,document,Pre-Submission,False
4300b588-9c0e-490d-9b7f-08074583756e,Concept,document,Pre-Submission,False
434c0046-5d1d-4558-919b-fefb46dc5e59,Concept,document,Pre-Submission,False
43d8b6eb-c59c-4106-ac90-f3a5145d0fc5,Concept,document,Pre-Submission,False
43f0f178-3151-4e8f-9836-5c92522c971f,Concept,document,Pre-Submission,False
4510420f-1095-4c0c-b6ff-8f909a92ff6b,Concept,document,Pre-Submission,False
45306a5c-ecaa-4ec6-9e9d-7a0c860dd0e1,Concept,document,Pre-Submission,False
45460c60-fb59-4c72-87b1-253ff9674656,Concept,document,Pre-Submission,False
47d34a19-20af-453d-ab23-0220c875f015,Concept,document,Pre-Submission,False
47d57b40-32df-4108-b2f4-9371b7251603,Concept,document,Pre-Submission,False
4a9b897c-da61-4e97-a8e9-e4bc2ce93e96,Concept,document,Pre-Submission,False
4ac33e36-e034-4905-bc81-18c4fb117723,Concept,document,Pre-Submission,False
4c6c743f-8114-4aa5-a6b8-791fe18d1f92,Concept,document,Pre-Submission,False
4c6dc7a2-d2cb-43e4-b152-40125666dab8,Concept,document,Pre-Submission,False
4c6f2ef7-46f4-4d5b-b200-dfdc9fc7182c,Concept,document,Pre-Submission,False
4c7e1658-26d9-4281-8923-f39602cbe62d,Concept,document,Pre-Submission,False
4c859061-4d2d-4ba2-9b25-ed2ea253a660,Concept,document,Pre-Submission,False
4d1d0cbd-d678-46bd-9271-5d820b84d247,Concept,document,Pre-Submission,False
4df5b564-f29a-4d6f-888a-f45cfafc80a7,Concept,document,Pre-Submission,False
4f4ca8f2-642d-486b-9e1b-403d044e0c08,Concept,document,Pre-Submission,False
50607850-a7d0-41e6-9e1c-5eaa97970480,Concept,document,Pre-Submission,False
51573012-04dc-491f-b41a-0bb4b24efec9,Concept,document,Pre-Submission,False
517d3bce-f1df-4b8a-abf5-4714d5dd0e0e,Concept,document,Pre-Submission,False
52a0996b-7c44-494d-b776-c61ea23e8151,Concept,document,Pre-Submission,False
52e72c12-28f6-40b8-847a-8955b3e9e17e,Concept,document,Pre-Submission,False
532eb869-f195-47a4-85d4-c9cd60d5b74d,Concept,document,Pre-Submission,False
545f6ac9-8513-46a2-870d-6b0bd5125436,Concept,document,Pre-Submission,False
563107d6-fbe5-4d2e-b9c0-82224b7b799f,Concept,document,Pre-Submission,False
563f2f45-f01b-4496-97ed-b87c3c7df7da,Concept,document,Pre-Submission,False
5658e206-a582-4aa5-b4c9-8dc15f882ede,Concept,document,Pre-Submission,False
592546ba-edaa-4798-a4ba-8ef560f70d8a,Concept,document,Pre-Submission,False
59c17cc5-53df-493c-9fe7-8c60fc74b2e9,Concept,document,Pre-Submission,False
5a771745-7b29-42b9-b42a-67ae2458aa9f,Concept,document,Pre-Submission,False
5a88a48c-be2a-4ea2-a58e-c18791fe9104,Concept,document,Pre-Submission,False
5b401019-3ea0-4a2b-b244-522d987c44d4,Concept,document,Pre-Submission,False
5c34d3d0-1936-4271-8fd6-75df66ff3866,Concept,document,Pre-Submission,False
5c691bac-63fb-49b2-8ba2-64943643c0f9,Concept,document,Pre-Submission,False
5c9f465d-0d82-45dc-b417-a9f37d22aeca,Concept,document,Pre-Submission,False
5d2f4ed6-f0c0-4ca8-b358-0895ecec7264,Concept,document,Pre-Submission,False
5d3e70d1-a912-40f5-a96f-2972c859d992,Concept,document,Pre-Submission,False
5d57bdd1-b045-435e-b7b4-64a57a0b451c,Concept,document,Pre-Submission,False
5fe23d01-4b5e-4219-af15-0704686827fc,Concept,document,Pre-Submission,False
60ea7851-9e7e-4105-ae9d-fdf7ee9dce7a,Concept,document,Pre-Submission,False
6121bb37-1f43-4709-be1d-7e2e0e1524e4,Concept,document,Pre-Submission,False
62752f90-fcb7-4eba-9d0d-64cfd883a3f6,Concept,document,Pre-Submission,False
644cea4d-9889-4f33-8e94-aba05cac72c7,Concept,document,Pre-Submission,False
64d33085-d365-4e7c-9a9a-03f009e60a7d,Concept,document,Pre-Submission,False
64d488e8-b0ea-4975-8cab-b5e1c5e7081e,Concept,document,Pre-Submission,False
656ea06b-143e-4e04-981b-cc409f142662,Concept,document,Pre-Submission,False
658036b5-c984-434a-b72d-88cfcafee003,Concept,document,Pre-Submission,False
65abf3d1-0cd4-4d40-bcce-156a76c0a035,Concept,document,Pre-Submission,False
65e2a59a-dd59-4fdb-abc6-741972bc1a84,Concept,document,Pre-Submission,False
661424ae-5057-4909-bdf3-9ae7ec847d24,Concept,document,Pre-Submission,False
671228dc-b10a-4ac6-b753-5e37af41c957,Concept,document,Pre-Submission,False
674aac2b-0390-4171-8c9d-4c1c3c03a8e6,Concept,document,Pre-Submission,False
685474b8-5a90-49b6-aa6c-59b65628eaf9,Concept,document,Pre-Submission,False
68da4d77-9660-454c-8715-1dbf75bbc63a,Concept,document,Pre-Submission,False
68fff0c7-741d-465d-971e-9c3aae683fa3,Concept,document,Pre-Submission,False
6c913f9b-c332-4952-a70d-1a6231261340,Concept,document,Pre-Submission,False
6e11e177-b4ea-45fe-8c56-0af3e9e2e1e6,Concept,document,Pre-Submission,False
6e8a0329-4bdb-454f-bf70-3718526ded6b,Concept,document,Pre-Submission,False
6e992441-2a89-4294-a7f4-9becec15e22b,Concept,document,Pre-Submission,False
6eb1f8a6-6dcb-4f27-990f-3c938fd2478d,Concept,document,Pre-Submission,False
6ef3661c-b813-425e-95ee-75a33095b612,Concept,document,Pre-Submission,False
6f50e23b-ce21-4e18-8fb6-f7775b89e41e,Concept,document,Pre-Submission,False
7113f4e2-9519-404d-bd73-191cffcaaeb7,Concept,document,Pre-Submission,False
713bada4-df31-4258-9b20-9dadac43c1cc,Concept,document,Pre-Submission,False
71bd7472-26c4-4cd1-a1fd-d23bc11cf9e0,Concept,document,Pre-Submission,False
71e8bdde-35a5-43a0-9ebd-53cd29bb5aed,Concept,document,Pre-Submission,False
7247c6cc-a4f8-422b-a0d4-eb7023de52c4,Concept,document,Pre-Submission,False
72ba07e4-1073-4c30-976b-4c6d836a7afa,Concept,document,Pre-Submission,False
7359cb4b-7f34-4322-9379-448e4c4a3ebf,Concept,document,Pre-Submission,False
7381c72c-ddc3-406e-82af-988a5972a2c9,Concept,document,Pre-Submission,False
73d073a5-d31c-49c5-8e37-9edf2f970f4b,Concept,document,Pre-Submission,False
753784a3-c5ec-4826-a5ee-dfc9664cbf90,Concept,document,Pre-Submission,False
76f5cfc6-aae5-470d-bdd3-9492644e3dbd,Concept,document,Pre-Submission,False
77487dfc-4eaa-4b0d-97fc-91b3614a9542,Concept,document,Pre-Submission,False
77621ac9-146a-4540-bdf2-e59e63e5278d,Concept,document,Pre-Submission,False
79b7bb6e-2230-4d76-a4fc-b498031190a3,Concept,document,Pre-Submission,False
79d28d84-31cd-4e95-9e98-92fb3e480065,Concept,document,Pre-Submission,False
7ae1272a-e47a-4228-aae8-7855b6737052,Concept,document,Pre-Submission,False
7c356590-c4df-4f86-a44e-ab562321ee09,Concept,document,Pre-Submission,False
7c43bc46-6034-4df6-a40f-d8bba45e320a,Concept,document,Pre-Submission,False
7c66762a-21ce-4e96-a766-1b705463e62c,Concept,document,Pre-Submission,False
7c9256d8-ff1b-4208-a542-9c2485ea95d7,Concept,document,Pre-Submission,False
7d002e7e-6ac9-47ea-8ae7-5ef111b9202a,Concept,document,Pre-Submission,False
7d0bd82d-b71e-48a5-885c-0e6efbccb57b,Concept,document,Pre-Submission,False
7e09d6dd-6a16-4878-a186-686978528cb6,Concept,document,Pre-Submission,False
7e6ad85c-4984-4a98-87e8-574a2eebdc47,Concept,document,Pre-Submission,False
7ee95840-8e0a-4dde-8636-ca10711f046e,Concept,document,Pre-Submission,False
7f405a54-2777-4fa1-85c0-8dbaa1c7d361,Concept,document,Pre-Submission,False
805e0f96-ad57-490a-b16b-76811f9d3cbe,Concept,document,Pre-Submission,False
80a1a128-5ef0-47ba-af5a-d9bb4be2af9f,Concept,document,Pre-Submission,False
812eee93-224e-45d1-8b44-b5f112330a1c,Concept,document,Pre-Submission,False
81e1fec1-9bde-4a7a-ae6e-2b00df15a2cd,Concept,document,Pre-Submission,False
8263c0a9-0ff4-42af-a9be-bbc9eac3c117,Concept,document,Pre-Submission,False
83c3e37c-2043-4d84-ba05-c305d78b230b,Concept,document,Pre-Submission,False
85091d55-a133-4bef-af0a-f8c0ec9f7a55,Concept,document,Pre-Submission,False
861404d8-993a-4c33-965d-bc3c1e399e6e,Concept,document,Pre-Submission,False
86761e5d-41eb-44ed-8f8b-2ce49781c2be,Concept,document,Pre-Submission,False
86ae7990-339a-4643-a194-dd0455c29760,Concept,document,Pre-Submission,False
86df92e1-e4ed-47f1-9bdf-56f216818bba,Concept,document,Pre-Submission,False
886828db-adcb-49a5-9550-45030a0bf747,Concept,document,Pre-Submission,False
89897d99-9c7e-4475-9815-3e71708dd352,Concept,document,Pre-Submission,False
8cb9aba6-e34e-451a-81b5-49212188a3a5,Concept,document,Pre-Submission,False
8cbe1c30-8b78-4c66-8b4d-1dc6aa90b759,Concept,document,Pre-Submission,False
8dd91d38-fbd3-4d49-8735-c3aa42dc6a73,Concept,document,Pre-Submission,False
8e1176a4-6d9e-4258-b058-855ee4b31b9d,Concept,document,Pre-Submission,False
8f00753c-cc0e-4a2a-a810-2ad6159fb047,Concept,document,Pre-Submission,False
8f1f11a7-8398-47e4-8891-9b03b1a8560d,Concept,document,Pre-Submission,False
8ffa4527-5033-4710-8777-0b7629a3cd04,Concept,document,Pre-Submission,False
9082ab6c-6c8c-4290-8cb9-0497a54b355b,Concept,document,Pre-Submission,False
9125774f-80db-44ba-a2c0-9fdcbd3deef9,Concept,document,Pre-Submission,False
9368bc5d-845f-4100-8e38-82a4895b751a,Concept,document,Pre-Submission,False
937936aa-d1ee-4041-8200-0d2b53c7c9b1,Concept,document,Pre-Submission,False
93aac463-f051-4f83-bdf7-8f3a5b6c6205,Concept,document,Pre-Submission,False
946c3779-7558-40f6-b24b-e7f1a581f2f5,Concept,document,Pre-Submission,False
950fcd2f-4f1f-41dd-bc0d-ac257837771d,Concept,document,Pre-Submission,False
96bf3ad9-99db-4a02-be53-a022ee5a272a,Concept,document,Pre-Submission,False
9784d73b-3a5d-4f65-9749-34cc7058c050,Concept,document,Pre-Submission,False
982be203-d26f-477d-bcc6-cea99fb4d491,Concept,document,Pre-Submission,False
98c57471-6d7f-4432-b122-43ef914f1beb,Concept,document,Pre-Submission,False
98f9e541-362d-4893-ad83-81bdfea6d66c,Concept,document,Pre-Submission,False
99b5f4e4-9072-4d43-a767-888ff839fa20,Concept,document,Pre-Submission,False
9a7713d3-de8b-44aa-a022-f597dfbf0773,Concept,document,Pre-Submission,False
9ad8ca1f-1260-4f7b-b292-d4705c67a713,Concept,document,Pre-Submission,False
9af9da7a-22c7-483a-a78f-b785ea1841a2,Concept,document,Pre-Submission,False
9b235170-7893-4b07-89a6-d0a338e0cc13,Concept,document,Pre-Submission,False
9b75046b-5e27-4b6a-898f-0374e0357255,Concept,document,Pre-Submission,False
9b7ac87a-0512-4582-9130-27deaa70295e,Concept,document,Pre-Submission,False
9beda77c-9c5b-491c-82f2-2ad45f002b6f,Concept,document,Pre-Submission,False
9d5f9218-6afd-465f-aea0-783c6494a809,Concept,document,Pre-Submission,False
9e0362bb-03dd-4149-9164-5827f02feb08,Concept,document,Pre-Submission,False
9f4e6bbb-1e12-45c4-b519-51cb75c49ef4,Concept,document,Pre-Submission,False
a0426e42-6d70-4059-b67d-0d0135a58ba8,Concept,document,Pre-Submission,False
a07522dd-7b9f-43a8-9afd-7807503c1361,Concept,document,Pre-Submission,False
a1720a4f-5984-4b4c-b929-d10fb071ee97,Concept,document,Pre-Submission,False
a4c7e4c0-c0d3-4f12-8b13-3d259379ccdc,Concept,document,Pre-Submission,False
a4cb9112-817b-4bd9-a566-75fba2a9ac6d,Concept,document,Pre-Submission,False
a5380e32-3927-46eb-a048-f48664ffb809,Concept,document,Pre-Submission,False
a664bde0-11bc-47f3-876f-392e943b092c,Concept,document,Pre-Submission,False
a6c8c1b0-0a39-40ae-b9cc-f00018e3e41a,Concept,document,Pre-Submission,False
a9341a96-f3ac-4d19-b867-805c1c13e0bf,Concept,document,Pre-Submission,False
af7fe1f7-b3b6-4372-bc4f-e4b3c8e8b574,Concept,document,Pre-Submission,False
b2b50a67-a9c7-4796-8bbb-2885202e8cf5,Concept,document,Pre-Submission,False
b40aacee-3dac-447e-a9b6-23b85ad86812,Concept,document,Pre-Submission,False
b4397db8-6c82-4093-8872-91cbf5698efe,Concept,document,Pre-Submission,False
b4fdb539-22a8-407f-8ce0-1226acac5b27,Concept,document,Pre-Submission,False
b526c4a0-fd7e-4b09-af5f-302fc71143a2,Concept,document,Pre-Submission,False
b58d203e-fe49-446d-8872-05ee866c51bc,Concept,document,Pre-Submission,False
b646eaa5-5146-42ba-8793-f9ff4daffbfb,Concept,document,Pre-Submission,False
b8979015-28d2-462d-b4c9-23e734e74637,Concept,document,Pre-Submission,False
b8ca0693-642b-42a5-89d5-a0f271e2beaa,Concept,document,Pre-Submission,False
b8ce4b5d-b2e0-49ce-9878-2f77b5da13a3,Concept,document,Pre-Submission,False
b8de55ab-ee94-46c0-af13-e3762df85d10,Concept,document,Pre-Submission,False
b93e171d-8d45-4f17-92d5-adac4866e548,Concept,document,Pre-Submission,False
b948eef7-7d1c-44a1-bce9-264e1bd1adbd,Concept,document,Pre-Submission,False
b973a0b2-97a5-4846-8396-ba03f50995ef,Concept,document,Pre-Submission,False
b9d64f02-8673-49dd-892f-63a63865358e,Concept,document,Pre-Submission,False
bb46787a-42bc-417f-a7b8-cdef0fda771f,Concept,document,Pre-Submission,False
bc2eaa99-81ce-4727-9212-2e647e4e40a1,Concept,document,Pre-Submission,False
bc598f12-3acd-4021-9163-0c01c53d11dd,Concept,document,Pre-Submission,False
bcff12d0-748c-47e9-ac21-567260b29630,Concept,document,Pre-Submission,False
bd04b5ec-78bb-42e4-af8b-28d59388da88,Concept,document,Pre-Submission,False
bd48c893-ab19-4763-88b0-91f9347cc516,Concept,document,Pre-Submission,False
bd8d30ad-ee9d-4ba5-a2ff-d2940fde0be3,Concept,document,Pre-Submission,False
be09c9ac-d9b9-4370-a268-d973ec0d16f5,Concept,document,Pre-Submission,False
be915209-b5be-4971-8147-6e50ee5ed395,Concept,document,Pre-Submission,False
bf144d9c-f861-4915-9640-faae738fe092,Concept,document,Pre-Submission,False
bf1f52ca-0c3b-4f54-ad12-a2b503b76c7a,Concept,document,Pre-Submission,False
bf354cb7-af95-45ad-9efa-9e9c76184a8a,Concept,document,Pre-Submission,False
c018c553-bf3d-4713-97a6-5aa5d2952c59,Concept,document,Pre-Submission,False
c0a1acc2-15f1-458d-94b6-c5fed8f205d4,Concept,document,Pre-Submission,False
c13062a4-817d-498f-8c5e-e4f449c1d978,Concept,document,Pre-Submission,False
c16a997e-e0f9-4347-8494-9ce77a7ad192,Concept,document,Pre-Submission,False
c2f49dfd-0b97-4aab-bc5c-416624ae2cf9,Concept,document,Pre-Submission,False
c3046e84-add8-4311-8c2b-a4b4b454c7fd,Concept,document,Pre-Submission,False
c34edfa1-113c-47c3-8443-aa98f8a984c7,Concept,document,Pre-Submission,False
c5798784-3aef-4ad7-b15a-8248b8a7a274,Concept,document,Pre-Submission,False
c74f0781-a0c4-4277-9844-6daa46cdc03d,Concept,document,Pre-Submission,False
c7b6bc2b-de8c-4594-94a2-f94a7cdbec01,Concept,document,Pre-Submission,False
c7c07fe5-ac27-4296-9440-13916aa30f3a,Concept,document,Pre-Submission,False
c88d9b17-5c4d-4c6c-b028-d0ba7894ef2f,Concept,document,Pre-Submission,False
c8dabc76-00ef-4790-b6bf-569e26aa1ed9,Concept,document,Pre-Submission,False
c948646b-f026-482b-a299-c42a17ab7c62,Concept,document,Pre-Submission,False
ca1d4801-fc20-45e9-9f7e-8d7d5f7746ad,Concept,document,Pre-Submission,False
cace5bc9-6f15-4469-b848-03d64fa0662f,Concept,document,Pre-Submission,False
cb5f2906-d9da-497b-8695-092e12c18b9e,Concept,document,Pre-Submission,False
cb65dde4-8817-4d5e-8d2d-ca9819c0905d,Concept,document,Pre-Submission,False
cb7441d0-c691-4dfb-b98d-a2a8f4b7e81f,Concept,document,Pre-Submission,False
ccf6abde-3eae-4fb9-a473-bcf38786512f,Concept,document,Pre-Submission,False
cd264625-039e-4096-acc7-cb52f69da2d8,Concept,document,Pre-Submission,False
cd347114-a964-462b-a855-bfd14c955c14,Concept,document,Pre-Submission,False
cd8bd6bd-4867-4466-84f4-2d6f204c8628,Concept,document,Pre-Submission,False
cd8d6037-25d7-40a0-879c-b8d85f443f35,Concept,document,Pre-Submission,False
cdb1dabc-8e0f-4648-9216-4540cfe80211,Concept,document,Pre-Submission,False
ce6100de-f679-44c4-bd26-819ef099a5cb,Concept,document,Pre-Submission,False
ce6b5e64-f60b-4661-b1f2-10c25e1c6ad1,Concept,document,Pre-Submission,False
cfd0656a-ae45-41c2-bb82-62df6645076f,Concept,document,Pre-Submission,False
d2e61c74-178a-4791-b53d-8a1e4ebddd40,Concept,document,Pre-Submission,False
d40d1207-a663-40bd-8036-287fc06ea360,Concept,document,Pre-Submission,False
d4ce7d33-6c38-4061-85a7-09a7d7be42fd,Concept,document,Pre-Submission,False
d6bc8012-3397-4f21-84af-61f59f658e89,Concept,document,Pre-Submission,False
d74e616c-e6db-4410-9ce1-eadd02eca4e5,Concept,document,Pre-Submission,False
d81482a4-fc33-45dc-be8b-9a3a0dd1356e,Concept,document,Pre-Submission,False
da5535b9-14bf-48f9-9061-03a8b14f988c,Concept,document,Pre-Submission,False
daa5e216-e5ee-4567-a2dc-6165b252b2fb,Concept,document,Pre-Submission,False
dac3f05e-1815-4d03-8066-5aa5c1c7ff4a,Concept,document,Pre-Submission,False
dbb154f3-4cf5-430e-adbd-df9df5867685,Concept,document,Pre-Submission,False
dc8dd640-fc64-4ba3-9894-f243b1e14869,Concept,document,Pre-Submission,False
dcdd103d-91da-441d-bd81-3aebf0b31e37,Concept,document,Pre-Submission,False
dd2fb878-c1f6-4cdc-bf30-53b78a858f68,Concept,document,Pre-Submission,False
dd544bef-c3da-45bb-b665-546f32a96a7e,Concept,document,Pre-Submission,False
e05f17af-8550-4ebe-81d5-e3804993556c,Concept,document,Pre-Submission,False
e084fdf7-7572-4eda-9b86-bf3bed22ba02,Concept,document,Pre-Submission,False
e0cbb5b9-393e-4b35-8d2c-f5e3adf551af,Concept,document,Pre-Submission,False
e14e3eb8-f350-403c-bee3-21868690dfe4,Concept,document,Pre-Submission,False
e1db1851-cd99-4ccc-82aa-a2a48982c475,Concept,document,Pre-Submission,False
e3b59b4d-8488-4e32-ae71-b6b3c244ef41,Concept,document,Pre-Submission,False
e3cbac18-f203-4de2-bda7-dc9a2dc03f58,Concept,document,Pre-Submission,False
e4d572d3-49e4-4f44-992a-ea12360501cb,Concept,document,Pre-Submission,False
e50ea93d-3fdc-4ca1-b94b-958c044e6330,Concept,document,Pre-Submission,False
e576fa42-1317-481f-bb30-8e5b26e96c27,Concept,document,Pre-Submission,False
e7572db9-1cc7-4455-9d22-d0d676dd4792,Concept,document,Pre-Submission,False
e79fd204-c812-4957-a90a-46c3beb81d56,Concept,document,Pre-Submission,False
e7ed830c-61a5-4f3b-b6e0-b7c2f120fd3e,Concept,document,Pre-Submission,False
e9225e11-2ed6-4c44-b08b-497ff585e349,Concept,document,Pre-Submission,False
ec1d7adf-e662-4db6-a5a5-d6ab811f2d24,Concept,document,Pre-Submission,False
ec46307f-ec7b-4e65-a15e-bb1c3d360114,Concept,document,Pre-Submission,False
ec76e94b-178b-414b-a442-16cfa3b83a2e,Concept,document,Pre-Submission,False
ecc9c0ed-2d1d-4a59-9d83-4c3431cfb144,Concept,document,Pre-Submission,False
ed53410f-9827-495c-9d86-0d65a2ffc847,Concept,document,Pre-Submission,False
eee52288-0cd7-4fe4-9e6a-a85ace8df4b4,Concept,document,Pre-Submission,False
eef2cfd3-6b55-45b0-82ef-17f2d932c519,Concept,document,Pre-Submission,False
f13dadee-5052-421c-b42b-3dbba6740c2e,Concept,document,Pre-Submission,False
f1ddca41-3217-44af-bcff-bc2e2fd2b710,Concept,document,Pre-Submission,False
f1f0fbcd-558c-4f0b-96a0-3004ae019846,Concept,document,Pre-Submission,False
f28de1d9-0c7f-482b-be4a-37a5010395b6,Concept,document,Pre-Submission,False
f35c1cd7-761e-4072-a2d6-1abe8117ced5,Concept,document,Pre-Submission,False
f42e43e2-536c-445c-88b3-5ef2a83423ad,Concept,document,Pre-Submission,False
f4358c61-6506-497e-a179-dac4603ce4a4,Concept,document,Pre-Submission,False
f641320f-8cae-452f-999f-f650d13d24ff,Concept,document,Pre-Submission,False
f69d1f8d-849e-4c43-84af-1d6aadb19433,Concept,document,Pre-Submission,False
f6eec1f1-9bdc-41ea-a810-e0695dd360b1,Concept,document,Pre-Submission,False
f723aea0-4ef8-4a60-b98e-0393f346cfbd,Concept,document,Pre-Submission,False
f74d0af7-eee2-4cdf-8279-b5494534de99,Concept,document,Pre-Submission,False
f8750186-e249-4421-8246-abb93a6a80e2,Concept,document,Pre-Submission,False
f935244b-2eac-4613-b7fa-d94d731015c5,Concept,document,Pre-Submission,False
fa23b695-abaf-4991-a36c-fd3b562bca5d,Concept,document,Pre-Submission,False
fa288f4b-d424-4cfa-8faa-c1e2b08dc009,Concept,document,Pre-Submission,False
fb5ab5b6-9802-4344-9765-bc636223a99c,Concept,document,Pre-Submission,False
fb67f194-6495-46de-b313-f37e3f77892e,Concept,document,Pre-Submission,False
fbca251b-1a37-4c01-bc0f-7a8f956e81fd,Concept,document,Pre-Submission,False
fbdc0ed1-78a9-40fb-a4ba-4d055f887373,Concept,document,Pre-Submission,False
fc8af835-194a-4fdb-a3db-750a7af79998,Concept,document,Pre-Submission,False
fd3ac48a-a385-4ba1-b26f-f078f892ccfc,Concept,document,Pre-Submission,False
fdf14feb-7061-4c29-b811-3421897765e1,Concept,document,Pre-Submission,False
fe0d0cd6-268b-42a8-a671-88f6cf199192,Concept,document,Pre-Submission,False
fe371a3a-ba6b-4f7c-83e7-60f36602e89d,Concept,document,Pre-Submission,False
0181f074-ee92-420b-822d-aedfadcd4c7d,Review,date,BN PMT Approval to Send to OMB,False
08a66d07-dfe1-4225-b3d1-cf7604909b58,Review,date,BN PMT Approval to Send to OMB,False
0977ad7f-a35c-4e4e-b50b-2f1834ad5014,Review,date,BN PMT Approval to Send to OMB,False
0a7679ae-d047-49fb-9996-9c5c497a1ad5,Review,date,BN PMT Approval to Send to OMB,False
0b11ca84-a492-41e1-9fb1-7c988da310ba,Review,date,BN PMT Approval to Send to OMB,False
0b49419b-eb17-4fb1-99e2-79f58fca2b75,Review,date,BN PMT Approval to Send to OMB,False
0fbdef7a-fb36-430d-ae8d-0d34882e1c74,Review,date,BN PMT Approval to Send to OMB,False
0fcfc81f-e55a-4374-ba2b-ec37081df6d3,Review,date,BN PMT Approval to Send to OMB,False
13fbcf4d-aaac-4d6f-9c56-1c7de963b003,Review,date,BN PMT Approval to Send to OMB,False
14c27c1b-f1a4-4c07-9999-0f2cd25078ff,Review,date,BN PMT Approval to Send to OMB,False
18bf9f77-362a-405b-849c-d2c642fcd9b4,Review,date,BN PMT Approval to Send to OMB,False
1954dc33-d848-47e8-ab15-15f3194fc715,Review,date,BN PMT Approval to Send to OMB,False
19cde612-c7fa-42bf-861e-c527ab0b5b6e,Review,date,BN PMT Approval to Send to OMB,False
1ac4f92b-8b39-4081-ab13-f12d29995ba7,Review,date,BN PMT Approval to Send to OMB,False
1b0a267d-bb05-4d13-9499-9ce34b1aff6f,Review,date,BN PMT Approval to Send to OMB,False
1b4db82b-54a7-4da0-b5ae-9d677c54a565,Review,date,BN PMT Approval to Send to OMB,False
1cd11925-91b7-4110-b62f-e26f5980e336,Review,date,BN PMT Approval to Send to OMB,False
232ce729-df65-41ad-ae63-40d269cd34aa,Review,date,BN PMT Approval to Send to OMB,False
26cf0dca-fe07-4614-9ed1-cc59bbad3c76,Review,date,BN PMT Approval to Send to OMB,False
2d38b1d0-0919-4d3c-8f42-3e6c62683b50,Review,date,BN PMT Approval to Send to OMB,False
2dc270c0-27f0-4992-8602-1fbbdcafa7b0,Review,date,BN PMT Approval to Send to OMB,False
31afe2bf-4951-4d57-99ba-6394eb5711ba,Review,date,BN PMT Approval to Send to OMB,False
349f4f06-0e6c-491c-9e39-16073e2ee0f3,Review,date,BN PMT Approval to Send to OMB,False
388ac56a-d77a-47d8-a1a9-223726638ee9,Review,date,BN PMT Approval to Send to OMB,False
3be48392-7bc2-416c-9064-516e8fbca5fd,Review,date,BN PMT Approval to Send to OMB,False
41ec9d51-efde-4812-8ea6-541a7ff514a0,Review,date,BN PMT Approval to Send to OMB,False
42526f23-48f1-49b5-9fde-d5c39fb878ce,Review,date,BN PMT Approval to Send to OMB,False
4300b588-9c0e-490d-9b7f-08074583756e,Review,date,BN PMT Approval to Send to OMB,False
43f0f178-3151-4e8f-9836-5c92522c971f,Review,date,BN PMT Approval to Send to OMB,False
47d34a19-20af-453d-ab23-0220c875f015,Review,date,BN PMT Approval to Send to OMB,False
47d57b40-32df-4108-b2f4-9371b7251603,Review,date,BN PMT Approval to Send to OMB,False
4a9b897c-da61-4e97-a8e9-e4bc2ce93e96,Review,date,BN PMT Approval to Send to OMB,False
4ac33e36-e034-4905-bc81-18c4fb117723,Review,date,BN PMT Approval to Send to OMB,False
51573012-04dc-491f-b41a-0bb4b24efec9,Review,date,BN PMT Approval to Send to OMB,False
517d3bce-f1df-4b8a-abf5-4714d5dd0e0e,Review,date,BN PMT Approval to Send to OMB,False
5c9f465d-0d82-45dc-b417-a9f37d22aeca,Review,date,BN PMT Approval to Send to OMB,False
5d2f4ed6-f0c0-4ca8-b358-0895ecec7264,Review,date,BN PMT Approval to Send to OMB,False
60ea7851-9e7e-4105-ae9d-fdf7ee9dce7a,Review,date,BN PMT Approval to Send to OMB,False
6121bb37-1f43-4709-be1d-7e2e0e1524e4,Review,date,BN PMT Approval to Send to OMB,False
656ea06b-143e-4e04-981b-cc409f142662,Review,date,BN PMT Approval to Send to OMB,False
65abf3d1-0cd4-4d40-bcce-156a76c0a035,Review,date,BN PMT Approval to Send to OMB,False
674aac2b-0390-4171-8c9d-4c1c3c03a8e6,Review,date,BN PMT Approval to Send to OMB,False
6e11e177-b4ea-45fe-8c56-0af3e9e2e1e6,Review,date,BN PMT Approval to Send to OMB,False
7113f4e2-9519-404d-bd73-191cffcaaeb7,Review,date,BN PMT Approval to Send to OMB,False
71bd7472-26c4-4cd1-a1fd-d23bc11cf9e0,Review,date,BN PMT Approval to Send to OMB,False
71e8bdde-35a5-43a0-9ebd-53cd29bb5aed,Review,date,BN PMT Approval to Send to OMB,False
7247c6cc-a4f8-422b-a0d4-eb7023de52c4,Review,date,BN PMT Approval to Send to OMB,False
72ba07e4-1073-4c30-976b-4c6d836a7afa,Review,date,BN PMT Approval to Send to OMB,False
7359cb4b-7f34-4322-9379-448e4c4a3ebf,Review,date,BN PMT Approval to Send to OMB,False
73d073a5-d31c-49c5-8e37-9edf2f970f4b,Review,date,BN PMT Approval to Send to OMB,False
76f5cfc6-aae5-470d-bdd3-9492644e3dbd,Review,date,BN PMT Approval to Send to OMB,False
77621ac9-146a-4540-bdf2-e59e63e5278d,Review,date,BN PMT Approval to Send to OMB,False
7ae1272a-e47a-4228-aae8-7855b6737052,Review,date,BN PMT Approval to Send to OMB,False
7c66762a-21ce-4e96-a766-1b705463e62c,Review,date,BN PMT Approval to Send to OMB,False
7c9256d8-ff1b-4208-a542-9c2485ea95d7,Review,date,BN PMT Approval to Send to OMB,False
7d0bd82d-b71e-48a5-885c-0e6efbccb57b,Review,date,BN PMT Approval to Send to OMB,False
7e6ad85c-4984-4a98-87e8-574a2eebdc47,Review,date,BN PMT Approval to Send to OMB,False
80a1a128-5ef0-47ba-af5a-d9bb4be2af9f,Review,date,BN PMT Approval to Send to OMB,False
83c3e37c-2043-4d84-ba05-c305d78b230b,Review,date,BN PMT Approval to Send to OMB,False
8cb9aba6-e34e-451a-81b5-49212188a3a5,Review,date,BN PMT Approval to Send to OMB,False
9125774f-80db-44ba-a2c0-9fdcbd3deef9,Review,date,BN PMT Approval to Send to OMB,False
937936aa-d1ee-4041-8200-0d2b53c7c9b1,Review,date,BN PMT Approval to Send to OMB,False
946c3779-7558-40f6-b24b-e7f1a581f2f5,Review,date,BN PMT Approval to Send to OMB,False
96bf3ad9-99db-4a02-be53-a022ee5a272a,Review,date,BN PMT Approval to Send to OMB,False
9af9da7a-22c7-483a-a78f-b785ea1841a2,Review,date,BN PMT Approval to Send to OMB,False
9e0362bb-03dd-4149-9164-5827f02feb08,Review,date,BN PMT Approval to Send to OMB,False
a0426e42-6d70-4059-b67d-0d0135a58ba8,Review,date,BN PMT Approval to Send to OMB,False
a1720a4f-5984-4b4c-b929-d10fb071ee97,Review,date,BN PMT Approval to Send to OMB,False
a4c7e4c0-c0d3-4f12-8b13-3d259379ccdc,Review,date,BN PMT Approval to Send to OMB,False
a5380e32-3927-46eb-a048-f48664ffb809,Review,date,BN PMT Approval to Send to OMB,False
a6c8c1b0-0a39-40ae-b9cc-f00018e3e41a,Review,date,BN PMT Approval to Send to OMB,False
b2b50a67-a9c7-4796-8bbb-2885202e8cf5,Review,date,BN PMT Approval to Send to OMB,False
b4397db8-6c82-4093-8872-91cbf5698efe,Review,date,BN PMT Approval to Send to OMB,False
b58d203e-fe49-446d-8872-05ee866c51bc,Review,date,BN PMT Approval to Send to OMB,False
b8ce4b5d-b2e0-49ce-9878-2f77b5da13a3,Review,date,BN PMT Approval to Send to OMB,False
b948eef7-7d1c-44a1-bce9-264e1bd1adbd,Review,date,BN PMT Approval to Send to OMB,False
b973a0b2-97a5-4846-8396-ba03f50995ef,Review,date,BN PMT Approval to Send to OMB,False
b9d64f02-8673-49dd-892f-63a63865358e,Review,date,BN PMT Approval to Send to OMB,False
bb46787a-42bc-417f-a7b8-cdef0fda771f,Review,date,BN PMT Approval to Send to OMB,False
bc2eaa99-81ce-4727-9212-2e647e4e40a1,Review,date,BN PMT Approval to Send to OMB,False
bc598f12-3acd-4021-9163-0c01c53d11dd,Review,date,BN PMT Approval to Send to OMB,False
be09c9ac-d9b9-4370-a268-d973ec0d16f5,Review,date,BN PMT Approval to Send to OMB,False
be915209-b5be-4971-8147-6e50ee5ed395,Review,date,BN PMT Approval to Send to OMB,False
bf354cb7-af95-45ad-9efa-9e9c76184a8a,Review,date,BN PMT Approval to Send to OMB,False
c018c553-bf3d-4713-97a6-5aa5d2952c59,Review,date,BN PMT Approval to Send to OMB,False
c3046e84-add8-4311-8c2b-a4b4b454c7fd,Review,date,BN PMT Approval to Send to OMB,False
c34edfa1-113c-47c3-8443-aa98f8a984c7,Review,date,BN PMT Approval to Send to OMB,False
c7c07fe5-ac27-4296-9440-13916aa30f3a,Review,date,BN PMT Approval to Send to OMB,False
cb7441d0-c691-4dfb-b98d-a2a8f4b7e81f,Review,date,BN PMT Approval to Send to OMB,False
ccf6abde-3eae-4fb9-a473-bcf38786512f,Review,date,BN PMT Approval to Send to OMB,False
cd8d6037-25d7-40a0-879c-b8d85f443f35,Review,date,BN PMT Approval to Send to OMB,False
ce6100de-f679-44c4-bd26-819ef099a5cb,Review,date,BN PMT Approval to Send to OMB,False
cfd0656a-ae45-41c2-bb82-62df6645076f,Review,date,BN PMT Approval to Send to OMB,False
d40d1207-a663-40bd-8036-287fc06ea360,Review,date,BN PMT Approval to Send to OMB,False
d6bc8012-3397-4f21-84af-61f59f658e89,Review,date,BN PMT Approval to Send to OMB,False
d74e616c-e6db-4410-9ce1-eadd02eca4e5,Review,date,BN PMT Approval to Send to OMB,False
dac3f05e-1815-4d03-8066-5aa5c1c7ff4a,Review,date,BN PMT Approval to Send to OMB,False
dcdd103d-91da-441d-bd81-3aebf0b31e37,Review,date,BN PMT Approval to Send to OMB,False
e05f17af-8550-4ebe-81d5-e3804993556c,Review,date,BN PMT Approval to Send to OMB,False
e14e3eb8-f350-403c-bee3-21868690dfe4,Review,date,BN PMT Approval to Send to OMB,False
e3b59b4d-8488-4e32-ae71-b6b3c244ef41,Review,date,BN PMT Approval to Send to OMB,False
e9225e11-2ed6-4c44-b08b-497ff585e349,Review,date,BN PMT Approval to Send to OMB,False
ec46307f-ec7b-4e65-a15e-bb1c3d360114,Review,date,BN PMT Approval to Send to OMB,False
f1ddca41-3217-44af-bcff-bc2e2fd2b710,Review,date,BN PMT Approval to Send to OMB,False
f28de1d9-0c7f-482b-be4a-37a5010395b6,Review,date,BN PMT Approval to Send to OMB,False
f641320f-8cae-452f-999f-f650d13d24ff,Review,date,BN PMT Approval to Send to OMB,False
f723aea0-4ef8-4a60-b98e-0393f346cfbd,Review,date,BN PMT Approval to Send to OMB,False
f74d0af7-eee2-4cdf-8279-b5494534de99,Review,date,BN PMT Approval to Send to OMB,False
f8750186-e249-4421-8246-abb93a6a80e2,Review,date,BN PMT Approval to Send to OMB,False
f935244b-2eac-4613-b7fa-d94d731015c5,Review,date,BN PMT Approval to Send to OMB,False
fa23b695-abaf-4991-a36c-fd3b562bca5d,Review,date,BN PMT Approval to Send to OMB,False
fb67f194-6495-46de-b313-f37e3f77892e,Review,date,BN PMT Approval to Send to OMB,False
fbca251b-1a37-4c01-bc0f-7a8f956e81fd,Review,date,BN PMT Approval to Send to OMB,False
fc8af835-194a-4fdb-a3db-750a7af79998,Review,date,BN PMT Approval to Send to OMB,False
fdf14feb-7061-4c29-b811-3421897765e1,Review,date,BN PMT Approval to Send to OMB,False
fe0d0cd6-268b-42a8-a671-88f6cf199192,Review,date,BN PMT Approval to Send to OMB,False
fe371a3a-ba6b-4f7c-83e7-60f36602e89d,Review,date,BN PMT Approval to Send to OMB,False
0181f074-ee92-420b-822d-aedfadcd4c7d,Review,date,CMS (OSORA) Clearance End,True
08a66d07-dfe1-4225-b3d1-cf7604909b58,Review,date,CMS (OSORA) Clearance End,True
0977ad7f-a35c-4e4e-b50b-2f1834ad5014,Review,date,CMS (OSORA) Clearance End,True
0a7679ae-d047-49fb-9996-9c5c497a1ad5,Review,date,CMS (OSORA) Clearance End,True
0b11ca84-a492-41e1-9fb1-7c988da310ba,Review,date,CMS (OSORA) Clearance End,True
0b49419b-eb17-4fb1-99e2-79f58fca2b75,Review,date,CMS (OSORA) Clearance End,True
0fbdef7a-fb36-430d-ae8d-0d34882e1c74,Review,date,CMS (OSORA) Clearance End,True
0fcfc81f-e55a-4374-ba2b-ec37081df6d3,Review,date,CMS (OSORA) Clearance End,True
13fbcf4d-aaac-4d6f-9c56-1c7de963b003,Review,date,CMS (OSORA) Clearance End,True
14c27c1b-f1a4-4c07-9999-0f2cd25078ff,Review,date,CMS (OSORA) Clearance End,True
18bf9f77-362a-405b-849c-d2c642fcd9b4,Review,date,CMS (OSORA) Clearance End,True
1954dc33-d848-47e8-ab15-15f3194fc715,Review,date,CMS (OSORA) Clearance End,True
19cde612-c7fa-42bf-861e-c527ab0b5b6e,Review,date,CMS (OSORA) Clearance End,True
1ac4f92b-8b39-4081-ab13-f12d29995ba7,Review,date,CMS (OSORA) Clearance End,True
1b0a267d-bb05-4d13-9499-9ce34b1aff6f,Review,date,CMS (OSORA) Clearance End,True
1b4db82b-54a7-4da0-b5ae-9d677c54a565,Review,date,CMS (OSORA) Clearance End,True
1cd11925-91b7-4110-b62f-e26f5980e336,Review,date,CMS (OSORA) Clearance End,True
232ce729-df65-41ad-ae63-40d269cd34aa,Review,date,CMS (OSORA) Clearance End,True
26cf0dca-fe07-4614-9ed1-cc59bbad3c76,Review,date,CMS (OSORA) Clearance End,True
2d38b1d0-0919-4d3c-8f42-3e6c62683b50,Review,date,CMS (OSORA) Clearance End,True
2dc270c0-27f0-4992-8602-1fbbdcafa7b0,Review,date,CMS (OSORA) Clearance End,True
31afe2bf-4951-4d57-99ba-6394eb5711ba,Review,date,CMS (OSORA) Clearance End,True
349f4f06-0e6c-491c-9e39-16073e2ee0f3,Review,date,CMS (OSORA) Clearance End,True
388ac56a-d77a-47d8-a1a9-223726638ee9,Review,date,CMS (OSORA) Clearance End,True
3be48392-7bc2-416c-9064-516e8fbca5fd,Review,date,CMS (OSORA) Clearance End,True
41ec9d51-efde-4812-8ea6-541a7ff514a0,Review,date,CMS (OSORA) Clearance End,True
42526f23-48f1-49b5-9fde-d5c39fb878ce,Review,date,CMS (OSORA) Clearance End,True
4300b588-9c0e-490d-9b7f-08074583756e,Review,date,CMS (OSORA) Clearance End,True
43f0f178-3151-4e8f-9836-5c92522c971f,Review,date,CMS (OSORA) Clearance End,True
47d34a19-20af-453d-ab23-0220c875f015,Review,date,CMS (OSORA) Clearance End,True
47d57b40-32df-4108-b2f4-9371b7251603,Review,date,CMS (OSORA) Clearance End,True
4a9b897c-da61-4e97-a8e9-e4bc2ce93e96,Review,date,CMS (OSORA) Clearance End,True
4ac33e36-e034-4905-bc81-18c4fb117723,Review,date,CMS (OSORA) Clearance End,True
51573012-04dc-491f-b41a-0bb4b24efec9,Review,date,CMS (OSORA) Clearance End,True
517d3bce-f1df-4b8a-abf5-4714d5dd0e0e,Review,date,CMS (OSORA) Clearance End,True
5c9f465d-0d82-45dc-b417-a9f37d22aeca,Review,date,CMS (OSORA) Clearance End,True
5d2f4ed6-f0c0-4ca8-b358-0895ecec7264,Review,date,CMS (OSORA) Clearance End,True
60ea7851-9e7e-4105-ae9d-fdf7ee9dce7a,Review,date,CMS (OSORA) Clearance End,True
6121bb37-1f43-4709-be1d-7e2e0e1524e4,Review,date,CMS (OSORA) Clearance End,True
656ea06b-143e-4e04-981b-cc409f142662,Review,date,CMS (OSORA) Clearance End,True
65abf3d1-0cd4-4d40-bcce-156a76c0a035,Review,date,CMS (OSORA) Clearance End,True
674aac2b-0390-4171-8c9d-4c1c3c03a8e6,Review,date,CMS (OSORA) Clearance End,True
6e11e177-b4ea-45fe-8c56-0af3e9e2e1e6,Review,date,CMS (OSORA) Clearance End,True
7113f4e2-9519-404d-bd73-191cffcaaeb7,Review,date,CMS (OSORA) Clearance End,True
71bd7472-26c4-4cd1-a1fd-d23bc11cf9e0,Review,date,CMS (OSORA) Clearance End,True
71e8bdde-35a5-43a0-9ebd-53cd29bb5aed,Review,date,CMS (OSORA) Clearance End,True
7247c6cc-a4f8-422b-a0d4-eb7023de52c4,Review,date,CMS (OSORA) Clearance End,True
72ba07e4-1073-4c30-976b-4c6d836a7afa,Review,date,CMS (OSORA) Clearance End,True
7359cb4b-7f34-4322-9379-448e4c4a3ebf,Review,date,CMS (OSORA) Clearance End,True
73d073a5-d31c-49c5-8e37-9edf2f970f4b,Review,date,CMS (OSORA) Clearance End,True
76f5cfc6-aae5-470d-bdd3-9492644e3dbd,Review,date,CMS (OSORA) Clearance End,True
77621ac9-146a-4540-bdf2-e59e63e5278d,Review,date,CMS (OSORA) Clearance End,True
7ae1272a-e47a-4228-aae8-7855b6737052,Review,date,CMS (OSORA) Clearance End,True
7c66762a-21ce-4e96-a766-1b705463e62c,Review,date,CMS (OSORA) Clearance End,True
7c9256d8-ff1b-4208-a542-9c2485ea95d7,Review,date,CMS (OSORA) Clearance End,True
7d0bd82d-b71e-48a5-885c-0e6efbccb57b,Review,date,CMS (OSORA) Clearance End,True
7e6ad85c-4984-4a98-87e8-574a2eebdc47,Review,date,CMS (OSORA) Clearance End,True
80a1a128-5ef0-47ba-af5a-d9bb4be2af9f,Review,date,CMS (OSORA) Clearance End,True
83c3e37c-2043-4d84-ba05-c305d78b230b,Review,date,CMS (OSORA) Clearance End,True
8cb9aba6-e34e-451a-81b5-49212188a3a5,Review,date,CMS (OSORA) Clearance End,True
9125774f-80db-44ba-a2c0-9fdcbd3deef9,Review,date,CMS (OSORA) Clearance End,True
937936aa-d1ee-4041-8200-0d2b53c7c9b1,Review,date,CMS (OSORA) Clearance End,True
946c3779-7558-40f6-b24b-e7f1a581f2f5,Review,date,CMS (OSORA) Clearance End,True
96bf3ad9-99db-4a02-be53-a022ee5a272a,Review,date,CMS (OSORA) Clearance End,True
9af9da7a-22c7-483a-a78f-b785ea1841a2,Review,date,CMS (OSORA) Clearance End,True
9e0362bb-03dd-4149-9164-5827f02feb08,Review,date,CMS (OSORA) Clearance End,True
a0426e42-6d70-4059-b67d-0d0135a58ba8,Review,date,CMS (OSORA) Clearance End,True
a1720a4f-5984-4b4c-b929-d10fb071ee97,Review,date,CMS (OSORA) Clearance End,True
a4c7e4c0-c0d3-4f12-8b13-3d259379ccdc,Review,date,CMS (OSORA) Clearance End,True
a5380e32-3927-46eb-a048-f48664ffb809,Review,date,CMS (OSORA) Clearance End,True
a6c8c1b0-0a39-40ae-b9cc-f00018e3e41a,Review,date,CMS (OSORA) Clearance End,True
b2b50a67-a9c7-4796-8bbb-2885202e8cf5,Review,date,CMS (OSORA) Clearance End,True
b4397db8-6c82-4093-8872-91cbf5698efe,Review,date,CMS (OSORA) Clearance End,True
b58d203e-fe49-446d-8872-05ee866c51bc,Review,date,CMS (OSORA) Clearance End,True
b8ce4b5d-b2e0-49ce-9878-2f77b5da13a3,Review,date,CMS (OSORA) Clearance End,True
b948eef7-7d1c-44a1-bce9-264e1bd1adbd,Review,date,CMS (OSORA) Clearance End,True
b973a0b2-97a5-4846-8396-ba03f50995ef,Review,date,CMS (OSORA) Clearance End,True
b9d64f02-8673-49dd-892f-63a63865358e,Review,date,CMS (OSORA) Clearance End,True
bb46787a-42bc-417f-a7b8-cdef0fda771f,Review,date,CMS (OSORA) Clearance End,True
bc2eaa99-81ce-4727-9212-2e647e4e40a1,Review,date,CMS (OSORA) Clearance End,True
bc598f12-3acd-4021-9163-0c01c53d11dd,Review,date,CMS (OSORA) Clearance End,True
be09c9ac-d9b9-4370-a268-d973ec0d16f5,Review,date,CMS (OSORA) Clearance End,True
be915209-b5be-4971-8147-6e50ee5ed395,Review,date,CMS (OSORA) Clearance End,True
bf354cb7-af95-45ad-9efa-9e9c76184a8a,Review,date,CMS (OSORA) Clearance End,True
c018c553-bf3d-4713-97a6-5aa5d2952c59,Review,date,CMS (OSORA) Clearance End,True
c3046e84-add8-4311-8c2b-a4b4b454c7fd,Review,date,CMS (OSORA) Clearance End,True
c34edfa1-113c-47c3-8443-aa98f8a984c7,Review,date,CMS (OSORA) Clearance End,True
c7c07fe5-ac27-4296-9440-13916aa30f3a,Review,date,CMS (OSORA) Clearance End,True
cb7441d0-c691-4dfb-b98d-a2a8f4b7e81f,Review,date,CMS (OSORA) Clearance End,True
ccf6abde-3eae-4fb9-a473-bcf38786512f,Review,date,CMS (OSORA) Clearance End,True
cd8d6037-25d7-40a0-879c-b8d85f443f35,Review,date,CMS (OSORA) Clearance End,True
ce6100de-f679-44c4-bd26-819ef099a5cb,Review,date,CMS (OSORA) Clearance End,True
cfd0656a-ae45-41c2-bb82-62df6645076f,Review,date,CMS (OSORA) Clearance End,True
d40d1207-a663-40bd-8036-287fc06ea360,Review,date,CMS (OSORA) Clearance End,True
d6bc8012-3397-4f21-84af-61f59f658e89,Review,date,CMS (OSORA) Clearance End,True
d74e616c-e6db-4410-9ce1-eadd02eca4e5,Review,date,CMS (OSORA) Clearance End,True
dac3f05e-1815-4d03-8066-5aa5c1c7ff4a,Review,date,CMS (OSORA) Clearance End,True
dcdd103d-91da-441d-bd81-3aebf0b31e37,Review,date,CMS (OSORA) Clearance End,True
e05f17af-8550-4ebe-81d5-e3804993556c,Review,date,CMS (OSORA) Clearance End,True
e14e3eb8-f350-403c-bee3-21868690dfe4,Review,date,CMS (OSORA) Clearance End,True
e3b59b4d-8488-4e32-ae71-b6b3c244ef41,Review,date,CMS (OSORA) Clearance End,True
e9225e11-2ed6-4c44-b08b-497ff585e349,Review,date,CMS (OSORA) Clearance End,True
ec46307f-ec7b-4e65-a15e-bb1c3d360114,Review,date,CMS (OSORA) Clearance End,True
f1ddca41-3217-44af-bcff-bc2e2fd2b710,Review,date,CMS (OSORA) Clearance End,True
f28de1d9-0c7f-482b-be4a-37a5010395b6,Review,date,CMS (OSORA) Clearance End,True
f641320f-8cae-452f-999f-f650d13d24ff,Review,date,CMS (OSORA) Clearance End,True
f723aea0-4ef8-4a60-b98e-0393f346cfbd,Review,date,CMS (OSORA) Clearance End,True
f74d0af7-eee2-4cdf-8279-b5494534de99,Review,date,CMS (OSORA) Clearance End,True
f8750186-e249-4421-8246-abb93a6a80e2,Review,date,CMS (OSORA) Clearance End,True
f935244b-2eac-4613-b7fa-d94d731015c5,Review,date,CMS (OSORA) Clearance End,True
fa23b695-abaf-4991-a36c-fd3b562bca5d,Review,date,CMS (OSORA) Clearance End,True
fb67f194-6495-46de-b313-f37e3f77892e,Review,date,CMS (OSORA) Clearance End,True
fbca251b-1a37-4c01-bc0f-7a8f956e81fd,Review,date,CMS (OSORA) Clearance End,True
fc8af835-194a-4fdb-a3db-750a7af79998,Review,date,CMS (OSORA) Clearance End,True
fdf14feb-7061-4c29-b811-3421897765e1,Review,date,CMS (OSORA) Clearance End,True
fe0d0cd6-268b-42a8-a671-88f6cf199192,Review,date,CMS (OSORA) Clearance End,True
fe371a3a-ba6b-4f7c-83e7-60f36602e89d,Review,date,CMS (OSORA) Clearance End,True
0181f074-ee92-420b-822d-aedfadcd4c7d,Review,date,DDME Approval Received,False
08a66d07-dfe1-4225-b3d1-cf7604909b58,Review,date,DDME Approval Received,False
0977ad7f-a35c-4e4e-b50b-2f1834ad5014,Review,date,DDME Approval Received,False
0a7679ae-d047-49fb-9996-9c5c497a1ad5,Review,date,DDME Approval Received,False
0b11ca84-a492-41e1-9fb1-7c988da310ba,Review,date,DDME Approval Received,False
0b49419b-eb17-4fb1-99e2-79f58fca2b75,Review,date,DDME Approval Received,False
0fbdef7a-fb36-430d-ae8d-0d34882e1c74,Review,date,DDME Approval Received,False
0fcfc81f-e55a-4374-ba2b-ec37081df6d3,Review,date,DDME Approval Received,False
13fbcf4d-aaac-4d6f-9c56-1c7de963b003,Review,date,DDME Approval Received,False
14c27c1b-f1a4-4c07-9999-0f2cd25078ff,Review,date,DDME Approval Received,False
18bf9f77-362a-405b-849c-d2c642fcd9b4,Review,date,DDME Approval Received,False
1954dc33-d848-47e8-ab15-15f3194fc715,Review,date,DDME Approval Received,False
19cde612-c7fa-42bf-861e-c527ab0b5b6e,Review,date,DDME Approval Received,False
1ac4f92b-8b39-4081-ab13-f12d29995ba7,Review,date,DDME Approval Received,False
1b0a267d-bb05-4d13-9499-9ce34b1aff6f,Review,date,DDME Approval Received,False
1b4db82b-54a7-4da0-b5ae-9d677c54a565,Review,date,DDME Approval Received,False
1cd11925-91b7-4110-b62f-e26f5980e336,Review,date,DDME Approval Received,False
232ce729-df65-41ad-ae63-40d269cd34aa,Review,date,DDME Approval Received,False
26cf0dca-fe07-4614-9ed1-cc59bbad3c76,Review,date,DDME Approval Received,False
2d38b1d0-0919-4d3c-8f42-3e6c62683b50,Review,date,DDME Approval Received,False
2dc270c0-27f0-4992-8602-1fbbdcafa7b0,Review,date,DDME Approval Received,False
31afe2bf-4951-4d57-99ba-6394eb5711ba,Review,date,DDME Approval Received,False
349f4f06-0e6c-491c-9e39-16073e2ee0f3,Review,date,DDME Approval Received,False
388ac56a-d77a-47d8-a1a9-223726638ee9,Review,date,DDME Approval Received,False
3be48392-7bc2-416c-9064-516e8fbca5fd,Review,date,DDME Approval Received,False
41ec9d51-efde-4812-8ea6-541a7ff514a0,Review,date,DDME Approval Received,False
42526f23-48f1-49b5-9fde-d5c39fb878ce,Review,date,DDME Approval Received,False
4300b588-9c0e-490d-9b7f-08074583756e,Review,date,DDME Approval Received,False
43f0f178-3151-4e8f-9836-5c92522c971f,Review,date,DDME Approval Received,False
47d34a19-20af-453d-ab23-0220c875f015,Review,date,DDME Approval Received,False
47d57b40-32df-4108-b2f4-9371b7251603,Review,date,DDME Approval Received,False
4a9b897c-da61-4e97-a8e9-e4bc2ce93e96,Review,date,DDME Approval Received,False
4ac33e36-e034-4905-bc81-18c4fb117723,Review,date,DDME Approval Received,False
51573012-04dc-491f-b41a-0bb4b24efec9,Review,date,DDME Approval Received,False
517d3bce-f1df-4b8a-abf5-4714d5dd0e0e,Review,date,DDME Approval Received,False
5c9f465d-0d82-45dc-b417-a9f37d22aeca,Review,date,DDME Approval Received,False
5d2f4ed6-f0c0-4ca8-b358-0895ecec7264,Review,date,DDME Approval Received,False
60ea7851-9e7e-4105-ae9d-fdf7ee9dce7a,Review,date,DDME Approval Received,False
6121bb37-1f43-4709-be1d-7e2e0e1524e4,Review,date,DDME Approval Received,False
656ea06b-143e-4e04-981b-cc409f142662,Review,date,DDME Approval Received,False
65abf3d1-0cd4-4d40-bcce-156a76c0a035,Review,date,DDME Approval Received,False
674aac2b-0390-4171-8c9d-4c1c3c03a8e6,Review,date,DDME Approval Received,False
6e11e177-b4ea-45fe-8c56-0af3e9e2e1e6,Review,date,DDME Approval Received,False
7113f4e2-9519-404d-bd73-191cffcaaeb7,Review,date,DDME Approval Received,False
71bd7472-26c4-4cd1-a1fd-d23bc11cf9e0,Review,date,DDME Approval Received,False
71e8bdde-35a5-43a0-9ebd-53cd29bb5aed,Review,date,DDME Approval Received,False
7247c6cc-a4f8-422b-a0d4-eb7023de52c4,Review,date,DDME Approval Received,False
72ba07e4-1073-4c30-976b-4c6d836a7afa,Review,date,DDME Approval Received,False
7359cb4b-7f34-4322-9379-448e4c4a3ebf,Review,date,DDME Approval Received,False
73d073a5-d31c-49c5-8e37-9edf2f970f4b,Review,date,DDME Approval Received,False
76f5cfc6-aae5-470d-bdd3-9492644e3dbd,Review,date,DDME Approval Received,False
77621ac9-146a-4540-bdf2-e59e63e5278d,Review,date,DDME Approval Received,False
7ae1272a-e47a-4228-aae8-7855b6737052,Review,date,DDME Approval Received,False
7c66762a-21ce-4e96-a766-1b705463e62c,Review,date,DDME Approval Received,False
7c9256d8-ff1b-4208-a542-9c2485ea95d7,Review,date,DDME Approval Received,False
7d0bd82d-b71e-48a5-885c-0e6efbccb57b,Review,date,DDME Approval Received,False
7e6ad85c-4984-4a98-87e8-574a2eebdc47,Review,date,DDME Approval Received,False
80a1a128-5ef0-47ba-af5a-d9bb4be2af9f,Review,date,DDME Approval Received,False
83c3e37c-2043-4d84-ba05-c305d78b230b,Review,date,DDME Approval Received,False
8cb9aba6-e34e-451a-81b5-49212188a3a5,Review,date,DDME Approval Received,False
9125774f-80db-44ba-a2c0-9fdcbd3deef9,Review,date,DDME Approval Received,False
937936aa-d1ee-4041-8200-0d2b53c7c9b1,Review,date,DDME Approval Received,False
946c3779-7558-40f6-b24b-e7f1a581f2f5,Review,date,DDME Approval Received,False
96bf3ad9-99db-4a02-be53-a022ee5a272a,Review,date,DDME Approval Received,False
9af9da7a-22c7-483a-a78f-b785ea1841a2,Review,date,DDME Approval Received,False
9e0362bb-03dd-4149-9164-5827f02feb08,Review,date,DDME Approval Received,False
a0426e42-6d70-4059-b67d-0d0135a58ba8,Review,date,DDME Approval Received,False
a1720a4f-5984-4b4c-b929-d10fb071ee97,Review,date,DDME Approval Received,False
a4c7e4c0-c0d3-4f12-8b13-3d259379ccdc,Review,date,DDME Approval Received,False
a5380e32-3927-46eb-a048-f48664ffb809,Review,date,DDME Approval Received,False
a6c8c1b0-0a39-40ae-b9cc-f00018e3e41a,Review,date,DDME Approval Received,False
b2b50a67-a9c7-4796-8bbb-2885202e8cf5,Review,date,DDME Approval Received,False
b4397db8-6c82-4093-8872-91cbf5698efe,Review,date,DDME Approval Received,False
b58d203e-fe49-446d-8872-05ee866c51bc,Review,date,DDME Approval Received,False
b8ce4b5d-b2e0-49ce-9878-2f77b5da13a3,Review,date,DDME Approval Received,False
b948eef7-7d1c-44a1-bce9-264e1bd1adbd,Review,date,DDME Approval Received,False
b973a0b2-97a5-4846-8396-ba03f50995ef,Review,date,DDME Approval Received,False
b9d64f02-8673-49dd-892f-63a63865358e,Review,date,DDME Approval Received,False
bb46787a-42bc-417f-a7b8-cdef0fda771f,Review,date,DDME Approval Received,False
bc2eaa99-81ce-4727-9212-2e647e4e40a1,Review,date,DDME Approval Received,False
bc598f12-3acd-4021-9163-0c01c53d11dd,Review,date,DDME Approval Received,False
be09c9ac-d9b9-4370-a268-d973ec0d16f5,Review,date,DDME Approval Received,False
be915209-b5be-4971-8147-6e50ee5ed395,Review,date,DDME Approval Received,False
bf354cb7-af95-45ad-9efa-9e9c76184a8a,Review,date,DDME Approval Received,False
c018c553-bf3d-4713-97a6-5aa5d2952c59,Review,date,DDME Approval Received,False
c3046e84-add8-4311-8c2b-a4b4b454c7fd,Review,date,DDME Approval Received,False
c34edfa1-113c-47c3-8443-aa98f8a984c7,Review,date,DDME Approval Received,False
c7c07fe5-ac27-4296-9440-13916aa30f3a,Review,date,DDME Approval Received,False
cb7441d0-c691-4dfb-b98d-a2a8f4b7e81f,Review,date,DDME Approval Received,False
ccf6abde-3eae-4fb9-a473-bcf38786512f,Review,date,DDME Approval Received,False
cd8d6037-25d7-40a0-879c-b8d85f443f35,Review,date,DDME Approval Received,False
ce6100de-f679-44c4-bd26-819ef099a5cb,Review,date,DDME Approval Received,False
cfd0656a-ae45-41c2-bb82-62df6645076f,Review,date,DDME Approval Received,False
d40d1207-a663-40bd-8036-287fc06ea360,Review,date,DDME Approval Received,False
d6bc8012-3397-4f21-84af-61f59f658e89,Review,date,DDME Approval Received,False
d74e616c-e6db-4410-9ce1-eadd02eca4e5,Review,date,DDME Approval Received,False
dac3f05e-1815-4d03-8066-5aa5c1c7ff4a,Review,date,DDME Approval Received,False
dcdd103d-91da-441d-bd81-3aebf0b31e37,Review,date,DDME Approval Received,False
e05f17af-8550-4ebe-81d5-e3804993556c,Review,date,DDME Approval Received,False
e14e3eb8-f350-403c-bee3-21868690dfe4,Review,date,DDME Approval Received,False
e3b59b4d-8488-4e32-ae71-b6b3c244ef41,Review,date,DDME Approval Received,False
e9225e11-2ed6-4c44-b08b-497ff585e349,Review,date,DDME Approval Received,False
ec46307f-ec7b-4e65-a15e-bb1c3d360114,Review,date,DDME Approval Received,False
f1ddca41-3217-44af-bcff-bc2e2fd2b710,Review,date,DDME Approval Received,False
f28de1d9-0c7f-482b-be4a-37a5010395b6,Review,date,DDME Approval Received,False
f641320f-8cae-452f-999f-f650d13d24ff,Review,date,DDME Approval Received,False
f723aea0-4ef8-4a60-b98e-0393f346cfbd,Review,date,DDME Approval Received,False
f74d0af7-eee2-4cdf-8279-b5494534de99,Review,date,DDME Approval Received,False
f8750186-e249-4421-8246-abb93a6a80e2,Review,date,DDME Approval Received,False
f935244b-2eac-4613-b7fa-d94d731015c5,Review,date,DDME Approval Received,False
fa23b695-abaf-4991-a36c-fd3b562bca5d,Review,date,DDME Approval Received,False
fb67f194-6495-46de-b313-f37e3f77892e,Review,date,DDME Approval Received,False
fbca251b-1a37-4c01-bc0f-7a8f956e81fd,Review,date,DDME Approval Received,False
fc8af835-194a-4fdb-a3db-750a7af79998,Review,date,DDME Approval Received,False
fdf14feb-7061-4c29-b811-3421897765e1,Review,date,DDME Approval Received,False
fe0d0cd6-268b-42a8-a671-88f6cf199192,Review,date,DDME Approval Received,False
fe371a3a-ba6b-4f7c-83e7-60f36602e89d,Review,date,DDME Approval Received,False
0181f074-ee92-420b-822d-aedfadcd4c7d,Review,date,Draft Approval Package Shared,False
08a66d07-dfe1-4225-b3d1-cf7604909b58,Review,date,Draft Approval Package Shared,False
0977ad7f-a35c-4e4e-b50b-2f1834ad5014,Review,date,Draft Approval Package Shared,False
0a7679ae-d047-49fb-9996-9c5c497a1ad5,Review,date,Draft Approval Package Shared,False
0b11ca84-a492-41e1-9fb1-7c988da310ba,Review,date,Draft Approval Package Shared,False
0b49419b-eb17-4fb1-99e2-79f58fca2b75,Review,date,Draft Approval Package Shared,False
0fbdef7a-fb36-430d-ae8d-0d34882e1c74,Review,date,Draft Approval Package Shared,False
0fcfc81f-e55a-4374-ba2b-ec37081df6d3,Review,date,Draft Approval Package Shared,False
13fbcf4d-aaac-4d6f-9c56-1c7de963b003,Review,date,Draft Approval Package Shared,False
14c27c1b-f1a4-4c07-9999-0f2cd25078ff,Review,date,Draft Approval Package Shared,False
18bf9f77-362a-405b-849c-d2c642fcd9b4,Review,date,Draft Approval Package Shared,False
1954dc33-d848-47e8-ab15-15f3194fc715,Review,date,Draft Approval Package Shared,False
19cde612-c7fa-42bf-861e-c527ab0b5b6e,Review,date,Draft Approval Package Shared,False
1ac4f92b-8b39-4081-ab13-f12d29995ba7,Review,date,Draft Approval Package Shared,False
1b0a267d-bb05-4d13-9499-9ce34b1aff6f,Review,date,Draft Approval Package Shared,False
1b4db82b-54a7-4da0-b5ae-9d677c54a565,Review,date,Draft Approval Package Shared,False
1cd11925-91b7-4110-b62f-e26f5980e336,Review,date,Draft Approval Package Shared,False
232ce729-df65-41ad-ae63-40d269cd34aa,Review,date,Draft Approval Package Shared,False
26cf0dca-fe07-4614-9ed1-cc59bbad3c76,Review,date,Draft Approval Package Shared,False
2d38b1d0-0919-4d3c-8f42-3e6c62683b50,Review,date,Draft Approval Package Shared,False
2dc270c0-27f0-4992-8602-1fbbdcafa7b0,Review,date,Draft Approval Package Shared,False
31afe2bf-4951-4d57-99ba-6394eb5711ba,Review,date,Draft Approval Package Shared,False
349f4f06-0e6c-491c-9e39-16073e2ee0f3,Review,date,Draft Approval Package Shared,False
388ac56a-d77a-47d8-a1a9-223726638ee9,Review,date,Draft Approval Package Shared,False
3be48392-7bc2-416c-9064-516e8fbca5fd,Review,date,Draft Approval Package Shared,False
41ec9d51-efde-4812-8ea6-541a7ff514a0,Review,date,Draft Approval Package Shared,False
42526f23-48f1-49b5-9fde-d5c39fb878ce,Review,date,Draft Approval Package Shared,False
4300b588-9c0e-490d-9b7f-08074583756e,Review,date,Draft Approval Package Shared,False
43f0f178-3151-4e8f-9836-5c92522c971f,Review,date,Draft Approval Package Shared,False
47d34a19-20af-453d-ab23-0220c875f015,Review,date,Draft Approval Package Shared,False
47d57b40-32df-4108-b2f4-9371b7251603,Review,date,Draft Approval Package Shared,False
4a9b897c-da61-4e97-a8e9-e4bc2ce93e96,Review,date,Draft Approval Package Shared,False
4ac33e36-e034-4905-bc81-18c4fb117723,Review,date,Draft Approval Package Shared,False
51573012-04dc-491f-b41a-0bb4b24efec9,Review,date,Draft Approval Package Shared,False
517d3bce-f1df-4b8a-abf5-4714d5dd0e0e,Review,date,Draft Approval Package Shared,False
5c9f465d-0d82-45dc-b417-a9f37d22aeca,Review,date,Draft Approval Package Shared,False
5d2f4ed6-f0c0-4ca8-b358-0895ecec7264,Review,date,Draft Approval Package Shared,False
60ea7851-9e7e-4105-ae9d-fdf7ee9dce7a,Review,date,Draft Approval Package Shared,False
6121bb37-1f43-4709-be1d-7e2e0e1524e4,Review,date,Draft Approval Package Shared,False
656ea06b-143e-4e04-981b-cc409f142662,Review,date,Draft Approval Package Shared,False
65abf3d1-0cd4-4d40-bcce-156a76c0a035,Review,date,Draft Approval Package Shared,False
674aac2b-0390-4171-8c9d-4c1c3c03a8e6,Review,date,Draft Approval Package Shared,False
6e11e177-b4ea-45fe-8c56-0af3e9e2e1e6,Review,date,Draft Approval Package Shared,False
7113f4e2-9519-404d-bd73-191cffcaaeb7,Review,date,Draft Approval Package Shared,False
71bd7472-26c4-4cd1-a1fd-d23bc11cf9e0,Review,date,Draft Approval Package Shared,False
71e8bdde-35a5-43a0-9ebd-53cd29bb5aed,Review,date,Draft Approval Package Shared,False
7247c6cc-a4f8-422b-a0d4-eb7023de52c4,Review,date,Draft Approval Package Shared,False
72ba07e4-1073-4c30-976b-4c6d836a7afa,Review,date,Draft Approval Package Shared,False
7359cb4b-7f34-4322-9379-448e4c4a3ebf,Review,date,Draft Approval Package Shared,False
73d073a5-d31c-49c5-8e37-9edf2f970f4b,Review,date,Draft Approval Package Shared,False
76f5cfc6-aae5-470d-bdd3-9492644e3dbd,Review,date,Draft Approval Package Shared,False
77621ac9-146a-4540-bdf2-e59e63e5278d,Review,date,Draft Approval Package Shared,False
7ae1272a-e47a-4228-aae8-7855b6737052,Review,date,Draft Approval Package Shared,False
7c66762a-21ce-4e96-a766-1b705463e62c,Review,date,Draft Approval Package Shared,False
7c9256d8-ff1b-4208-a542-9c2485ea95d7,Review,date,Draft Approval Package Shared,False
7d0bd82d-b71e-48a5-885c-0e6efbccb57b,Review,date,Draft Approval Package Shared,False
7e6ad85c-4984-4a98-87e8-574a2eebdc47,Review,date,Draft Approval Package Shared,False
80a1a128-5ef0-47ba-af5a-d9bb4be2af9f,Review,date,Draft Approval Package Shared,False
83c3e37c-2043-4d84-ba05-c305d78b230b,Review,date,Draft Approval Package Shared,False
8cb9aba6-e34e-451a-81b5-49212188a3a5,Review,date,Draft Approval Package Shared,False
9125774f-80db-44ba-a2c0-9fdcbd3deef9,Review,date,Draft Approval Package Shared,False
937936aa-d1ee-4041-8200-0d2b53c7c9b1,Review,date,Draft Approval Package Shared,False
946c3779-7558-40f6-b24b-e7f1a581f2f5,Review,date,Draft Approval Package Shared,False
96bf3ad9-99db-4a02-be53-a022ee5a272a,Review,date,Draft Approval Package Shared,False
9af9da7a-22c7-483a-a78f-b785ea1841a2,Review,date,Draft Approval Package Shared,False
9e0362bb-03dd-4149-9164-5827f02feb08,Review,date,Draft Approval Package Shared,False
a0426e42-6d70-4059-b67d-0d0135a58ba8,Review,date,Draft Approval Package Shared,False
a1720a4f-5984-4b4c-b929-d10fb071ee97,Review,date,Draft Approval Package Shared,False
a4c7e4c0-c0d3-4f12-8b13-3d259379ccdc,Review,date,Draft Approval Package Shared,False
a5380e32-3927-46eb-a048-f48664ffb809,Review,date,Draft Approval Package Shared,False
a6c8c1b0-0a39-40ae-b9cc-f00018e3e41a,Review,date,Draft Approval Package Shared,False
b2b50a67-a9c7-4796-8bbb-2885202e8cf5,Review,date,Draft Approval Package Shared,False
b4397db8-6c82-4093-8872-91cbf5698efe,Review,date,Draft Approval Package Shared,False
b58d203e-fe49-446d-8872-05ee866c51bc,Review,date,Draft Approval Package Shared,False
b8ce4b5d-b2e0-49ce-9878-2f77b5da13a3,Review,date,Draft Approval Package Shared,False
b948eef7-7d1c-44a1-bce9-264e1bd1adbd,Review,date,Draft Approval Package Shared,False
b973a0b2-97a5-4846-8396-ba03f50995ef,Review,date,Draft Approval Package Shared,False
b9d64f02-8673-49dd-892f-63a63865358e,Review,date,Draft Approval Package Shared,False
bb46787a-42bc-417f-a7b8-cdef0fda771f,Review,date,Draft Approval Package Shared,False
bc2eaa99-81ce-4727-9212-2e647e4e40a1,Review,date,Draft Approval Package Shared,False
bc598f12-3acd-4021-9163-0c01c53d11dd,Review,date,Draft Approval Package Shared,False
be09c9ac-d9b9-4370-a268-d973ec0d16f5,Review,date,Draft Approval Package Shared,False
be915209-b5be-4971-8147-6e50ee5ed395,Review,date,Draft Approval Package Shared,False
bf354cb7-af95-45ad-9efa-9e9c76184a8a,Review,date,Draft Approval Package Shared,False
c018c553-bf3d-4713-97a6-5aa5d2952c59,Review,date,Draft Approval Package Shared,False
c3046e84-add8-4311-8c2b-a4b4b454c7fd,Review,date,Draft Approval Package Shared,False
c34edfa1-113c-47c3-8443-aa98f8a984c7,Review,date,Draft Approval Package Shared,False
c7c07fe5-ac27-4296-9440-13916aa30f3a,Review,date,Draft Approval Package Shared,False
cb7441d0-c691-4dfb-b98d-a2a8f4b7e81f,Review,date,Draft Approval Package Shared,False
ccf6abde-3eae-4fb9-a473-bcf38786512f,Review,date,Draft Approval Package Shared,False
cd8d6037-25d7-40a0-879c-b8d85f443f35,Review,date,Draft Approval Package Shared,False
ce6100de-f679-44c4-bd26-819ef099a5cb,Review,date,Draft Approval Package Shared,False
cfd0656a-ae45-41c2-bb82-62df6645076f,Review,date,Draft Approval Package Shared,False
d40d1207-a663-40bd-8036-287fc06ea360,Review,date,Draft Approval Package Shared,False
d6bc8012-3397-4f21-84af-61f59f658e89,Review,date,Draft Approval Package Shared,False
d74e616c-e6db-4410-9ce1-eadd02eca4e5,Review,date,Draft Approval Package Shared,False
dac3f05e-1815-4d03-8066-5aa5c1c7ff4a,Review,date,Draft Approval Package Shared,False
dcdd103d-91da-441d-bd81-3aebf0b31e37,Review,date,Draft Approval Package Shared,False
e05f17af-8550-4ebe-81d5-e3804993556c,Review,date,Draft Approval Package Shared,False
e14e3eb8-f350-403c-bee3-21868690dfe4,Review,date,Draft Approval Package Shared,False
e3b59b4d-8488-4e32-ae71-b6b3c244ef41,Review,date,Draft Approval Package Shared,False
e9225e11-2ed6-4c44-b08b-497ff585e349,Review,date,Draft Approval Package Shared,False
ec46307f-ec7b-4e65-a15e-bb1c3d360114,Review,date,Draft Approval Package Shared,False
f1ddca41-3217-44af-bcff-bc2e2fd2b710,Review,date,Draft Approval Package Shared,False
f28de1d9-0c7f-482b-be4a-37a5010395b6,Review,date,Draft Approval Package Shared,False
f641320f-8cae-452f-999f-f650d13d24ff,Review,date,Draft Approval Package Shared,False
f723aea0-4ef8-4a60-b98e-0393f346cfbd,Review,date,Draft Approval Package Shared,False
f74d0af7-eee2-4cdf-8279-b5494534de99,Review,date,Draft Approval Package Shared,False
f8750186-e249-4421-8246-abb93a6a80e2,Review,date,Draft Approval Package Shared,False
f935244b-2eac-4613-b7fa-d94d731015c5,Review,date,Draft Approval Package Shared,False
fa23b695-abaf-4991-a36c-fd3b562bca5d,Review,date,Draft Approval Package Shared,False
fb67f194-6495-46de-b313-f37e3f77892e,Review,date,Draft Approval Package Shared,False
fbca251b-1a37-4c01-bc0f-7a8f956e81fd,Review,date,Draft Approval Package Shared,False
fc8af835-194a-4fdb-a3db-750a7af79998,Review,date,Draft Approval Package Shared,False
fdf14feb-7061-4c29-b811-3421897765e1,Review,date,Draft Approval Package Shared,False
fe0d0cd6-268b-42a8-a671-88f6cf199192,Review,date,Draft Approval Package Shared,False
fe371a3a-ba6b-4f7c-83e7-60f36602e89d,Review,date,Draft Approval Package Shared,False
0181f074-ee92-420b-822d-aedfadcd4c7d,Review,date,Draft Approval Package to Prep,False
08a66d07-dfe1-4225-b3d1-cf7604909b58,Review,date,Draft Approval Package to Prep,False
0977ad7f-a35c-4e4e-b50b-2f1834ad5014,Review,date,Draft Approval Package to Prep,False
0a7679ae-d047-49fb-9996-9c5c497a1ad5,Review,date,Draft Approval Package to Prep,False
0b11ca84-a492-41e1-9fb1-7c988da310ba,Review,date,Draft Approval Package to Prep,False
0b49419b-eb17-4fb1-99e2-79f58fca2b75,Review,date,Draft Approval Package to Prep,False
0fbdef7a-fb36-430d-ae8d-0d34882e1c74,Review,date,Draft Approval Package to Prep,False
0fcfc81f-e55a-4374-ba2b-ec37081df6d3,Review,date,Draft Approval Package to Prep,False
13fbcf4d-aaac-4d6f-9c56-1c7de963b003,Review,date,Draft Approval Package to Prep,False
14c27c1b-f1a4-4c07-9999-0f2cd25078ff,Review,date,Draft Approval Package to Prep,False
18bf9f77-362a-405b-849c-d2c642fcd9b4,Review,date,Draft Approval Package to Prep,False
1954dc33-d848-47e8-ab15-15f3194fc715,Review,date,Draft Approval Package to Prep,False
19cde612-c7fa-42bf-861e-c527ab0b5b6e,Review,date,Draft Approval Package to Prep,False
1ac4f92b-8b39-4081-ab13-f12d29995ba7,Review,date,Draft Approval Package to Prep,False
1b0a267d-bb05-4d13-9499-9ce34b1aff6f,Review,date,Draft Approval Package to Prep,False
1b4db82b-54a7-4da0-b5ae-9d677c54a565,Review,date,Draft Approval Package to Prep,False
1cd11925-91b7-4110-b62f-e26f5980e336,Review,date,Draft Approval Package to Prep,False
232ce729-df65-41ad-ae63-40d269cd34aa,Review,date,Draft Approval Package to Prep,False
26cf0dca-fe07-4614-9ed1-cc59bbad3c76,Review,date,Draft Approval Package to Prep,False
2d38b1d0-0919-4d3c-8f42-3e6c62683b50,Review,date,Draft Approval Package to Prep,False
2dc270c0-27f0-4992-8602-1fbbdcafa7b0,Review,date,Draft Approval Package to Prep,False
31afe2bf-4951-4d57-99ba-6394eb5711ba,Review,date,Draft Approval Package to Prep,False
349f4f06-0e6c-491c-9e39-16073e2ee0f3,Review,date,Draft Approval Package to Prep,False
388ac56a-d77a-47d8-a1a9-223726638ee9,Review,date,Draft Approval Package to Prep,False
3be48392-7bc2-416c-9064-516e8fbca5fd,Review,date,Draft Approval Package to Prep,False
41ec9d51-efde-4812-8ea6-541a7ff514a0,Review,date,Draft Approval Package to Prep,False
42526f23-48f1-49b5-9fde-d5c39fb878ce,Review,date,Draft Approval Package to Prep,False
4300b588-9c0e-490d-9b7f-08074583756e,Review,date,Draft Approval Package to Prep,False
43f0f178-3151-4e8f-9836-5c92522c971f,Review,date,Draft Approval Package to Prep,False
47d34a19-20af-453d-ab23-0220c875f015,Review,date,Draft Approval Package to Prep,False
47d57b40-32df-4108-b2f4-9371b7251603,Review,date,Draft Approval Package to Prep,False
4a9b897c-da61-4e97-a8e9-e4bc2ce93e96,Review,date,Draft Approval Package to Prep,False
4ac33e36-e034-4905-bc81-18c4fb117723,Review,date,Draft Approval Package to Prep,False
51573012-04dc-491f-b41a-0bb4b24efec9,Review,date,Draft Approval Package to Prep,False
517d3bce-f1df-4b8a-abf5-4714d5dd0e0e,Review,date,Draft Approval Package to Prep,False
5c9f465d-0d82-45dc-b417-a9f37d22aeca,Review,date,Draft Approval Package to Prep,False
5d2f4ed6-f0c0-4ca8-b358-0895ecec7264,Review,date,Draft Approval Package to Prep,False
60ea7851-9e7e-4105-ae9d-fdf7ee9dce7a,Review,date,Draft Approval Package to Prep,False
6121bb37-1f43-4709-be1d-7e2e0e1524e4,Review,date,Draft Approval Package to Prep,False
656ea06b-143e-4e04-981b-cc409f142662,Review,date,Draft Approval Package to Prep,False
65abf3d1-0cd4-4d40-bcce-156a76c0a035,Review,date,Draft Approval Package to Prep,False
674aac2b-0390-4171-8c9d-4c1c3c03a8e6,Review,date,Draft Approval Package to Prep,False
6e11e177-b4ea-45fe-8c56-0af3e9e2e1e6,Review,date,Draft Approval Package to Prep,False
7113f4e2-9519-404d-bd73-191cffcaaeb7,Review,date,Draft Approval Package to Prep,False
71bd7472-26c4-4cd1-a1fd-d23bc11cf9e0,Review,date,Draft Approval Package to Prep,False
71e8bdde-35a5-43a0-9ebd-53cd29bb5aed,Review,date,Draft Approval Package to Prep,False
7247c6cc-a4f8-422b-a0d4-eb7023de52c4,Review,date,Draft Approval Package to Prep,False
72ba07e4-1073-4c30-976b-4c6d836a7afa,Review,date,Draft Approval Package to Prep,False
7359cb4b-7f34-4322-9379-448e4c4a3ebf,Review,date,Draft Approval Package to Prep,False
73d073a5-d31c-49c5-8e37-9edf2f970f4b,Review,date,Draft Approval Package to Prep,False
76f5cfc6-aae5-470d-bdd3-9492644e3dbd,Review,date,Draft Approval Package to Prep,False
77621ac9-146a-4540-bdf2-e59e63e5278d,Review,date,Draft Approval Package to Prep,False
7ae1272a-e47a-4228-aae8-7855b6737052,Review,date,Draft Approval Package to Prep,False
7c66762a-21ce-4e96-a766-1b705463e62c,Review,date,Draft Approval Package to Prep,False
7c9256d8-ff1b-4208-a542-9c2485ea95d7,Review,date,Draft Approval Package to Prep,False
7d0bd82d-b71e-48a5-885c-0e6efbccb57b,Review,date,Draft Approval Package to Prep,False
7e6ad85c-4984-4a98-87e8-574a2eebdc47,Review,date,Draft Approval Package to Prep,False
80a1a128-5ef0-47ba-af5a-d9bb4be2af9f,Review,date,Draft Approval Package to Prep,False
83c3e37c-2043-4d84-ba05-c305d78b230b,Review,date,Draft Approval Package to Prep,False
8cb9aba6-e34e-451a-81b5-49212188a3a5,Review,date,Draft Approval Package to Prep,False
9125774f-80db-44ba-a2c0-9fdcbd3deef9,Review,date,Draft Approval Package to Prep,False
937936aa-d1ee-4041-8200-0d2b53c7c9b1,Review,date,Draft Approval Package to Prep,False
946c3779-7558-40f6-b24b-e7f1a581f2f5,Review,date,Draft Approval Package to Prep,False
96bf3ad9-99db-4a02-be53-a022ee5a272a,Review,date,Draft Approval Package to Prep,False
9af9da7a-22c7-483a-a78f-b785ea1841a2,Review,date,Draft Approval Package to Prep,False
9e0362bb-03dd-4149-9164-5827f02feb08,Review,date,Draft Approval Package to Prep,False
a0426e42-6d70-4059-b67d-0d0135a58ba8,Review,date,Draft Approval Package to Prep,False
a1720a4f-5984-4b4c-b929-d10fb071ee97,Review,date,Draft Approval Package to Prep,False
a4c7e4c0-c0d3-4f12-8b13-3d259379ccdc,Review,date,Draft Approval Package to Prep,False
a5380e32-3927-46eb-a048-f48664ffb809,Review,date,Draft Approval Package to Prep,False
a6c8c1b0-0a39-40ae-b9cc-f00018e3e41a,Review,date,Draft Approval Package to Prep,False
b2b50a67-a9c7-4796-8bbb-2885202e8cf5,Review,date,Draft Approval Package to Prep,False
b4397db8-6c82-4093-8872-91cbf5698efe,Review,date,Draft Approval Package to Prep,False
b58d203e-fe49-446d-8872-05ee866c51bc,Review,date,Draft Approval Package to Prep,False
b8ce4b5d-b2e0-49ce-9878-2f77b5da13a3,Review,date,Draft Approval Package to Prep,False
b948eef7-7d1c-44a1-bce9-264e1bd1adbd,Review,date,Draft Approval Package to Prep,False
b973a0b2-97a5-4846-8396-ba03f50995ef,Review,date,Draft Approval Package to Prep,False
b9d64f02-8673-49dd-892f-63a63865358e,Review,date,Draft Approval Package to Prep,False
bb46787a-42bc-417f-a7b8-cdef0fda771f,Review,date,Draft Approval Package to Prep,False
bc2eaa99-81ce-4727-9212-2e647e4e40a1,Review,date,Draft Approval Package to Prep,False
bc598f12-3acd-4021-9163-0c01c53d11dd,Review,date,Draft Approval Package to Prep,False
be09c9ac-d9b9-4370-a268-d973ec0d16f5,Review,date,Draft Approval Package to Prep,False
be915209-b5be-4971-8147-6e50ee5ed395,Review,date,Draft Approval Package to Prep,False
bf354cb7-af95-45ad-9efa-9e9c76184a8a,Review,date,Draft Approval Package to Prep,False
c018c553-bf3d-4713-97a6-5aa5d2952c59,Review,date,Draft Approval Package to Prep,False
c3046e84-add8-4311-8c2b-a4b4b454c7fd,Review,date,Draft Approval Package to Prep,False
c34edfa1-113c-47c3-8443-aa98f8a984c7,Review,date,Draft Approval Package to Prep,False
c7c07fe5-ac27-4296-9440-13916aa30f3a,Review,date,Draft Approval Package to Prep,False
cb7441d0-c691-4dfb-b98d-a2a8f4b7e81f,Review,date,Draft Approval Package to Prep,False
ccf6abde-3eae-4fb9-a473-bcf38786512f,Review,date,Draft Approval Package to Prep,False
cd8d6037-25d7-40a0-879c-b8d85f443f35,Review,date,Draft Approval Package to Prep,False
ce6100de-f679-44c4-bd26-819ef099a5cb,Review,date,Draft Approval Package to Prep,False
cfd0656a-ae45-41c2-bb82-62df6645076f,Review,date,Draft Approval Package to Prep,False
d40d1207-a663-40bd-8036-287fc06ea360,Review,date,Draft Approval Package to Prep,False
d6bc8012-3397-4f21-84af-61f59f658e89,Review,date,Draft Approval Package to Prep,False
d74e616c-e6db-4410-9ce1-eadd02eca4e5,Review,date,Draft Approval Package to Prep,False
dac3f05e-1815-4d03-8066-5aa5c1c7ff4a,Review,date,Draft Approval Package to Prep,False
dcdd103d-91da-441d-bd81-3aebf0b31e37,Review,date,Draft Approval Package to Prep,False
e05f17af-8550-4ebe-81d5-e3804993556c,Review,date,Draft Approval Package to Prep,False
e14e3eb8-f350-403c-bee3-21868690dfe4,Review,date,Draft Approval Package to Prep,False
e3b59b4d-8488-4e32-ae71-b6b3c244ef41,Review,date,Draft Approval Package to Prep,False
e9225e11-2ed6-4c44-b08b-497ff585e349,Review,date,Draft Approval Package to Prep,False
ec46307f-ec7b-4e65-a15e-bb1c3d360114,Review,date,Draft Approval Package to Prep,False
f1ddca41-3217-44af-bcff-bc2e2fd2b710,Review,date,Draft Approval Package to Prep,False
f28de1d9-0c7f-482b-be4a-37a5010395b6,Review,date,Draft Approval Package to Prep,False
f641320f-8cae-452f-999f-f650d13d24ff,Review,date,Draft Approval Package to Prep,False
f723aea0-4ef8-4a60-b98e-0393f346cfbd,Review,date,Draft Approval Package to Prep,False
f74d0af7-eee2-4cdf-8279-b5494534de99,Review,date,Draft Approval Package to Prep,False
f8750186-e249-4421-8246-abb93a6a80e2,Review,date,Draft Approval Package to Prep,False
f935244b-2eac-4613-b7fa-d94d731015c5,Review,date,Draft Approval Package to Prep,False
fa23b695-abaf-4991-a36c-fd3b562bca5d,Review,date,Draft Approval Package to Prep,False
fb67f194-6495-46de-b313-f37e3f77892e,Review,date,Draft Approval Package to Prep,False
fbca251b-1a37-4c01-bc0f-7a8f956e81fd,Review,date,Draft Approval Package to Prep,False
fc8af835-194a-4fdb-a3db-750a7af79998,Review,date,Draft Approval Package to Prep,False
fdf14feb-7061-4c29-b811-3421897765e1,Review,date,Draft Approval Package to Prep,False
fe0d0cd6-268b-42a8-a671-88f6cf199192,Review,date,Draft Approval Package to Prep,False
fe371a3a-ba6b-4f7c-83e7-60f36602e89d,Review,date,Draft Approval Package to Prep,False
0181f074-ee92-420b-822d-aedfadcd4c7d,Review,date,OGD Approval to Share with SMEs,False
08a66d07-dfe1-4225-b3d1-cf7604909b58,Review,date,OGD Approval to Share with SMEs,False
0977ad7f-a35c-4e4e-b50b-2f1834ad5014,Review,date,OGD Approval to Share with SMEs,False
0a7679ae-d047-49fb-9996-9c5c497a1ad5,Review,date,OGD Approval to Share with SMEs,False
0b11ca84-a492-41e1-9fb1-7c988da310ba,Review,date,OGD Approval to Share with SMEs,False
0b49419b-eb17-4fb1-99e2-79f58fca2b75,Review,date,OGD Approval to Share with SMEs,False
0fbdef7a-fb36-430d-ae8d-0d34882e1c74,Review,date,OGD Approval to Share with SMEs,False
0fcfc81f-e55a-4374-ba2b-ec37081df6d3,Review,date,OGD Approval to Share with SMEs,False
13fbcf4d-aaac-4d6f-9c56-1c7de963b003,Review,date,OGD Approval to Share with SMEs,False
14c27c1b-f1a4-4c07-9999-0f2cd25078ff,Review,date,OGD Approval to Share with SMEs,False
18bf9f77-362a-405b-849c-d2c642fcd9b4,Review,date,OGD Approval to Share with SMEs,False
1954dc33-d848-47e8-ab15-15f3194fc715,Review,date,OGD Approval to Share with SMEs,False
19cde612-c7fa-42bf-861e-c527ab0b5b6e,Review,date,OGD Approval to Share with SMEs,False
1ac4f92b-8b39-4081-ab13-f12d29995ba7,Review,date,OGD Approval to Share with SMEs,False
1b0a267d-bb05-4d13-9499-9ce34b1aff6f,Review,date,OGD Approval to Share with SMEs,False
1b4db82b-54a7-4da0-b5ae-9d677c54a565,Review,date,OGD Approval to Share with SMEs,False
1cd11925-91b7-4110-b62f-e26f5980e336,Review,date,OGD Approval to Share with SMEs,False
232ce729-df65-41ad-ae63-40d269cd34aa,Review,date,OGD Approval to Share with SMEs,False
26cf0dca-fe07-4614-9ed1-cc59bbad3c76,Review,date,OGD Approval to Share with SMEs,False
2d38b1d0-0919-4d3c-8f42-3e6c62683b50,Review,date,OGD Approval to Share with SMEs,False
2dc270c0-27f0-4992-8602-1fbbdcafa7b0,Review,date,OGD Approval to Share with SMEs,False
31afe2bf-4951-4d57-99ba-6394eb5711ba,Review,date,OGD Approval to Share with SMEs,False
349f4f06-0e6c-491c-9e39-16073e2ee0f3,Review,date,OGD Approval to Share with SMEs,False
388ac56a-d77a-47d8-a1a9-223726638ee9,Review,date,OGD Approval to Share with SMEs,False
3be48392-7bc2-416c-9064-516e8fbca5fd,Review,date,OGD Approval to Share with SMEs,False
41ec9d51-efde-4812-8ea6-541a7ff514a0,Review,date,OGD Approval to Share with SMEs,False
42526f23-48f1-49b5-9fde-d5c39fb878ce,Review,date,OGD Approval to Share with SMEs,False
4300b588-9c0e-490d-9b7f-08074583756e,Review,date,OGD Approval to Share with SMEs,False
43f0f178-3151-4e8f-9836-5c92522c971f,Review,date,OGD Approval to Share with SMEs,False
47d34a19-20af-453d-ab23-0220c875f015,Review,date,OGD Approval to Share with SMEs,False
47d57b40-32df-4108-b2f4-9371b7251603,Review,date,OGD Approval to Share with SMEs,False
4a9b897c-da61-4e97-a8e9-e4bc2ce93e96,Review,date,OGD Approval to Share with SMEs,False
4ac33e36-e034-4905-bc81-18c4fb117723,Review,date,OGD Approval to Share with SMEs,False
51573012-04dc-491f-b41a-0bb4b24efec9,Review,date,OGD Approval to Share with SMEs,False
517d3bce-f1df-4b8a-abf5-4714d5dd0e0e,Review,date,OGD Approval to Share with SMEs,False
5c9f465d-0d82-45dc-b417-a9f37d22aeca,Review,date,OGD Approval to Share with SMEs,False
5d2f4ed6-f0c0-4ca8-b358-0895ecec7264,Review,date,OGD Approval to Share with SMEs,False
60ea7851-9e7e-4105-ae9d-fdf7ee9dce7a,Review,date,OGD Approval to Share with SMEs,False
6121bb37-1f43-4709-be1d-7e2e0e1524e4,Review,date,OGD Approval to Share with SMEs,False
656ea06b-143e-4e04-981b-cc409f142662,Review,date,OGD Approval to Share with SMEs,False
65abf3d1-0cd4-4d40-bcce-156a76c0a035,Review,date,OGD Approval to Share with SMEs,False
674aac2b-0390-4171-8c9d-4c1c3c03a8e6,Review,date,OGD Approval to Share with SMEs,False
6e11e177-b4ea-45fe-8c56-0af3e9e2e1e6,Review,date,OGD Approval to Share with SMEs,False
7113f4e2-9519-404d-bd73-191cffcaaeb7,Review,date,OGD Approval to Share with SMEs,False
71bd7472-26c4-4cd1-a1fd-d23bc11cf9e0,Review,date,OGD Approval to Share with SMEs,False
71e8bdde-35a5-43a0-9ebd-53cd29bb5aed,Review,date,OGD Approval to Share with SMEs,False
7247c6cc-a4f8-422b-a0d4-eb7023de52c4,Review,date,OGD Approval to Share with SMEs,False
72ba07e4-1073-4c30-976b-4c6d836a7afa,Review,date,OGD Approval to Share with SMEs,False
7359cb4b-7f34-4322-9379-448e4c4a3ebf,Review,date,OGD Approval to Share with SMEs,False
73d073a5-d31c-49c5-8e37-9edf2f970f4b,Review,date,OGD Approval to Share with SMEs,False
76f5cfc6-aae5-470d-bdd3-9492644e3dbd,Review,date,OGD Approval to Share with SMEs,False
77621ac9-146a-4540-bdf2-e59e63e5278d,Review,date,OGD Approval to Share with SMEs,False
7ae1272a-e47a-4228-aae8-7855b6737052,Review,date,OGD Approval to Share with SMEs,False
7c66762a-21ce-4e96-a766-1b705463e62c,Review,date,OGD Approval to Share with SMEs,False
7c9256d8-ff1b-4208-a542-9c2485ea95d7,Review,date,OGD Approval to Share with SMEs,False
7d0bd82d-b71e-48a5-885c-0e6efbccb57b,Review,date,OGD Approval to Share with SMEs,False
7e6ad85c-4984-4a98-87e8-574a2eebdc47,Review,date,OGD Approval to Share with SMEs,False
80a1a128-5ef0-47ba-af5a-d9bb4be2af9f,Review,date,OGD Approval to Share with SMEs,False
83c3e37c-2043-4d84-ba05-c305d78b230b,Review,date,OGD Approval to Share with SMEs,False
8cb9aba6-e34e-451a-81b5-49212188a3a5,Review,date,OGD Approval to Share with SMEs,False
9125774f-80db-44ba-a2c0-9fdcbd3deef9,Review,date,OGD Approval to Share with SMEs,False
937936aa-d1ee-4041-8200-0d2b53c7c9b1,Review,date,OGD Approval to Share with SMEs,False
946c3779-7558-40f6-b24b-e7f1a581f2f5,Review,date,OGD Approval to Share with SMEs,False
96bf3ad9-99db-4a02-be53-a022ee5a272a,Review,date,OGD Approval to Share with SMEs,False
9af9da7a-22c7-483a-a78f-b785ea1841a2,Review,date,OGD Approval to Share with SMEs,False
9e0362bb-03dd-4149-9164-5827f02feb08,Review,date,OGD Approval to Share with SMEs,False
a0426e42-6d70-4059-b67d-0d0135a58ba8,Review,date,OGD Approval to Share with SMEs,False
a1720a4f-5984-4b4c-b929-d10fb071ee97,Review,date,OGD Approval to Share with SMEs,False
a4c7e4c0-c0d3-4f12-8b13-3d259379ccdc,Review,date,OGD Approval to Share with SMEs,False
a5380e32-3927-46eb-a048-f48664ffb809,Review,date,OGD Approval to Share with SMEs,False
a6c8c1b0-0a39-40ae-b9cc-f00018e3e41a,Review,date,OGD Approval to Share with SMEs,False
b2b50a67-a9c7-4796-8bbb-2885202e8cf5,Review,date,OGD Approval to Share with SMEs,False
b4397db8-6c82-4093-8872-91cbf5698efe,Review,date,OGD Approval to Share with SMEs,False
b58d203e-fe49-446d-8872-05ee866c51bc,Review,date,OGD Approval to Share with SMEs,False
b8ce4b5d-b2e0-49ce-9878-2f77b5da13a3,Review,date,OGD Approval to Share with SMEs,False
b948eef7-7d1c-44a1-bce9-264e1bd1adbd,Review,date,OGD Approval to Share with SMEs,False
b973a0b2-97a5-4846-8396-ba03f50995ef,Review,date,OGD Approval to Share with SMEs,False
b9d64f02-8673-49dd-892f-63a63865358e,Review,date,OGD Approval to Share with SMEs,False
bb46787a-42bc-417f-a7b8-cdef0fda771f,Review,date,OGD Approval to Share with SMEs,False
bc2eaa99-81ce-4727-9212-2e647e4e40a1,Review,date,OGD Approval to Share with SMEs,False
bc598f12-3acd-4021-9163-0c01c53d11dd,Review,date,OGD Approval to Share with SMEs,False
be09c9ac-d9b9-4370-a268-d973ec0d16f5,Review,date,OGD Approval to Share with SMEs,False
be915209-b5be-4971-8147-6e50ee5ed395,Review,date,OGD Approval to Share with SMEs,False
bf354cb7-af95-45ad-9efa-9e9c76184a8a,Review,date,OGD Approval to Share with SMEs,False
c018c553-bf3d-4713-97a6-5aa5d2952c59,Review,date,OGD Approval to Share with SMEs,False
c3046e84-add8-4311-8c2b-a4b4b454c7fd,Review,date,OGD Approval to Share with SMEs,False
c34edfa1-113c-47c3-8443-aa98f8a984c7,Review,date,OGD Approval to Share with SMEs,False
c7c07fe5-ac27-4296-9440-13916aa30f3a,Review,date,OGD Approval to Share with SMEs,False
cb7441d0-c691-4dfb-b98d-a2a8f4b7e81f,Review,date,OGD Approval to Share with SMEs,False
ccf6abde-3eae-4fb9-a473-bcf38786512f,Review,date,OGD Approval to Share with SMEs,False
cd8d6037-25d7-40a0-879c-b8d85f443f35,Review,date,OGD Approval to Share with SMEs,False
ce6100de-f679-44c4-bd26-819ef099a5cb,Review,date,OGD Approval to Share with SMEs,False
cfd0656a-ae45-41c2-bb82-62df6645076f,Review,date,OGD Approval to Share with SMEs,False
d40d1207-a663-40bd-8036-287fc06ea360,Review,date,OGD Approval to Share with SMEs,False
d6bc8012-3397-4f21-84af-61f59f658e89,Review,date,OGD Approval to Share with SMEs,False
d74e616c-e6db-4410-9ce1-eadd02eca4e5,Review,date,OGD Approval to Share with SMEs,False
dac3f05e-1815-4d03-8066-5aa5c1c7ff4a,Review,date,OGD Approval to Share with SMEs,False
dcdd103d-91da-441d-bd81-3aebf0b31e37,Review,date,OGD Approval to Share with SMEs,False
e05f17af-8550-4ebe-81d5-e3804993556c,Review,date,OGD Approval to Share with SMEs,False
e14e3eb8-f350-403c-bee3-21868690dfe4,Review,date,OGD Approval to Share with SMEs,False
e3b59b4d-8488-4e32-ae71-b6b3c244ef41,Review,date,OGD Approval to Share with SMEs,False
e9225e11-2ed6-4c44-b08b-497ff585e349,Review,date,OGD Approval to Share with SMEs,False
ec46307f-ec7b-4e65-a15e-bb1c3d360114,Review,date,OGD Approval to Share with SMEs,False
f1ddca41-3217-44af-bcff-bc2e2fd2b710,Review,date,OGD Approval to Share with SMEs,False
f28de1d9-0c7f-482b-be4a-37a5010395b6,Review,date,OGD Approval to Share with SMEs,False
f641320f-8cae-452f-999f-f650d13d24ff,Review,date,OGD Approval to Share with SMEs,False
f723aea0-4ef8-4a60-b98e-0393f346cfbd,Review,date,OGD Approval to Share with SMEs,False
f74d0af7-eee2-4cdf-8279-b5494534de99,Review,date,OGD Approval to Share with SMEs,False
f8750186-e249-4421-8246-abb93a6a80e2,Review,date,OGD Approval to Share with SMEs,False
f935244b-2eac-4613-b7fa-d94d731015c5,Review,date,OGD Approval to Share with SMEs,False
fa23b695-abaf-4991-a36c-fd3b562bca5d,Review,date,OGD Approval to Share with SMEs,False
fb67f194-6495-46de-b313-f37e3f77892e,Review,date,OGD Approval to Share with SMEs,False
fbca251b-1a37-4c01-bc0f-7a8f956e81fd,Review,date,OGD Approval to Share with SMEs,False
fc8af835-194a-4fdb-a3db-750a7af79998,Review,date,OGD Approval to Share with SMEs,False
fdf14feb-7061-4c29-b811-3421897765e1,Review,date,OGD Approval to Share with SMEs,False
fe0d0cd6-268b-42a8-a671-88f6cf199192,Review,date,OGD Approval to Share with SMEs,False
fe371a3a-ba6b-4f7c-83e7-60f36602e89d,Review,date,OGD Approval to Share with SMEs,False
0181f074-ee92-420b-822d-aedfadcd4c7d,Review,date,OSORA R1 Comments Due,True
08a66d07-dfe1-4225-b3d1-cf7604909b58,Review,date,OSORA R1 Comments Due,True
0977ad7f-a35c-4e4e-b50b-2f1834ad5014,Review,date,OSORA R1 Comments Due,True
0a7679ae-d047-49fb-9996-9c5c497a1ad5,Review,date,OSORA R1 Comments Due,True
0b11ca84-a492-41e1-9fb1-7c988da310ba,Review,date,OSORA R1 Comments Due,True
0b49419b-eb17-4fb1-99e2-79f58fca2b75,Review,date,OSORA R1 Comments Due,True
0fbdef7a-fb36-430d-ae8d-0d34882e1c74,Review,date,OSORA R1 Comments Due,True
0fcfc81f-e55a-4374-ba2b-ec37081df6d3,Review,date,OSORA R1 Comments Due,True
13fbcf4d-aaac-4d6f-9c56-1c7de963b003,Review,date,OSORA R1 Comments Due,True
14c27c1b-f1a4-4c07-9999-0f2cd25078ff,Review,date,OSORA R1 Comments Due,True
18bf9f77-362a-405b-849c-d2c642fcd9b4,Review,date,OSORA R1 Comments Due,True
1954dc33-d848-47e8-ab15-15f3194fc715,Review,date,OSORA R1 Comments Due,True
19cde612-c7fa-42bf-861e-c527ab0b5b6e,Review,date,OSORA R1 Comments Due,True
1ac4f92b-8b39-4081-ab13-f12d29995ba7,Review,date,OSORA R1 Comments Due,True
1b0a267d-bb05-4d13-9499-9ce34b1aff6f,Review,date,OSORA R1 Comments Due,True
1b4db82b-54a7-4da0-b5ae-9d677c54a565,Review,date,OSORA R1 Comments Due,True
1cd11925-91b7-4110-b62f-e26f5980e336,Review,date,OSORA R1 Comments Due,True
232ce729-df65-41ad-ae63-40d269cd34aa,Review,date,OSORA R1 Comments Due,True
26cf0dca-fe07-4614-9ed1-cc59bbad3c76,Review,date,OSORA R1 Comments Due,True
2d38b1d0-0919-4d3c-8f42-3e6c62683b50,Review,date,OSORA R1 Comments Due,True
2dc270c0-27f0-4992-8602-1fbbdcafa7b0,Review,date,OSORA R1 Comments Due,True
31afe2bf-4951-4d57-99ba-6394eb5711ba,Review,date,OSORA R1 Comments Due,True
349f4f06-0e6c-491c-9e39-16073e2ee0f3,Review,date,OSORA R1 Comments Due,True
388ac56a-d77a-47d8-a1a9-223726638ee9,Review,date,OSORA R1 Comments Due,True
3be48392-7bc2-416c-9064-516e8fbca5fd,Review,date,OSORA R1 Comments Due,True
41ec9d51-efde-4812-8ea6-541a7ff514a0,Review,date,OSORA R1 Comments Due,True
42526f23-48f1-49b5-9fde-d5c39fb878ce,Review,date,OSORA R1 Comments Due,True
4300b588-9c0e-490d-9b7f-08074583756e,Review,date,OSORA R1 Comments Due,True
43f0f178-3151-4e8f-9836-5c92522c971f,Review,date,OSORA R1 Comments Due,True
47d34a19-20af-453d-ab23-0220c875f015,Review,date,OSORA R1 Comments Due,True
47d57b40-32df-4108-b2f4-9371b7251603,Review,date,OSORA R1 Comments Due,True
4a9b897c-da61-4e97-a8e9-e4bc2ce93e96,Review,date,OSORA R1 Comments Due,True
4ac33e36-e034-4905-bc81-18c4fb117723,Review,date,OSORA R1 Comments Due,True
51573012-04dc-491f-b41a-0bb4b24efec9,Review,date,OSORA R1 Comments Due,True
517d3bce-f1df-4b8a-abf5-4714d5dd0e0e,Review,date,OSORA R1 Comments Due,True
5c9f465d-0d82-45dc-b417-a9f37d22aeca,Review,date,OSORA R1 Comments Due,True
5d2f4ed6-f0c0-4ca8-b358-0895ecec7264,Review,date,OSORA R1 Comments Due,True
60ea7851-9e7e-4105-ae9d-fdf7ee9dce7a,Review,date,OSORA R1 Comments Due,True
6121bb37-1f43-4709-be1d-7e2e0e1524e4,Review,date,OSORA R1 Comments Due,True
656ea06b-143e-4e04-981b-cc409f142662,Review,date,OSORA R1 Comments Due,True
65abf3d1-0cd4-4d40-bcce-156a76c0a035,Review,date,OSORA R1 Comments Due,True
674aac2b-0390-4171-8c9d-4c1c3c03a8e6,Review,date,OSORA R1 Comments Due,True
6e11e177-b4ea-45fe-8c56-0af3e9e2e1e6,Review,date,OSORA R1 Comments Due,True
7113f4e2-9519-404d-bd73-191cffcaaeb7,Review,date,OSORA R1 Comments Due,True
71bd7472-26c4-4cd1-a1fd-d23bc11cf9e0,Review,date,OSORA R1 Comments Due,True
71e8bdde-35a5-43a0-9ebd-53cd29bb5aed,Review,date,OSORA R1 Comments Due,True
7247c6cc-a4f8-422b-a0d4-eb7023de52c4,Review,date,OSORA R1 Comments Due,True
72ba07e4-1073-4c30-976b-4c6d836a7afa,Review,date,OSORA R1 Comments Due,True
7359cb4b-7f34-4322-9379-448e4c4a3ebf,Review,date,OSORA R1 Comments Due,True
73d073a5-d31c-49c5-8e37-9edf2f970f4b,Review,date,OSORA R1 Comments Due,True
76f5cfc6-aae5-470d-bdd3-9492644e3dbd,Review,date,OSORA R1 Comments Due,True
77621ac9-146a-4540-bdf2-e59e63e5278d,Review,date,OSORA R1 Comments Due,True
7ae1272a-e47a-4228-aae8-7855b6737052,Review,date,OSORA R1 Comments Due,True
7c66762a-21ce-4e96-a766-1b705463e62c,Review,date,OSORA R1 Comments Due,True
7c9256d8-ff1b-4208-a542-9c2485ea95d7,Review,date,OSORA R1 Comments Due,True
7d0bd82d-b71e-48a5-885c-0e6efbccb57b,Review,date,OSORA R1 Comments Due,True
7e6ad85c-4984-4a98-87e8-574a2eebdc47,Review,date,OSORA R1 Comments Due,True
80a1a128-5ef0-47ba-af5a-d9bb4be2af9f,Review,date,OSORA R1 Comments Due,True
83c3e37c-2043-4d84-ba05-c305d78b230b,Review,date,OSORA R1 Comments Due,True
8cb9aba6-e34e-451a-81b5-49212188a3a5,Review,date,OSORA R1 Comments Due,True
9125774f-80db-44ba-a2c0-9fdcbd3deef9,Review,date,OSORA R1 Comments Due,True
937936aa-d1ee-4041-8200-0d2b53c7c9b1,Review,date,OSORA R1 Comments Due,True
946c3779-7558-40f6-b24b-e7f1a581f2f5,Review,date,OSORA R1 Comments Due,True
96bf3ad9-99db-4a02-be53-a022ee5a272a,Review,date,OSORA R1 Comments Due,True
9af9da7a-22c7-483a-a78f-b785ea1841a2,Review,date,OSORA R1 Comments Due,True
9e0362bb-03dd-4149-9164-5827f02feb08,Review,date,OSORA R1 Comments Due,True
a0426e42-6d70-4059-b67d-0d0135a58ba8,Review,date,OSORA R1 Comments Due,True
a1720a4f-5984-4b4c-b929-d10fb071ee97,Review,date,OSORA R1 Comments Due,True
a4c7e4c0-c0d3-4f12-8b13-3d259379ccdc,Review,date,OSORA R1 Comments Due,True
a5380e32-3927-46eb-a048-f48664ffb809,Review,date,OSORA R1 Comments Due,True
a6c8c1b0-0a39-40ae-b9cc-f00018e3e41a,Review,date,OSORA R1 Comments Due,True
b2b50a67-a9c7-4796-8bbb-2885202e8cf5,Review,date,OSORA R1 Comments Due,True
b4397db8-6c82-4093-8872-91cbf5698efe,Review,date,OSORA R1 Comments Due,True
b58d203e-fe49-446d-8872-05ee866c51bc,Review,date,OSORA R1 Comments Due,True
b8ce4b5d-b2e0-49ce-9878-2f77b5da13a3,Review,date,OSORA R1 Comments Due,True
b948eef7-7d1c-44a1-bce9-264e1bd1adbd,Review,date,OSORA R1 Comments Due,True
b973a0b2-97a5-4846-8396-ba03f50995ef,Review,date,OSORA R1 Comments Due,True
b9d64f02-8673-49dd-892f-63a63865358e,Review,date,OSORA R1 Comments Due,True
bb46787a-42bc-417f-a7b8-cdef0fda771f,Review,date,OSORA R1 Comments Due,True
bc2eaa99-81ce-4727-9212-2e647e4e40a1,Review,date,OSORA R1 Comments Due,True
bc598f12-3acd-4021-9163-0c01c53d11dd,Review,date,OSORA R1 Comments Due,True
be09c9ac-d9b9-4370-a268-d973ec0d16f5,Review,date,OSORA R1 Comments Due,True
be915209-b5be-4971-8147-6e50ee5ed395,Review,date,OSORA R1 Comments Due,True
bf354cb7-af95-45ad-9efa-9e9c76184a8a,Review,date,OSORA R1 Comments Due,True
c018c553-bf3d-4713-97a6-5aa5d2952c59,Review,date,OSORA R1 Comments Due,True
c3046e84-add8-4311-8c2b-a4b4b454c7fd,Review,date,OSORA R1 Comments Due,True
c34edfa1-113c-47c3-8443-aa98f8a984c7,Review,date,OSORA R1 Comments Due,True
c7c07fe5-ac27-4296-9440-13916aa30f3a,Review,date,OSORA R1 Comments Due,True
cb7441d0-c691-4dfb-b98d-a2a8f4b7e81f,Review,date,OSORA R1 Comments Due,True
ccf6abde-3eae-4fb9-a473-bcf38786512f,Review,date,OSORA R1 Comments Due,True
cd8d6037-25d7-40a0-879c-b8d85f443f35,Review,date,OSORA R1 Comments Due,True
ce6100de-f679-44c4-bd26-819ef099a5cb,Review,date,OSORA R1 Comments Due,True
cfd0656a-ae45-41c2-bb82-62df6645076f,Review,date,OSORA R1 Comments Due,True
d40d1207-a663-40bd-8036-287fc06ea360,Review,date,OSORA R1 Comments Due,True
d6bc8012-3397-4f21-84af-61f59f658e89,Review,date,OSORA R1 Comments Due,True
d74e616c-e6db-4410-9ce1-eadd02eca4e5,Review,date,OSORA R1 Comments Due,True
dac3f05e-1815-4d03-8066-5aa5c1c7ff4a,Review,date,OSORA R1 Comments Due,True
dcdd103d-91da-441d-bd81-3aebf0b31e37,Review,date,OSORA R1 Comments Due,True
e05f17af-8550-4ebe-81d5-e3804993556c,Review,date,OSORA R1 Comments Due,True
e14e3eb8-f350-403c-bee3-21868690dfe4,Review,date,OSORA R1 Comments Due,True
e3b59b4d-8488-4e32-ae71-b6b3c244ef41,Review,date,OSORA R1 Comments Due,True
e9225e11-2ed6-4c44-b08b-497ff585e349,Review,date,OSORA R1 Comments Due,True
ec46307f-ec7b-4e65-a15e-bb1c3d360114,Review,date,OSORA R1 Comments Due,True
f1ddca41-3217-44af-bcff-bc2e2fd2b710,Review,date,OSORA R1 Comments Due,True
f28de1d9-0c7f-482b-be4a-37a5010395b6,Review,date,OSORA R1 Comments Due,True
f641320f-8cae-452f-999f-f650d13d24ff,Review,date,OSORA R1 Comments Due,True
f723aea0-4ef8-4a60-b98e-0393f346cfbd,Review,date,OSORA R1 Comments Due,True
f74d0af7-eee2-4cdf-8279-b5494534de99,Review,date,OSORA R1 Comments Due,True
f8750186-e249-4421-8246-abb93a6a80e2,Review,date,OSORA R1 Comments Due,True
f935244b-2eac-4613-b7fa-d94d731015c5,Review,date,OSORA R1 Comments Due,True
fa23b695-abaf-4991-a36c-fd3b562bca5d,Review,date,OSORA R1 Comments Due,True
fb67f194-6495-46de-b313-f37e3f77892e,Review,date,OSORA R1 Comments Due,True
fbca251b-1a37-4c01-bc0f-7a8f956e81fd,Review,date,OSORA R1 Comments Due,True
fc8af835-194a-4fdb-a3db-750a7af79998,Review,date,OSORA R1 Comments Due,True
fdf14feb-7061-4c29-b811-3421897765e1,Review,date,OSORA R1 Comments Due,True
fe0d0cd6-268b-42a8-a671-88f6cf199192,Review,date,OSORA R1 Comments Due,True
fe371a3a-ba6b-4f7c-83e7-60f36602e89d,Review,date,OSORA R1 Comments Due,True
0181f074-ee92-420b-822d-aedfadcd4c7d,Review,date,OSORA R2 Comments Due,True
08a66d07-dfe1-4225-b3d1-cf7604909b58,Review,date,OSORA R2 Comments Due,True
0977ad7f-a35c-4e4e-b50b-2f1834ad5014,Review,date,OSORA R2 Comments Due,True
0a7679ae-d047-49fb-9996-9c5c497a1ad5,Review,date,OSORA R2 Comments Due,True
0b11ca84-a492-41e1-9fb1-7c988da310ba,Review,date,OSORA R2 Comments Due,True
0b49419b-eb17-4fb1-99e2-79f58fca2b75,Review,date,OSORA R2 Comments Due,True
0fbdef7a-fb36-430d-ae8d-0d34882e1c74,Review,date,OSORA R2 Comments Due,True
0fcfc81f-e55a-4374-ba2b-ec37081df6d3,Review,date,OSORA R2 Comments Due,True
13fbcf4d-aaac-4d6f-9c56-1c7de963b003,Review,date,OSORA R2 Comments Due,True
14c27c1b-f1a4-4c07-9999-0f2cd25078ff,Review,date,OSORA R2 Comments Due,True
18bf9f77-362a-405b-849c-d2c642fcd9b4,Review,date,OSORA R2 Comments Due,True
1954dc33-d848-47e8-ab15-15f3194fc715,Review,date,OSORA R2 Comments Due,True
19cde612-c7fa-42bf-861e-c527ab0b5b6e,Review,date,OSORA R2 Comments Due,True
1ac4f92b-8b39-4081-ab13-f12d29995ba7,Review,date,OSORA R2 Comments Due,True
1b0a267d-bb05-4d13-9499-9ce34b1aff6f,Review,date,OSORA R2 Comments Due,True
1b4db82b-54a7-4da0-b5ae-9d677c54a565,Review,date,OSORA R2 Comments Due,True
1cd11925-91b7-4110-b62f-e26f5980e336,Review,date,OSORA R2 Comments Due,True
232ce729-df65-41ad-ae63-40d269cd34aa,Review,date,OSORA R2 Comments Due,True
26cf0dca-fe07-4614-9ed1-cc59bbad3c76,Review,date,OSORA R2 Comments Due,True
2d38b1d0-0919-4d3c-8f42-3e6c62683b50,Review,date,OSORA R2 Comments Due,True
2dc270c0-27f0-4992-8602-1fbbdcafa7b0,Review,date,OSORA R2 Comments Due,True
31afe2bf-4951-4d57-99ba-6394eb5711ba,Review,date,OSORA R2 Comments Due,True
349f4f06-0e6c-491c-9e39-16073e2ee0f3,Review,date,OSORA R2 Comments Due,True
388ac56a-d77a-47d8-a1a9-223726638ee9,Review,date,OSORA R2 Comments Due,True
3be48392-7bc2-416c-9064-516e8fbca5fd,Review,date,OSORA R2 Comments Due,True
41ec9d51-efde-4812-8ea6-541a7ff514a0,Review,date,OSORA R2 Comments Due,True
42526f23-48f1-49b5-9fde-d5c39fb878ce,Review,date,OSORA R2 Comments Due,True
4300b588-9c0e-490d-9b7f-08074583756e,Review,date,OSORA R2 Comments Due,True
43f0f178-3151-4e8f-9836-5c92522c971f,Review,date,OSORA R2 Comments Due,True
47d34a19-20af-453d-ab23-0220c875f015,Review,date,OSORA R2 Comments Due,True
47d57b40-32df-4108-b2f4-9371b7251603,Review,date,OSORA R2 Comments Due,True
4a9b897c-da61-4e97-a8e9-e4bc2ce93e96,Review,date,OSORA R2 Comments Due,True
4ac33e36-e034-4905-bc81-18c4fb117723,Review,date,OSORA R2 Comments Due,True
51573012-04dc-491f-b41a-0bb4b24efec9,Review,date,OSORA R2 Comments Due,True
517d3bce-f1df-4b8a-abf5-4714d5dd0e0e,Review,date,OSORA R2 Comments Due,True
5c9f465d-0d82-45dc-b417-a9f37d22aeca,Review,date,OSORA R2 Comments Due,True
5d2f4ed6-f0c0-4ca8-b358-0895ecec7264,Review,date,OSORA R2 Comments Due,True
60ea7851-9e7e-4105-ae9d-fdf7ee9dce7a,Review,date,OSORA R2 Comments Due,True
6121bb37-1f43-4709-be1d-7e2e0e1524e4,Review,date,OSORA R2 Comments Due,True
656ea06b-143e-4e04-981b-cc409f142662,Review,date,OSORA R2 Comments Due,True
65abf3d1-0cd4-4d40-bcce-156a76c0a035,Review,date,OSORA R2 Comments Due,True
674aac2b-0390-4171-8c9d-4c1c3c03a8e6,Review,date,OSORA R2 Comments Due,True
6e11e177-b4ea-45fe-8c56-0af3e9e2e1e6,Review,date,OSORA R2 Comments Due,True
7113f4e2-9519-404d-bd73-191cffcaaeb7,Review,date,OSORA R2 Comments Due,True
71bd7472-26c4-4cd1-a1fd-d23bc11cf9e0,Review,date,OSORA R2 Comments Due,True
71e8bdde-35a5-43a0-9ebd-53cd29bb5aed,Review,date,OSORA R2 Comments Due,True
7247c6cc-a4f8-422b-a0d4-eb7023de52c4,Review,date,OSORA R2 Comments Due,True
72ba07e4-1073-4c30-976b-4c6d836a7afa,Review,date,OSORA R2 Comments Due,True
7359cb4b-7f34-4322-9379-448e4c4a3ebf,Review,date,OSORA R2 Comments Due,True
73d073a5-d31c-49c5-8e37-9edf2f970f4b,Review,date,OSORA R2 Comments Due,True
76f5cfc6-aae5-470d-bdd3-9492644e3dbd,Review,date,OSORA R2 Comments Due,True
77621ac9-146a-4540-bdf2-e59e63e5278d,Review,date,OSORA R2 Comments Due,True
7ae1272a-e47a-4228-aae8-7855b6737052,Review,date,OSORA R2 Comments Due,True
7c66762a-21ce-4e96-a766-1b705463e62c,Review,date,OSORA R2 Comments Due,True
7c9256d8-ff1b-4208-a542-9c2485ea95d7,Review,date,OSORA R2 Comments Due,True
7d0bd82d-b71e-48a5-885c-0e6efbccb57b,Review,date,OSORA R2 Comments Due,True
7e6ad85c-4984-4a98-87e8-574a2eebdc47,Review,date,OSORA R2 Comments Due,True
80a1a128-5ef0-47ba-af5a-d9bb4be2af9f,Review,date,OSORA R2 Comments Due,True
83c3e37c-2043-4d84-ba05-c305d78b230b,Review,date,OSORA R2 Comments Due,True
8cb9aba6-e34e-451a-81b5-49212188a3a5,Review,date,OSORA R2 Comments Due,True
9125774f-80db-44ba-a2c0-9fdcbd3deef9,Review,date,OSORA R2 Comments Due,True
937936aa-d1ee-4041-8200-0d2b53c7c9b1,Review,date,OSORA R2 Comments Due,True
946c3779-7558-40f6-b24b-e7f1a581f2f5,Review,date,OSORA R2 Comments Due,True
96bf3ad9-99db-4a02-be53-a022ee5a272a,Review,date,OSORA R2 Comments Due,True
9af9da7a-22c7-483a-a78f-b785ea1841a2,Review,date,OSORA R2 Comments Due,True
9e0362bb-03dd-4149-9164-5827f02feb08,Review,date,OSORA R2 Comments Due,True
a0426e42-6d70-4059-b67d-0d0135a58ba8,Review,date,OSORA R2 Comments Due,True
a1720a4f-5984-4b4c-b929-d10fb071ee97,Review,date,OSORA R2 Comments Due,True
a4c7e4c0-c0d3-4f12-8b13-3d259379ccdc,Review,date,OSORA R2 Comments Due,True
a5380e32-3927-46eb-a048-f48664ffb809,Review,date,OSORA R2 Comments Due,True
a6c8c1b0-0a39-40ae-b9cc-f00018e3e41a,Review,date,OSORA R2 Comments Due,True
b2b50a67-a9c7-4796-8bbb-2885202e8cf5,Review,date,OSORA R2 Comments Due,True
b4397db8-6c82-4093-8872-91cbf5698efe,Review,date,OSORA R2 Comments Due,True
b58d203e-fe49-446d-8872-05ee866c51bc,Review,date,OSORA R2 Comments Due,True
b8ce4b5d-b2e0-49ce-9878-2f77b5da13a3,Review,date,OSORA R2 Comments Due,True
b948eef7-7d1c-44a1-bce9-264e1bd1adbd,Review,date,OSORA R2 Comments Due,True
b973a0b2-97a5-4846-8396-ba03f50995ef,Review,date,OSORA R2 Comments Due,True
b9d64f02-8673-49dd-892f-63a63865358e,Review,date,OSORA R2 Comments Due,True
bb46787a-42bc-417f-a7b8-cdef0fda771f,Review,date,OSORA R2 Comments Due,True
bc2eaa99-81ce-4727-9212-2e647e4e40a1,Review,date,OSORA R2 Comments Due,True
bc598f12-3acd-4021-9163-0c01c53d11dd,Review,date,OSORA R2 Comments Due,True
be09c9ac-d9b9-4370-a268-d973ec0d16f5,Review,date,OSORA R2 Comments Due,True
be915209-b5be-4971-8147-6e50ee5ed395,Review,date,OSORA R2 Comments Due,True
bf354cb7-af95-45ad-9efa-9e9c76184a8a,Review,date,OSORA R2 Comments Due,True
c018c553-bf3d-4713-97a6-5aa5d2952c59,Review,date,OSORA R2 Comments Due,True
c3046e84-add8-4311-8c2b-a4b4b454c7fd,Review,date,OSORA R2 Comments Due,True
c34edfa1-113c-47c3-8443-aa98f8a984c7,Review,date,OSORA R2 Comments Due,True
c7c07fe5-ac27-4296-9440-13916aa30f3a,Review,date,OSORA R2 Comments Due,True
cb7441d0-c691-4dfb-b98d-a2a8f4b7e81f,Review,date,OSORA R2 Comments Due,True
ccf6abde-3eae-4fb9-a473-bcf38786512f,Review,date,OSORA R2 Comments Due,True
cd8d6037-25d7-40a0-879c-b8d85f443f35,Review,date,OSORA R2 Comments Due,True
ce6100de-f679-44c4-bd26-819ef099a5cb,Review,date,OSORA R2 Comments Due,True
cfd0656a-ae45-41c2-bb82-62df6645076f,Review,date,OSORA R2 Comments Due,True
d40d1207-a663-40bd-8036-287fc06ea360,Review,date,OSORA R2 Comments Due,True
d6bc8012-3397-4f21-84af-61f59f658e89,Review,date,OSORA R2 Comments Due,True
d74e616c-e6db-4410-9ce1-eadd02eca4e5,Review,date,OSORA R2 Comments Due,True
dac3f05e-1815-4d03-8066-5aa5c1c7ff4a,Review,date,OSORA R2 Comments Due,True
dcdd103d-91da-441d-bd81-3aebf0b31e37,Review,date,OSORA R2 Comments Due,True
e05f17af-8550-4ebe-81d5-e3804993556c,Review,date,OSORA R2 Comments Due,True
e14e3eb8-f350-403c-bee3-21868690dfe4,Review,date,OSORA R2 Comments Due,True
e3b59b4d-8488-4e32-ae71-b6b3c244ef41,Review,date,OSORA R2 Comments Due,True
e9225e11-2ed6-4c44-b08b-497ff585e349,Review,date,OSORA R2 Comments Due,True
ec46307f-ec7b-4e65-a15e-bb1c3d360114,Review,date,OSORA R2 Comments Due,True
f1ddca41-3217-44af-bcff-bc2e2fd2b710,Review,date,OSORA R2 Comments Due,True
f28de1d9-0c7f-482b-be4a-37a5010395b6,Review,date,OSORA R2 Comments Due,True
f641320f-8cae-452f-999f-f650d13d24ff,Review,date,OSORA R2 Comments Due,True
f723aea0-4ef8-4a60-b98e-0393f346cfbd,Review,date,OSORA R2 Comments Due,True
f74d0af7-eee2-4cdf-8279-b5494534de99,Review,date,OSORA R2 Comments Due,True
f8750186-e249-4421-8246-abb93a6a80e2,Review,date,OSORA R2 Comments Due,True
f935244b-2eac-4613-b7fa-d94d731015c5,Review,date,OSORA R2 Comments Due,True
fa23b695-abaf-4991-a36c-fd3b562bca5d,Review,date,OSORA R2 Comments Due,True
fb67f194-6495-46de-b313-f37e3f77892e,Review,date,OSORA R2 Comments Due,True
fbca251b-1a37-4c01-bc0f-7a8f956e81fd,Review,date,OSORA R2 Comments Due,True
fc8af835-194a-4fdb-a3db-750a7af79998,Review,date,OSORA R2 Comments Due,True
fdf14feb-7061-4c29-b811-3421897765e1,Review,date,OSORA R2 Comments Due,True
fe0d0cd6-268b-42a8-a671-88f6cf199192,Review,date,OSORA R2 Comments Due,True
fe371a3a-ba6b-4f7c-83e7-60f36602e89d,Review,date,OSORA R2 Comments Due,True
0181f074-ee92-420b-822d-aedfadcd4c7d,Review,date,Receive OGC Legal Clearance,False
08a66d07-dfe1-4225-b3d1-cf7604909b58,Review,date,Receive OGC Legal Clearance,False
0977ad7f-a35c-4e4e-b50b-2f1834ad5014,Review,date,Receive OGC Legal Clearance,False
0a7679ae-d047-49fb-9996-9c5c497a1ad5,Review,date,Receive OGC Legal Clearance,False
0b11ca84-a492-41e1-9fb1-7c988da310ba,Review,date,Receive OGC Legal Clearance,False
0b49419b-eb17-4fb1-99e2-79f58fca2b75,Review,date,Receive OGC Legal Clearance,False
0fbdef7a-fb36-430d-ae8d-0d34882e1c74,Review,date,Receive OGC Legal Clearance,False
0fcfc81f-e55a-4374-ba2b-ec37081df6d3,Review,date,Receive OGC Legal Clearance,False
13fbcf4d-aaac-4d6f-9c56-1c7de963b003,Review,date,Receive OGC Legal Clearance,False
14c27c1b-f1a4-4c07-9999-0f2cd25078ff,Review,date,Receive OGC Legal Clearance,False
18bf9f77-362a-405b-849c-d2c642fcd9b4,Review,date,Receive OGC Legal Clearance,False
1954dc33-d848-47e8-ab15-15f3194fc715,Review,date,Receive OGC Legal Clearance,False
19cde612-c7fa-42bf-861e-c527ab0b5b6e,Review,date,Receive OGC Legal Clearance,False
1ac4f92b-8b39-4081-ab13-f12d29995ba7,Review,date,Receive OGC Legal Clearance,False
1b0a267d-bb05-4d13-9499-9ce34b1aff6f,Review,date,Receive OGC Legal Clearance,False
1b4db82b-54a7-4da0-b5ae-9d677c54a565,Review,date,Receive OGC Legal Clearance,False
1cd11925-91b7-4110-b62f-e26f5980e336,Review,date,Receive OGC Legal Clearance,False
232ce729-df65-41ad-ae63-40d269cd34aa,Review,date,Receive OGC Legal Clearance,False
26cf0dca-fe07-4614-9ed1-cc59bbad3c76,Review,date,Receive OGC Legal Clearance,False
2d38b1d0-0919-4d3c-8f42-3e6c62683b50,Review,date,Receive OGC Legal Clearance,False
2dc270c0-27f0-4992-8602-1fbbdcafa7b0,Review,date,Receive OGC Legal Clearance,False
31afe2bf-4951-4d57-99ba-6394eb5711ba,Review,date,Receive OGC Legal Clearance,False
349f4f06-0e6c-491c-9e39-16073e2ee0f3,Review,date,Receive OGC Legal Clearance,False
388ac56a-d77a-47d8-a1a9-223726638ee9,Review,date,Receive OGC Legal Clearance,False
3be48392-7bc2-416c-9064-516e8fbca5fd,Review,date,Receive OGC Legal Clearance,False
41ec9d51-efde-4812-8ea6-541a7ff514a0,Review,date,Receive OGC Legal Clearance,False
42526f23-48f1-49b5-9fde-d5c39fb878ce,Review,date,Receive OGC Legal Clearance,False
4300b588-9c0e-490d-9b7f-08074583756e,Review,date,Receive OGC Legal Clearance,False
43f0f178-3151-4e8f-9836-5c92522c971f,Review,date,Receive OGC Legal Clearance,False
47d34a19-20af-453d-ab23-0220c875f015,Review,date,Receive OGC Legal Clearance,False
47d57b40-32df-4108-b2f4-9371b7251603,Review,date,Receive OGC Legal Clearance,False
4a9b897c-da61-4e97-a8e9-e4bc2ce93e96,Review,date,Receive OGC Legal Clearance,False
4ac33e36-e034-4905-bc81-18c4fb117723,Review,date,Receive OGC Legal Clearance,False
51573012-04dc-491f-b41a-0bb4b24efec9,Review,date,Receive OGC Legal Clearance,False
517d3bce-f1df-4b8a-abf5-4714d5dd0e0e,Review,date,Receive OGC Legal Clearance,False
5c9f465d-0d82-45dc-b417-a9f37d22aeca,Review,date,Receive OGC Legal Clearance,False
5d2f4ed6-f0c0-4ca8-b358-0895ecec7264,Review,date,Receive OGC Legal Clearance,False
60ea7851-9e7e-4105-ae9d-fdf7ee9dce7a,Review,date,Receive OGC Legal Clearance,False
6121bb37-1f43-4709-be1d-7e2e0e1524e4,Review,date,Receive OGC Legal Clearance,False
656ea06b-143e-4e04-981b-cc409f142662,Review,date,Receive OGC Legal Clearance,False
65abf3d1-0cd4-4d40-bcce-156a76c0a035,Review,date,Receive OGC Legal Clearance,False
674aac2b-0390-4171-8c9d-4c1c3c03a8e6,Review,date,Receive OGC Legal Clearance,False
6e11e177-b4ea-45fe-8c56-0af3e9e2e1e6,Review,date,Receive OGC Legal Clearance,False
7113f4e2-9519-404d-bd73-191cffcaaeb7,Review,date,Receive OGC Legal Clearance,False
71bd7472-26c4-4cd1-a1fd-d23bc11cf9e0,Review,date,Receive OGC Legal Clearance,False
71e8bdde-35a5-43a0-9ebd-53cd29bb5aed,Review,date,Receive OGC Legal Clearance,False
7247c6cc-a4f8-422b-a0d4-eb7023de52c4,Review,date,Receive OGC Legal Clearance,False
72ba07e4-1073-4c30-976b-4c6d836a7afa,Review,date,Receive OGC Legal Clearance,False
7359cb4b-7f34-4322-9379-448e4c4a3ebf,Review,date,Receive OGC Legal Clearance,False
73d073a5-d31c-49c5-8e37-9edf2f970f4b,Review,date,Receive OGC Legal Clearance,False
76f5cfc6-aae5-470d-bdd3-9492644e3dbd,Review,date,Receive OGC Legal Clearance,False
77621ac9-146a-4540-bdf2-e59e63e5278d,Review,date,Receive OGC Legal Clearance,False
7ae1272a-e47a-4228-aae8-7855b6737052,Review,date,Receive OGC Legal Clearance,False
7c66762a-21ce-4e96-a766-1b705463e62c,Review,date,Receive OGC Legal Clearance,False
7c9256d8-ff1b-4208-a542-9c2485ea95d7,Review,date,Receive OGC Legal Clearance,False
7d0bd82d-b71e-48a5-885c-0e6efbccb57b,Review,date,Receive OGC Legal Clearance,False
7e6ad85c-4984-4a98-87e8-574a2eebdc47,Review,date,Receive OGC Legal Clearance,False
80a1a128-5ef0-47ba-af5a-d9bb4be2af9f,Review,date,Receive OGC Legal Clearance,False
83c3e37c-2043-4d84-ba05-c305d78b230b,Review,date,Receive OGC Legal Clearance,False
8cb9aba6-e34e-451a-81b5-49212188a3a5,Review,date,Receive OGC Legal Clearance,False
9125774f-80db-44ba-a2c0-9fdcbd3deef9,Review,date,Receive OGC Legal Clearance,False
937936aa-d1ee-4041-8200-0d2b53c7c9b1,Review,date,Receive OGC Legal Clearance,False
946c3779-7558-40f6-b24b-e7f1a581f2f5,Review,date,Receive OGC Legal Clearance,False
96bf3ad9-99db-4a02-be53-a022ee5a272a,Review,date,Receive OGC Legal Clearance,False
9af9da7a-22c7-483a-a78f-b785ea1841a2,Review,date,Receive OGC Legal Clearance,False
9e0362bb-03dd-4149-9164-5827f02feb08,Review,date,Receive OGC Legal Clearance,False
a0426e42-6d70-4059-b67d-0d0135a58ba8,Review,date,Receive OGC Legal Clearance,False
a1720a4f-5984-4b4c-b929-d10fb071ee97,Review,date,Receive OGC Legal Clearance,False
a4c7e4c0-c0d3-4f12-8b13-3d259379ccdc,Review,date,Receive OGC Legal Clearance,False
a5380e32-3927-46eb-a048-f48664ffb809,Review,date,Receive OGC Legal Clearance,False
a6c8c1b0-0a39-40ae-b9cc-f00018e3e41a,Review,date,Receive OGC Legal Clearance,False
b2b50a67-a9c7-4796-8bbb-2885202e8cf5,Review,date,Receive OGC Legal Clearance,False
b4397db8-6c82-4093-8872-91cbf5698efe,Review,date,Receive OGC Legal Clearance,False
b58d203e-fe49-446d-8872-05ee866c51bc,Review,date,Receive OGC Legal Clearance,False
b8ce4b5d-b2e0-49ce-9878-2f77b5da13a3,Review,date,Receive OGC Legal Clearance,False
b948eef7-7d1c-44a1-bce9-264e1bd1adbd,Review,date,Receive OGC Legal Clearance,False
b973a0b2-97a5-4846-8396-ba03f50995ef,Review,date,Receive OGC Legal Clearance,False
b9d64f02-8673-49dd-892f-63a63865358e,Review,date,Receive OGC Legal Clearance,False
bb46787a-42bc-417f-a7b8-cdef0fda771f,Review,date,Receive OGC Legal Clearance,False
bc2eaa99-81ce-4727-9212-2e647e4e40a1,Review,date,Receive OGC Legal Clearance,False
bc598f12-3acd-4021-9163-0c01c53d11dd,Review,date,Receive OGC Legal Clearance,False
be09c9ac-d9b9-4370-a268-d973ec0d16f5,Review,date,Receive OGC Legal Clearance,False
be915209-b5be-4971-8147-6e50ee5ed395,Review,date,Receive OGC Legal Clearance,False
bf354cb7-af95-45ad-9efa-9e9c76184a8a,Review,date,Receive OGC Legal Clearance,False
c018c553-bf3d-4713-97a6-5aa5d2952c59,Review,date,Receive OGC Legal Clearance,False
c3046e84-add8-4311-8c2b-a4b4b454c7fd,Review,date,Receive OGC Legal Clearance,False
c34edfa1-113c-47c3-8443-aa98f8a984c7,Review,date,Receive OGC Legal Clearance,False
c7c07fe5-ac27-4296-9440-13916aa30f3a,Review,date,Receive OGC Legal Clearance,False
cb7441d0-c691-4dfb-b98d-a2a8f4b7e81f,Review,date,Receive OGC Legal Clearance,False
ccf6abde-3eae-4fb9-a473-bcf38786512f,Review,date,Receive OGC Legal Clearance,False
cd8d6037-25d7-40a0-879c-b8d85f443f35,Review,date,Receive OGC Legal Clearance,False
ce6100de-f679-44c4-bd26-819ef099a5cb,Review,date,Receive OGC Legal Clearance,False
cfd0656a-ae45-41c2-bb82-62df6645076f,Review,date,Receive OGC Legal Clearance,False
d40d1207-a663-40bd-8036-287fc06ea360,Review,date,Receive OGC Legal Clearance,False
d6bc8012-3397-4f21-84af-61f59f658e89,Review,date,Receive OGC Legal Clearance,False
d74e616c-e6db-4410-9ce1-eadd02eca4e5,Review,date,Receive OGC Legal Clearance,False
dac3f05e-1815-4d03-8066-5aa5c1c7ff4a,Review,date,Receive OGC Legal Clearance,False
dcdd103d-91da-441d-bd81-3aebf0b31e37,Review,date,Receive OGC Legal Clearance,False
e05f17af-8550-4ebe-81d5-e3804993556c,Review,date,Receive OGC Legal Clearance,False
e14e3eb8-f350-403c-bee3-21868690dfe4,Review,date,Receive OGC Legal Clearance,False
e3b59b4d-8488-4e32-ae71-b6b3c244ef41,Review,date,Receive OGC Legal Clearance,False
e9225e11-2ed6-4c44-b08b-497ff585e349,Review,date,Receive OGC Legal Clearance,False
ec46307f-ec7b-4e65-a15e-bb1c3d360114,Review,date,Receive OGC Legal Clearance,False
f1ddca41-3217-44af-bcff-bc2e2fd2b710,Review,date,Receive OGC Legal Clearance,False
f28de1d9-0c7f-482b-be4a-37a5010395b6,Review,date,Receive OGC Legal Clearance,False
f641320f-8cae-452f-999f-f650d13d24ff,Review,date,Receive OGC Legal Clearance,False
f723aea0-4ef8-4a60-b98e-0393f346cfbd,Review,date,Receive OGC Legal Clearance,False
f74d0af7-eee2-4cdf-8279-b5494534de99,Review,date,Receive OGC Legal Clearance,False
f8750186-e249-4421-8246-abb93a6a80e2,Review,date,Receive OGC Legal Clearance,False
f935244b-2eac-4613-b7fa-d94d731015c5,Review,date,Receive OGC Legal Clearance,False
fa23b695-abaf-4991-a36c-fd3b562bca5d,Review,date,Receive OGC Legal Clearance,False
fb67f194-6495-46de-b313-f37e3f77892e,Review,date,Receive OGC Legal Clearance,False
fbca251b-1a37-4c01-bc0f-7a8f956e81fd,Review,date,Receive OGC Legal Clearance,False
fc8af835-194a-4fdb-a3db-750a7af79998,Review,date,Receive OGC Legal Clearance,False
fdf14feb-7061-4c29-b811-3421897765e1,Review,date,Receive OGC Legal Clearance,False
fe0d0cd6-268b-42a8-a671-88f6cf199192,Review,date,Receive OGC Legal Clearance,False
fe371a3a-ba6b-4f7c-83e7-60f36602e89d,Review,date,Receive OGC Legal Clearance,False
0181f074-ee92-420b-822d-aedfadcd4c7d,Review,date,Receive OMB Concurrence,False
08a66d07-dfe1-4225-b3d1-cf7604909b58,Review,date,Receive OMB Concurrence,False
0977ad7f-a35c-4e4e-b50b-2f1834ad5014,Review,date,Receive OMB Concurrence,False
0a7679ae-d047-49fb-9996-9c5c497a1ad5,Review,date,Receive OMB Concurrence,False
0b11ca84-a492-41e1-9fb1-7c988da310ba,Review,date,Receive OMB Concurrence,False
0b49419b-eb17-4fb1-99e2-79f58fca2b75,Review,date,Receive OMB Concurrence,False
0fbdef7a-fb36-430d-ae8d-0d34882e1c74,Review,date,Receive OMB Concurrence,False
0fcfc81f-e55a-4374-ba2b-ec37081df6d3,Review,date,Receive OMB Concurrence,False
13fbcf4d-aaac-4d6f-9c56-1c7de963b003,Review,date,Receive OMB Concurrence,False
14c27c1b-f1a4-4c07-9999-0f2cd25078ff,Review,date,Receive OMB Concurrence,False
18bf9f77-362a-405b-849c-d2c642fcd9b4,Review,date,Receive OMB Concurrence,False
1954dc33-d848-47e8-ab15-15f3194fc715,Review,date,Receive OMB Concurrence,False
19cde612-c7fa-42bf-861e-c527ab0b5b6e,Review,date,Receive OMB Concurrence,False
1ac4f92b-8b39-4081-ab13-f12d29995ba7,Review,date,Receive OMB Concurrence,False
1b0a267d-bb05-4d13-9499-9ce34b1aff6f,Review,date,Receive OMB Concurrence,False
1b4db82b-54a7-4da0-b5ae-9d677c54a565,Review,date,Receive OMB Concurrence,False
1cd11925-91b7-4110-b62f-e26f5980e336,Review,date,Receive OMB Concurrence,False
232ce729-df65-41ad-ae63-40d269cd34aa,Review,date,Receive OMB Concurrence,False
26cf0dca-fe07-4614-9ed1-cc59bbad3c76,Review,date,Receive OMB Concurrence,False
2d38b1d0-0919-4d3c-8f42-3e6c62683b50,Review,date,Receive OMB Concurrence,False
2dc270c0-27f0-4992-8602-1fbbdcafa7b0,Review,date,Receive OMB Concurrence,False
31afe2bf-4951-4d57-99ba-6394eb5711ba,Review,date,Receive OMB Concurrence,False
349f4f06-0e6c-491c-9e39-16073e2ee0f3,Review,date,Receive OMB Concurrence,False
388ac56a-d77a-47d8-a1a9-223726638ee9,Review,date,Receive OMB Concurrence,False
3be48392-7bc2-416c-9064-516e8fbca5fd,Review,date,Receive OMB Concurrence,False
41ec9d51-efde-4812-8ea6-541a7ff514a0,Review,date,Receive OMB Concurrence,False
42526f23-48f1-49b5-9fde-d5c39fb878ce,Review,date,Receive OMB Concurrence,False
4300b588-9c0e-490d-9b7f-08074583756e,Review,date,Receive OMB Concurrence,False
43f0f178-3151-4e8f-9836-5c92522c971f,Review,date,Receive OMB Concurrence,False
47d34a19-20af-453d-ab23-0220c875f015,Review,date,Receive OMB Concurrence,False
47d57b40-32df-4108-b2f4-9371b7251603,Review,date,Receive OMB Concurrence,False
4a9b897c-da61-4e97-a8e9-e4bc2ce93e96,Review,date,Receive OMB Concurrence,False
4ac33e36-e034-4905-bc81-18c4fb117723,Review,date,Receive OMB Concurrence,False
51573012-04dc-491f-b41a-0bb4b24efec9,Review,date,Receive OMB Concurrence,False
517d3bce-f1df-4b8a-abf5-4714d5dd0e0e,Review,date,Receive OMB Concurrence,False
5c9f465d-0d82-45dc-b417-a9f37d22aeca,Review,date,Receive OMB Concurrence,False
5d2f4ed6-f0c0-4ca8-b358-0895ecec7264,Review,date,Receive OMB Concurrence,False
60ea7851-9e7e-4105-ae9d-fdf7ee9dce7a,Review,date,Receive OMB Concurrence,False
6121bb37-1f43-4709-be1d-7e2e0e1524e4,Review,date,Receive OMB Concurrence,False
656ea06b-143e-4e04-981b-cc409f142662,Review,date,Receive OMB Concurrence,False
65abf3d1-0cd4-4d40-bcce-156a76c0a035,Review,date,Receive OMB Concurrence,False
674aac2b-0390-4171-8c9d-4c1c3c03a8e6,Review,date,Receive OMB Concurrence,False
6e11e177-b4ea-45fe-8c56-0af3e9e2e1e6,Review,date,Receive OMB Concurrence,False
7113f4e2-9519-404d-bd73-191cffcaaeb7,Review,date,Receive OMB Concurrence,False
71bd7472-26c4-4cd1-a1fd-d23bc11cf9e0,Review,date,Receive OMB Concurrence,False
71e8bdde-35a5-43a0-9ebd-53cd29bb5aed,Review,date,Receive OMB Concurrence,False
7247c6cc-a4f8-422b-a0d4-eb7023de52c4,Review,date,Receive OMB Concurrence,False
72ba07e4-1073-4c30-976b-4c6d836a7afa,Review,date,Receive OMB Concurrence,False
7359cb4b-7f34-4322-9379-448e4c4a3ebf,Review,date,Receive OMB Concurrence,False
73d073a5-d31c-49c5-8e37-9edf2f970f4b,Review,date,Receive OMB Concurrence,False
76f5cfc6-aae5-470d-bdd3-9492644e3dbd,Review,date,Receive OMB Concurrence,False
77621ac9-146a-4540-bdf2-e59e63e5278d,Review,date,Receive OMB Concurrence,False
7ae1272a-e47a-4228-aae8-7855b6737052,Review,date,Receive OMB Concurrence,False
7c66762a-21ce-4e96-a766-1b705463e62c,Review,date,Receive OMB Concurrence,False
7c9256d8-ff1b-4208-a542-9c2485ea95d7,Review,date,Receive OMB Concurrence,False
7d0bd82d-b71e-48a5-885c-0e6efbccb57b,Review,date,Receive OMB Concurrence,False
7e6ad85c-4984-4a98-87e8-574a2eebdc47,Review,date,Receive OMB Concurrence,False
80a1a128-5ef0-47ba-af5a-d9bb4be2af9f,Review,date,Receive OMB Concurrence,False
83c3e37c-2043-4d84-ba05-c305d78b230b,Review,date,Receive OMB Concurrence,False
8cb9aba6-e34e-451a-81b5-49212188a3a5,Review,date,Receive OMB Concurrence,False
9125774f-80db-44ba-a2c0-9fdcbd3deef9,Review,date,Receive OMB Concurrence,False
937936aa-d1ee-4041-8200-0d2b53c7c9b1,Review,date,Receive OMB Concurrence,False
946c3779-7558-40f6-b24b-e7f1a581f2f5,Review,date,Receive OMB Concurrence,False
96bf3ad9-99db-4a02-be53-a022ee5a272a,Review,date,Receive OMB Concurrence,False
9af9da7a-22c7-483a-a78f-b785ea1841a2,Review,date,Receive OMB Concurrence,False
9e0362bb-03dd-4149-9164-5827f02feb08,Review,date,Receive OMB Concurrence,False
a0426e42-6d70-4059-b67d-0d0135a58ba8,Review,date,Receive OMB Concurrence,False
a1720a4f-5984-4b4c-b929-d10fb071ee97,Review,date,Receive OMB Concurrence,False
a4c7e4c0-c0d3-4f12-8b13-3d259379ccdc,Review,date,Receive OMB Concurrence,False
a5380e32-3927-46eb-a048-f48664ffb809,Review,date,Receive OMB Concurrence,False
a6c8c1b0-0a39-40ae-b9cc-f00018e3e41a,Review,date,Receive OMB Concurrence,False
b2b50a67-a9c7-4796-8bbb-2885202e8cf5,Review,date,Receive OMB Concurrence,False
b4397db8-6c82-4093-8872-91cbf5698efe,Review,date,Receive OMB Concurrence,False
b58d203e-fe49-446d-8872-05ee866c51bc,Review,date,Receive OMB Concurrence,False
b8ce4b5d-b2e0-49ce-9878-2f77b5da13a3,Review,date,Receive OMB Concurrence,False
b948eef7-7d1c-44a1-bce9-264e1bd1adbd,Review,date,Receive OMB Concurrence,False
b973a0b2-97a5-4846-8396-ba03f50995ef,Review,date,Receive OMB Concurrence,False
b9d64f02-8673-49dd-892f-63a63865358e,Review,date,Receive OMB Concurrence,False
bb46787a-42bc-417f-a7b8-cdef0fda771f,Review,date,Receive OMB Concurrence,False
bc2eaa99-81ce-4727-9212-2e647e4e40a1,Review,date,Receive OMB Concurrence,False
bc598f12-3acd-4021-9163-0c01c53d11dd,Review,date,Receive OMB Concurrence,False
be09c9ac-d9b9-4370-a268-d973ec0d16f5,Review,date,Receive OMB Concurrence,False
be915209-b5be-4971-8147-6e50ee5ed395,Review,date,Receive OMB Concurrence,False
bf354cb7-af95-45ad-9efa-9e9c76184a8a,Review,date,Receive OMB Concurrence,False
c018c553-bf3d-4713-97a6-5aa5d2952c59,Review,date,Receive OMB Concurrence,False
c3046e84-add8-4311-8c2b-a4b4b454c7fd,Review,date,Receive OMB Concurrence,False
c34edfa1-113c-47c3-8443-aa98f8a984c7,Review,date,Receive OMB Concurrence,False
c7c07fe5-ac27-4296-9440-13916aa30f3a,Review,date,Receive OMB Concurrence,False
cb7441d0-c691-4dfb-b98d-a2a8f4b7e81f,Review,date,Receive OMB Concurrence,False
ccf6abde-3eae-4fb9-a473-bcf38786512f,Review,date,Receive OMB Concurrence,False
cd8d6037-25d7-40a0-879c-b8d85f443f35,Review,date,Receive OMB Concurrence,False
ce6100de-f679-44c4-bd26-819ef099a5cb,Review,date,Receive OMB Concurrence,False
cfd0656a-ae45-41c2-bb82-62df6645076f,Review,date,Receive OMB Concurrence,False
d40d1207-a663-40bd-8036-287fc06ea360,Review,date,Receive OMB Concurrence,False
d6bc8012-3397-4f21-84af-61f59f658e89,Review,date,Receive OMB Concurrence,False
d74e616c-e6db-4410-9ce1-eadd02eca4e5,Review,date,Receive OMB Concurrence,False
dac3f05e-1815-4d03-8066-5aa5c1c7ff4a,Review,date,Receive OMB Concurrence,False
dcdd103d-91da-441d-bd81-3aebf0b31e37,Review,date,Receive OMB Concurrence,False
e05f17af-8550-4ebe-81d5-e3804993556c,Review,date,Receive OMB Concurrence,False
e14e3eb8-f350-403c-bee3-21868690dfe4,Review,date,Receive OMB Concurrence,False
e3b59b4d-8488-4e32-ae71-b6b3c244ef41,Review,date,Receive OMB Concurrence,False
e9225e11-2ed6-4c44-b08b-497ff585e349,Review,date,Receive OMB Concurrence,False
ec46307f-ec7b-4e65-a15e-bb1c3d360114,Review,date,Receive OMB Concurrence,False
f1ddca41-3217-44af-bcff-bc2e2fd2b710,Review,date,Receive OMB Concurrence,False
f28de1d9-0c7f-482b-be4a-37a5010395b6,Review,date,Receive OMB Concurrence,False
f641320f-8cae-452f-999f-f650d13d24ff,Review,date,Receive OMB Concurrence,False
f723aea0-4ef8-4a60-b98e-0393f346cfbd,Review,date,Receive OMB Concurrence,False
f74d0af7-eee2-4cdf-8279-b5494534de99,Review,date,Receive OMB Concurrence,False
f8750186-e249-4421-8246-abb93a6a80e2,Review,date,Receive OMB Concurrence,False
f935244b-2eac-4613-b7fa-d94d731015c5,Review,date,Receive OMB Concurrence,False
fa23b695-abaf-4991-a36c-fd3b562bca5d,Review,date,Receive OMB Concurrence,False
fb67f194-6495-46de-b313-f37e3f77892e,Review,date,Receive OMB Concurrence,False
fbca251b-1a37-4c01-bc0f-7a8f956e81fd,Review,date,Receive OMB Concurrence,False
fc8af835-194a-4fdb-a3db-750a7af79998,Review,date,Receive OMB Concurrence,False
fdf14feb-7061-4c29-b811-3421897765e1,Review,date,Receive OMB Concurrence,False
fe0d0cd6-268b-42a8-a671-88f6cf199192,Review,date,Receive OMB Concurrence,False
fe371a3a-ba6b-4f7c-83e7-60f36602e89d,Review,date,Receive OMB Concurrence,False
0181f074-ee92-420b-822d-aedfadcd4c7d,Review,date,State Concurrence,False
08a66d07-dfe1-4225-b3d1-cf7604909b58,Review,date,State Concurrence,False
0977ad7f-a35c-4e4e-b50b-2f1834ad5014,Review,date,State Concurrence,False
0a7679ae-d047-49fb-9996-9c5c497a1ad5,Review,date,State Concurrence,False
0b11ca84-a492-41e1-9fb1-7c988da310ba,Review,date,State Concurrence,False
0b49419b-eb17-4fb1-99e2-79f58fca2b75,Review,date,State Concurrence,False
0fbdef7a-fb36-430d-ae8d-0d34882e1c74,Review,date,State Concurrence,False
0fcfc81f-e55a-4374-ba2b-ec37081df6d3,Review,date,State Concurrence,False
13fbcf4d-aaac-4d6f-9c56-1c7de963b003,Review,date,State Concurrence,False
14c27c1b-f1a4-4c07-9999-0f2cd25078ff,Review,date,State Concurrence,False
18bf9f77-362a-405b-849c-d2c642fcd9b4,Review,date,State Concurrence,False
1954dc33-d848-47e8-ab15-15f3194fc715,Review,date,State Concurrence,False
19cde612-c7fa-42bf-861e-c527ab0b5b6e,Review,date,State Concurrence,False
1ac4f92b-8b39-4081-ab13-f12d29995ba7,Review,date,State Concurrence,False
1b0a267d-bb05-4d13-9499-9ce34b1aff6f,Review,date,State Concurrence,False
1b4db82b-54a7-4da0-b5ae-9d677c54a565,Review,date,State Concurrence,False
1cd11925-91b7-4110-b62f-e26f5980e336,Review,date,State Concurrence,False
232ce729-df65-41ad-ae63-40d269cd34aa,Review,date,State Concurrence,False
26cf0dca-fe07-4614-9ed1-cc59bbad3c76,Review,date,State Concurrence,False
2d38b1d0-0919-4d3c-8f42-3e6c62683b50,Review,date,State Concurrence,False
2dc270c0-27f0-4992-8602-1fbbdcafa7b0,Review,date,State Concurrence,False
31afe2bf-4951-4d57-99ba-6394eb5711ba,Review,date,State Concurrence,False
349f4f06-0e6c-491c-9e39-16073e2ee0f3,Review,date,State Concurrence,False
388ac56a-d77a-47d8-a1a9-223726638ee9,Review,date,State Concurrence,False
3be48392-7bc2-416c-9064-516e8fbca5fd,Review,date,State Concurrence,False
41ec9d51-efde-4812-8ea6-541a7ff514a0,Review,date,State Concurrence,False
42526f23-48f1-49b5-9fde-d5c39fb878ce,Review,date,State Concurrence,False
4300b588-9c0e-490d-9b7f-08074583756e,Review,date,State Concurrence,False
43f0f178-3151-4e8f-9836-5c92522c971f,Review,date,State Concurrence,False
47d34a19-20af-453d-ab23-0220c875f015,Review,date,State Concurrence,False
47d57b40-32df-4108-b2f4-9371b7251603,Review,date,State Concurrence,False
4a9b897c-da61-4e97-a8e9-e4bc2ce93e96,Review,date,State Concurrence,False
4ac33e36-e034-4905-bc81-18c4fb117723,Review,date,State Concurrence,False
51573012-04dc-491f-b41a-0bb4b24efec9,Review,date,State Concurrence,False
517d3bce-f1df-4b8a-abf5-4714d5dd0e0e,Review,date,State Concurrence,False
5c9f465d-0d82-45dc-b417-a9f37d22aeca,Review,date,State Concurrence,False
5d2f4ed6-f0c0-4ca8-b358-0895ecec7264,Review,date,State Concurrence,False
60ea7851-9e7e-4105-ae9d-fdf7ee9dce7a,Review,date,State Concurrence,False
6121bb37-1f43-4709-be1d-7e2e0e1524e4,Review,date,State Concurrence,False
656ea06b-143e-4e04-981b-cc409f142662,Review,date,State Concurrence,False
65abf3d1-0cd4-4d40-bcce-156a76c0a035,Review,date,State Concurrence,False
674aac2b-0390-4171-8c9d-4c1c3c03a8e6,Review,date,State Concurrence,False
6e11e177-b4ea-45fe-8c56-0af3e9e2e1e6,Review,date,State Concurrence,False
7113f4e2-9519-404d-bd73-191cffcaaeb7,Review,date,State Concurrence,False
71bd7472-26c4-4cd1-a1fd-d23bc11cf9e0,Review,date,State Concurrence,False
71e8bdde-35a5-43a0-9ebd-53cd29bb5aed,Review,date,State Concurrence,False
7247c6cc-a4f8-422b-a0d4-eb7023de52c4,Review,date,State Concurrence,False
72ba07e4-1073-4c30-976b-4c6d836a7afa,Review,date,State Concurrence,False
7359cb4b-7f34-4322-9379-448e4c4a3ebf,Review,date,State Concurrence,False
73d073a5-d31c-49c5-8e37-9edf2f970f4b,Review,date,State Concurrence,False
76f5cfc6-aae5-470d-bdd3-9492644e3dbd,Review,date,State Concurrence,False
77621ac9-146a-4540-bdf2-e59e63e5278d,Review,date,State Concurrence,False
7ae1272a-e47a-4228-aae8-7855b6737052,Review,date,State Concurrence,False
7c66762a-21ce-4e96-a766-1b705463e62c,Review,date,State Concurrence,False
7c9256d8-ff1b-4208-a542-9c2485ea95d7,Review,date,State Concurrence,False
7d0bd82d-b71e-48a5-885c-0e6efbccb57b,Review,date,State Concurrence,False
7e6ad85c-4984-4a98-87e8-574a2eebdc47,Review,date,State Concurrence,False
80a1a128-5ef0-47ba-af5a-d9bb4be2af9f,Review,date,State Concurrence,False
83c3e37c-2043-4d84-ba05-c305d78b230b,Review,date,State Concurrence,False
8cb9aba6-e34e-451a-81b5-49212188a3a5,Review,date,State Concurrence,False
9125774f-80db-44ba-a2c0-9fdcbd3deef9,Review,date,State Concurrence,False
937936aa-d1ee-4041-8200-0d2b53c7c9b1,Review,date,State Concurrence,False
946c3779-7558-40f6-b24b-e7f1a581f2f5,Review,date,State Concurrence,False
96bf3ad9-99db-4a02-be53-a022ee5a272a,Review,date,State Concurrence,False
9af9da7a-22c7-483a-a78f-b785ea1841a2,Review,date,State Concurrence,False
9e0362bb-03dd-4149-9164-5827f02feb08,Review,date,State Concurrence,False
a0426e42-6d70-4059-b67d-0d0135a58ba8,Review,date,State Concurrence,False
a1720a4f-5984-4b4c-b929-d10fb071ee97,Review,date,State Concurrence,False
a4c7e4c0-c0d3-4f12-8b13-3d259379ccdc,Review,date,State Concurrence,False
a5380e32-3927-46eb-a048-f48664ffb809,Review,date,State Concurrence,False
a6c8c1b0-0a39-40ae-b9cc-f00018e3e41a,Review,date,State Concurrence,False
b2b50a67-a9c7-4796-8bbb-2885202e8cf5,Review,date,State Concurrence,False
b4397db8-6c82-4093-8872-91cbf5698efe,Review,date,State Concurrence,False
b58d203e-fe49-446d-8872-05ee866c51bc,Review,date,State Concurrence,False
b8ce4b5d-b2e0-49ce-9878-2f77b5da13a3,Review,date,State Concurrence,False
b948eef7-7d1c-44a1-bce9-264e1bd1adbd,Review,date,State Concurrence,False
b973a0b2-97a5-4846-8396-ba03f50995ef,Review,date,State Concurrence,False
b9d64f02-8673-49dd-892f-63a63865358e,Review,date,State Concurrence,False
bb46787a-42bc-417f-a7b8-cdef0fda771f,Review,date,State Concurrence,False
bc2eaa99-81ce-4727-9212-2e647e4e40a1,Review,date,State Concurrence,False
bc598f12-3acd-4021-9163-0c01c53d11dd,Review,date,State Concurrence,False
be09c9ac-d9b9-4370-a268-d973ec0d16f5,Review,date,State Concurrence,False
be915209-b5be-4971-8147-6e50ee5ed395,Review,date,State Concurrence,False
bf354cb7-af95-45ad-9efa-9e9c76184a8a,Review,date,State Concurrence,False
c018c553-bf3d-4713-97a6-5aa5d2952c59,Review,date,State Concurrence,False
c3046e84-add8-4311-8c2b-a4b4b454c7fd,Review,date,State Concurrence,False
c34edfa1-113c-47c3-8443-aa98f8a984c7,Review,date,State Concurrence,False
c7c07fe5-ac27-4296-9440-13916aa30f3a,Review,date,State Concurrence,False
cb7441d0-c691-4dfb-b98d-a2a8f4b7e81f,Review,date,State Concurrence,False
ccf6abde-3eae-4fb9-a473-bcf38786512f,Review,date,State Concurrence,False
cd8d6037-25d7-40a0-879c-b8d85f443f35,Review,date,State Concurrence,False
ce6100de-f679-44c4-bd26-819ef099a5cb,Review,date,State Concurrence,False
cfd0656a-ae45-41c2-bb82-62df6645076f,Review,date,State Concurrence,False
d40d1207-a663-40bd-8036-287fc06ea360,Review,date,State Concurrence,False
d6bc8012-3397-4f21-84af-61f59f658e89,Review,date,State Concurrence,False
d74e616c-e6db-4410-9ce1-eadd02eca4e5,Review,date,State Concurrence,False
dac3f05e-1815-4d03-8066-5aa5c1c7ff4a,Review,date,State Concurrence,False
dcdd103d-91da-441d-bd81-3aebf0b31e37,Review,date,State Concurrence,False
e05f17af-8550-4ebe-81d5-e3804993556c,Review,date,State Concurrence,False
e14e3eb8-f350-403c-bee3-21868690dfe4,Review,date,State Concurrence,False
e3b59b4d-8488-4e32-ae71-b6b3c244ef41,Review,date,State Concurrence,False
e9225e11-2ed6-4c44-b08b-497ff585e349,Review,date,State Concurrence,False
ec46307f-ec7b-4e65-a15e-bb1c3d360114,Review,date,State Concurrence,False
f1ddca41-3217-44af-bcff-bc2e2fd2b710,Review,date,State Concurrence,False
f28de1d9-0c7f-482b-be4a-37a5010395b6,Review,date,State Concurrence,False
f641320f-8cae-452f-999f-f650d13d24ff,Review,date,State Concurrence,False
f723aea0-4ef8-4a60-b98e-0393f346cfbd,Review,date,State Concurrence,False
f74d0af7-eee2-4cdf-8279-b5494534de99,Review,date,State Concurrence,False
f8750186-e249-4421-8246-abb93a6a80e2,Review,date,State Concurrence,False
f935244b-2eac-4613-b7fa-d94d731015c5,Review,date,State Concurrence,False
fa23b695-abaf-4991-a36c-fd3b562bca5d,Review,date,State Concurrence,False
fb67f194-6495-46de-b313-f37e3f77892e,Review,date,State Concurrence,False
fbca251b-1a37-4c01-bc0f-7a8f956e81fd,Review,date,State Concurrence,False
fc8af835-194a-4fdb-a3db-750a7af79998,Review,date,State Concurrence,False
fdf14feb-7061-4c29-b811-3421897765e1,Review,date,State Concurrence,False
fe0d0cd6-268b-42a8-a671-88f6cf199192,Review,date,State Concurrence,False
fe371a3a-ba6b-4f7c-83e7-60f36602e89d,Review,date,State Concurrence,False
0181f074-ee92-420b-822d-aedfadcd4c7d,Review,date,Submit Approval Package to OSORA,True
08a66d07-dfe1-4225-b3d1-cf7604909b58,Review,date,Submit Approval Package to OSORA,True
0977ad7f-a35c-4e4e-b50b-2f1834ad5014,Review,date,Submit Approval Package to OSORA,True
0a7679ae-d047-49fb-9996-9c5c497a1ad5,Review,date,Submit Approval Package to OSORA,True
0b11ca84-a492-41e1-9fb1-7c988da310ba,Review,date,Submit Approval Package to OSORA,True
0b49419b-eb17-4fb1-99e2-79f58fca2b75,Review,date,Submit Approval Package to OSORA,True
0fbdef7a-fb36-430d-ae8d-0d34882e1c74,Review,date,Submit Approval Package to OSORA,True
0fcfc81f-e55a-4374-ba2b-ec37081df6d3,Review,date,Submit Approval Package to OSORA,True
13fbcf4d-aaac-4d6f-9c56-1c7de963b003,Review,date,Submit Approval Package to OSORA,True
14c27c1b-f1a4-4c07-9999-0f2cd25078ff,Review,date,Submit Approval Package to OSORA,True
18bf9f77-362a-405b-849c-d2c642fcd9b4,Review,date,Submit Approval Package to OSORA,True
1954dc33-d848-47e8-ab15-15f3194fc715,Review,date,Submit Approval Package to OSORA,True
19cde612-c7fa-42bf-861e-c527ab0b5b6e,Review,date,Submit Approval Package to OSORA,True
1ac4f92b-8b39-4081-ab13-f12d29995ba7,Review,date,Submit Approval Package to OSORA,True
1b0a267d-bb05-4d13-9499-9ce34b1aff6f,Review,date,Submit Approval Package to OSORA,True
1b4db82b-54a7-4da0-b5ae-9d677c54a565,Review,date,Submit Approval Package to OSORA,True
1cd11925-91b7-4110-b62f-e26f5980e336,Review,date,Submit Approval Package to OSORA,True
232ce729-df65-41ad-ae63-40d269cd34aa,Review,date,Submit Approval Package to OSORA,True
26cf0dca-fe07-4614-9ed1-cc59bbad3c76,Review,date,Submit Approval Package to OSORA,True
2d38b1d0-0919-4d3c-8f42-3e6c62683b50,Review,date,Submit Approval Package to OSORA,True
2dc270c0-27f0-4992-8602-1fbbdcafa7b0,Review,date,Submit Approval Package to OSORA,True
31afe2bf-4951-4d57-99ba-6394eb5711ba,Review,date,Submit Approval Package to OSORA,True
349f4f06-0e6c-491c-9e39-16073e2ee0f3,Review,date,Submit Approval Package to OSORA,True
388ac56a-d77a-47d8-a1a9-223726638ee9,Review,date,Submit Approval Package to OSORA,True
3be48392-7bc2-416c-9064-516e8fbca5fd,Review,date,Submit Approval Package to OSORA,True
41ec9d51-efde-4812-8ea6-541a7ff514a0,Review,date,Submit Approval Package to OSORA,True
42526f23-48f1-49b5-9fde-d5c39fb878ce,Review,date,Submit Approval Package to OSORA,True
4300b588-9c0e-490d-9b7f-08074583756e,Review,date,Submit Approval Package to OSORA,True
43f0f178-3151-4e8f-9836-5c92522c971f,Review,date,Submit Approval Package to OSORA,True
47d34a19-20af-453d-ab23-0220c875f015,Review,date,Submit Approval Package to OSORA,True
47d57b40-32df-4108-b2f4-9371b7251603,Review,date,Submit Approval Package to OSORA,True
4a9b897c-da61-4e97-a8e9-e4bc2ce93e96,Review,date,Submit Approval Package to OSORA,True
4ac33e36-e034-4905-bc81-18c4fb117723,Review,date,Submit Approval Package to OSORA,True
51573012-04dc-491f-b41a-0bb4b24efec9,Review,date,Submit Approval Package to OSORA,True
517d3bce-f1df-4b8a-abf5-4714d5dd0e0e,Review,date,Submit Approval Package to OSORA,True
5c9f465d-0d82-45dc-b417-a9f37d22aeca,Review,date,Submit Approval Package to OSORA,True
5d2f4ed6-f0c0-4ca8-b358-0895ecec7264,Review,date,Submit Approval Package to OSORA,True
60ea7851-9e7e-4105-ae9d-fdf7ee9dce7a,Review,date,Submit Approval Package to OSORA,True
6121bb37-1f43-4709-be1d-7e2e0e1524e4,Review,date,Submit Approval Package to OSORA,True
656ea06b-143e-4e04-981b-cc409f142662,Review,date,Submit Approval Package to OSORA,True
65abf3d1-0cd4-4d40-bcce-156a76c0a035,Review,date,Submit Approval Package to OSORA,True
674aac2b-0390-4171-8c9d-4c1c3c03a8e6,Review,date,Submit Approval Package to OSORA,True
6e11e177-b4ea-45fe-8c56-0af3e9e2e1e6,Review,date,Submit Approval Package to OSORA,True
7113f4e2-9519-404d-bd73-191cffcaaeb7,Review,date,Submit Approval Package to OSORA,True
71bd7472-26c4-4cd1-a1fd-d23bc11cf9e0,Review,date,Submit Approval Package to OSORA,True
71e8bdde-35a5-43a0-9ebd-53cd29bb5aed,Review,date,Submit Approval Package to OSORA,True
7247c6cc-a4f8-422b-a0d4-eb7023de52c4,Review,date,Submit Approval Package to OSORA,True
72ba07e4-1073-4c30-976b-4c6d836a7afa,Review,date,Submit Approval Package to OSORA,True
7359cb4b-7f34-4322-9379-448e4c4a3ebf,Review,date,Submit Approval Package to OSORA,True
73d073a5-d31c-49c5-8e37-9edf2f970f4b,Review,date,Submit Approval Package to OSORA,True
76f5cfc6-aae5-470d-bdd3-9492644e3dbd,Review,date,Submit Approval Package to OSORA,True
77621ac9-146a-4540-bdf2-e59e63e5278d,Review,date,Submit Approval Package to OSORA,True
7ae1272a-e47a-4228-aae8-7855b6737052,Review,date,Submit Approval Package to OSORA,True
7c66762a-21ce-4e96-a766-1b705463e62c,Review,date,Submit Approval Package to OSORA,True
7c9256d8-ff1b-4208-a542-9c2485ea95d7,Review,date,Submit Approval Package to OSORA,True
7d0bd82d-b71e-48a5-885c-0e6efbccb57b,Review,date,Submit Approval Package to OSORA,True
7e6ad85c-4984-4a98-87e8-574a2eebdc47,Review,date,Submit Approval Package to OSORA,True
80a1a128-5ef0-47ba-af5a-d9bb4be2af9f,Review,date,Submit Approval Package to OSORA,True
83c3e37c-2043-4d84-ba05-c305d78b230b,Review,date,Submit Approval Package to OSORA,True
8cb9aba6-e34e-451a-81b5-49212188a3a5,Review,date,Submit Approval Package to OSORA,True
9125774f-80db-44ba-a2c0-9fdcbd3deef9,Review,date,Submit Approval Package to OSORA,True
937936aa-d1ee-4041-8200-0d2b53c7c9b1,Review,date,Submit Approval Package to OSORA,True
946c3779-7558-40f6-b24b-e7f1a581f2f5,Review,date,Submit Approval Package to OSORA,True
96bf3ad9-99db-4a02-be53-a022ee5a272a,Review,date,Submit Approval Package to OSORA,True
9af9da7a-22c7-483a-a78f-b785ea1841a2,Review,date,Submit Approval Package to OSORA,True
9e0362bb-03dd-4149-9164-5827f02feb08,Review,date,Submit Approval Package to OSORA,True
a0426e42-6d70-4059-b67d-0d0135a58ba8,Review,date,Submit Approval Package to OSORA,True
a1720a4f-5984-4b4c-b929-d10fb071ee97,Review,date,Submit Approval Package to OSORA,True
a4c7e4c0-c0d3-4f12-8b13-3d259379ccdc,Review,date,Submit Approval Package to OSORA,True
a5380e32-3927-46eb-a048-f48664ffb809,Review,date,Submit Approval Package to OSORA,True
a6c8c1b0-0a39-40ae-b9cc-f00018e3e41a,Review,date,Submit Approval Package to OSORA,True
b2b50a67-a9c7-4796-8bbb-2885202e8cf5,Review,date,Submit Approval Package to OSORA,True
b4397db8-6c82-4093-8872-91cbf5698efe,Review,date,Submit Approval Package to OSORA,True
b58d203e-fe49-446d-8872-05ee866c51bc,Review,date,Submit Approval Package to OSORA,True
b8ce4b5d-b2e0-49ce-9878-2f77b5da13a3,Review,date,Submit Approval Package to OSORA,True
b948eef7-7d1c-44a1-bce9-264e1bd1adbd,Review,date,Submit Approval Package to OSORA,True
b973a0b2-97a5-4846-8396-ba03f50995ef,Review,date,Submit Approval Package to OSORA,True
b9d64f02-8673-49dd-892f-63a63865358e,Review,date,Submit Approval Package to OSORA,True
bb46787a-42bc-417f-a7b8-cdef0fda771f,Review,date,Submit Approval Package to OSORA,True
bc2eaa99-81ce-4727-9212-2e647e4e40a1,Review,date,Submit Approval Package to OSORA,True
bc598f12-3acd-4021-9163-0c01c53d11dd,Review,date,Submit Approval Package to OSORA,True
be09c9ac-d9b9-4370-a268-d973ec0d16f5,Review,date,Submit Approval Package to OSORA,True
be915209-b5be-4971-8147-6e50ee5ed395,Review,date,Submit Approval Package to OSORA,True
bf354cb7-af95-45ad-9efa-9e9c76184a8a,Review,date,Submit Approval Package to OSORA,True
c018c553-bf3d-4713-97a6-5aa5d2952c59,Review,date,Submit Approval Package to OSORA,True
c3046e84-add8-4311-8c2b-a4b4b454c7fd,Review,date,Submit Approval Package to OSORA,True
c34edfa1-113c-47c3-8443-aa98f8a984c7,Review,date,Submit Approval Package to OSORA,True
c7c07fe5-ac27-4296-9440-13916aa30f3a,Review,date,Submit Approval Package to OSORA,True
cb7441d0-c691-4dfb-b98d-a2a8f4b7e81f,Review,date,Submit Approval Package to OSORA,True
ccf6abde-3eae-4fb9-a473-bcf38786512f,Review,date,Submit Approval Package to OSORA,True
cd8d6037-25d7-40a0-879c-b8d85f443f35,Review,date,Submit Approval Package to OSORA,True
ce6100de-f679-44c4-bd26-819ef099a5cb,Review,date,Submit Approval Package to OSORA,True
cfd0656a-ae45-41c2-bb82-62df6645076f,Review,date,Submit Approval Package to OSORA,True
d40d1207-a663-40bd-8036-287fc06ea360,Review,date,Submit Approval Package to OSORA,True
d6bc8012-3397-4f21-84af-61f59f658e89,Review,date,Submit Approval Package to OSORA,True
d74e616c-e6db-4410-9ce1-eadd02eca4e5,Review,date,Submit Approval Package to OSORA,True
dac3f05e-1815-4d03-8066-5aa5c1c7ff4a,Review,date,Submit Approval Package to OSORA,True
dcdd103d-91da-441d-bd81-3aebf0b31e37,Review,date,Submit Approval Package to OSORA,True
e05f17af-8550-4ebe-81d5-e3804993556c,Review,date,Submit Approval Package to OSORA,True
e14e3eb8-f350-403c-bee3-21868690dfe4,Review,date,Submit Approval Package to OSORA,True
e3b59b4d-8488-4e32-ae71-b6b3c244ef41,Review,date,Submit Approval Package to OSORA,True
e9225e11-2ed6-4c44-b08b-497ff585e349,Review,date,Submit Approval Package to OSORA,True
ec46307f-ec7b-4e65-a15e-bb1c3d360114,Review,date,Submit Approval Package to OSORA,True
f1ddca41-3217-44af-bcff-bc2e2fd2b710,Review,date,Submit Approval Package to OSORA,True
f28de1d9-0c7f-482b-be4a-37a5010395b6,Review,date,Submit Approval Package to OSORA,True
f641320f-8cae-452f-999f-f650d13d24ff,Review,date,Submit Approval Package to OSORA,True
f723aea0-4ef8-4a60-b98e-0393f346cfbd,Review,date,Submit Approval Package to OSORA,True
f74d0af7-eee2-4cdf-8279-b5494534de99,Review,date,Submit Approval Package to OSORA,True
f8750186-e249-4421-8246-abb93a6a80e2,Review,date,Submit Approval Package to OSORA,True
f935244b-2eac-4613-b7fa-d94d731015c5,Review,date,Submit Approval Package to OSORA,True
fa23b695-abaf-4991-a36c-fd3b562bca5d,Review,date,Submit Approval Package to OSORA,True
fb67f194-6495-46de-b313-f37e3f77892e,Review,date,Submit Approval Package to OSORA,True
fbca251b-1a37-4c01-bc0f-7a8f956e81fd,Review,date,Submit Approval Package to OSORA,True
fc8af835-194a-4fdb-a3db-750a7af79998,Review,date,Submit Approval Package to OSORA,True
fdf14feb-7061-4c29-b811-3421897765e1,Review,date,Submit Approval Package to OSORA,True
fe0d0cd6-268b-42a8-a671-88f6cf199192,Review,date,Submit Approval Package to OSORA,True
fe371a3a-ba6b-4f7c-83e7-60f36602e89d,Review,date,Submit Approval Package to OSORA,True
007cc95c-92ae-40cc-850e-50bb331b658d,SDG Preparation,date,BNPMT Initial Meeting Date,False
01202dd5-67e9-432f-a5ef-d9e4e49f8f76,SDG Preparation,date,BNPMT Initial Meeting Date,False
0181f074-ee92-420b-822d-aedfadcd4c7d,SDG Preparation,date,BNPMT Initial Meeting Date,False
01dca696-c094-4f14-ade8-c96f19292a92,SDG Preparation,date,BNPMT Initial Meeting Date,False
0473183d-2e93-4371-a841-47350d3e765b,SDG Preparation,date,BNPMT Initial Meeting Date,False
08a66d07-dfe1-4225-b3d1-cf7604909b58,SDG Preparation,date,BNPMT Initial Meeting Date,False
08ced498-8997-401c-a186-daa67a4ff809,SDG Preparation,date,BNPMT Initial Meeting Date,False
08fceebe-6835-408b-97de-b7f3b8522706,SDG Preparation,date,BNPMT Initial Meeting Date,False
0965889d-2796-4022-adc9-7ad6b2f7895e,SDG Preparation,date,BNPMT Initial Meeting Date,False
0977ad7f-a35c-4e4e-b50b-2f1834ad5014,SDG Preparation,date,BNPMT Initial Meeting Date,False
09f34d93-656c-4793-ad53-f06d53f03192,SDG Preparation,date,BNPMT Initial Meeting Date,False
0a7679ae-d047-49fb-9996-9c5c497a1ad5,SDG Preparation,date,BNPMT Initial Meeting Date,False
0aacc3ec-a6fc-41cb-84e3-3fd8ca5f4c25,SDG Preparation,date,BNPMT Initial Meeting Date,False
0ad53526-62cf-405b-aaaf-d62dfa2433b6,SDG Preparation,date,BNPMT Initial Meeting Date,False
0b11ca84-a492-41e1-9fb1-7c988da310ba,SDG Preparation,date,BNPMT Initial Meeting Date,False
0b49419b-eb17-4fb1-99e2-79f58fca2b75,SDG Preparation,date,BNPMT Initial Meeting Date,False
0b8752ca-48d3-4e08-8369-d92c9d1b0427,SDG Preparation,date,BNPMT Initial Meeting Date,False
0c74168d-4ed3-485b-aca4-d82cd5ca4fa5,SDG Preparation,date,BNPMT Initial Meeting Date,False
0cc17b4c-5437-425e-9700-c8e90f09aaf6,SDG Preparation,date,BNPMT Initial Meeting Date,False
0cdb6064-b473-4a2e-bdc2-d6dfded63446,SDG Preparation,date,BNPMT Initial Meeting Date,False
0fbdef7a-fb36-430d-ae8d-0d34882e1c74,SDG Preparation,date,BNPMT Initial Meeting Date,False
0fcfc81f-e55a-4374-ba2b-ec37081df6d3,SDG Preparation,date,BNPMT Initial Meeting Date,False
110f9760-16ff-4adf-8f29-1c0a24db5ca0,SDG Preparation,date,BNPMT Initial Meeting Date,False
11bbbe73-e085-4be3-84ec-70cfb3a2f31b,SDG Preparation,date,BNPMT Initial Meeting Date,False
123b47d8-b25f-448b-a762-b51d97c518dc,SDG Preparation,date,BNPMT Initial Meeting Date,False
13fbcf4d-aaac-4d6f-9c56-1c7de963b003,SDG Preparation,date,BNPMT Initial Meeting Date,False
14631a8e-32a3-4657-a29e-9374112a72e9,SDG Preparation,date,BNPMT Initial Meeting Date,False
14c27c1b-f1a4-4c07-9999-0f2cd25078ff,SDG Preparation,date,BNPMT Initial Meeting Date,False
150fd48e-7a9a-4417-a4a2-04e6240e0da1,SDG Preparation,date,BNPMT Initial Meeting Date,False
16b94b99-94e4-47f7-86f2-235d6fbbb3f0,SDG Preparation,date,BNPMT Initial Meeting Date,False
17d07543-f9f1-481f-90e3-49125eea23d3,SDG Preparation,date,BNPMT Initial Meeting Date,False
17fae73d-32e2-487b-802d-4245eb8dac1b,SDG Preparation,date,BNPMT Initial Meeting Date,False
18bf9f77-362a-405b-849c-d2c642fcd9b4,SDG Preparation,date,BNPMT Initial Meeting Date,False
194ee888-180e-4ec1-86e2-90ac54999c6e,SDG Preparation,date,BNPMT Initial Meeting Date,False
1954dc33-d848-47e8-ab15-15f3194fc715,SDG Preparation,date,BNPMT Initial Meeting Date,False
196cd174-4db0-4d4d-bc83-612c75b53c0c,SDG Preparation,date,BNPMT Initial Meeting Date,False
19cde612-c7fa-42bf-861e-c527ab0b5b6e,SDG Preparation,date,BNPMT Initial Meeting Date,False
1ac4f92b-8b39-4081-ab13-f12d29995ba7,SDG Preparation,date,BNPMT Initial Meeting Date,False
1ad59f7a-cd6e-4454-8809-f1529f4d2590,SDG Preparation,date,BNPMT Initial Meeting Date,False
1b0a267d-bb05-4d13-9499-9ce34b1aff6f,SDG Preparation,date,BNPMT Initial Meeting Date,False
1b155e69-e927-4a64-be66-940ac3093a0d,SDG Preparation,date,BNPMT Initial Meeting Date,False
1b3322cf-8bdf-4cfd-85fc-880f96ae6c78,SDG Preparation,date,BNPMT Initial Meeting Date,False
1b4db82b-54a7-4da0-b5ae-9d677c54a565,SDG Preparation,date,BNPMT Initial Meeting Date,False
1bd03341-d171-424d-8bf8-acb73c44c57a,SDG Preparation,date,BNPMT Initial Meeting Date,False
1c26a74c-03ef-4302-94a0-3b794cf583ab,SDG Preparation,date,BNPMT Initial Meeting Date,False
1cd11925-91b7-4110-b62f-e26f5980e336,SDG Preparation,date,BNPMT Initial Meeting Date,False
1e0a7577-b08e-46bf-8119-1aa425b90334,SDG Preparation,date,BNPMT Initial Meeting Date,False
2071241b-eaec-4108-9ad5-5d5bc6f96071,SDG Preparation,date,BNPMT Initial Meeting Date,False
2073f1f3-9c70-4e27-9f9e-4105c51be8f7,SDG Preparation,date,BNPMT Initial Meeting Date,False
224b4c22-66d1-40fe-ae57-04c911173d74,SDG Preparation,date,BNPMT Initial Meeting Date,False
232ce729-df65-41ad-ae63-40d269cd34aa,SDG Preparation,date,BNPMT Initial Meeting Date,False
26cf0dca-fe07-4614-9ed1-cc59bbad3c76,SDG Preparation,date,BNPMT Initial Meeting Date,False
279bc6a9-6a87-474f-881b-b14b05f731c8,SDG Preparation,date,BNPMT Initial Meeting Date,False
27c14bd5-9e48-4833-8da0-d0bd2727aaec,SDG Preparation,date,BNPMT Initial Meeting Date,False
280e7e47-9d18-4963-bfa5-22dab94f8408,SDG Preparation,date,BNPMT Initial Meeting Date,False
2916eb15-b065-4f44-ac82-a37475aedeab,SDG Preparation,date,BNPMT Initial Meeting Date,False
2accbe88-b9ce-4d0f-8368-d4f8352301a5,SDG Preparation,date,BNPMT Initial Meeting Date,False
2b0c1e40-571d-4b06-975b-02d163f138ae,SDG Preparation,date,BNPMT Initial Meeting Date,False
2b8070d1-36c9-4562-8686-3551ae2ef257,SDG Preparation,date,BNPMT Initial Meeting Date,False
2c51fad0-036e-4062-96d3-f741d1f23341,SDG Preparation,date,BNPMT Initial Meeting Date,False
2d35dad4-a3f0-44e9-b79b-8ae9f29642fe,SDG Preparation,date,BNPMT Initial Meeting Date,False
2d38b1d0-0919-4d3c-8f42-3e6c62683b50,SDG Preparation,date,BNPMT Initial Meeting Date,False
2dc270c0-27f0-4992-8602-1fbbdcafa7b0,SDG Preparation,date,BNPMT Initial Meeting Date,False
2df84448-6f71-4914-b227-3ffbb6c3f3b8,SDG Preparation,date,BNPMT Initial Meeting Date,False
2e8fea71-0bde-4508-8478-9413704abf1d,SDG Preparation,date,BNPMT Initial Meeting Date,False
2f5ee146-d497-4de9-8d00-e67db4a54563,SDG Preparation,date,BNPMT Initial Meeting Date,False
2f94274e-5b24-467e-a3e1-3ea5dd93bbec,SDG Preparation,date,BNPMT Initial Meeting Date,False
30539da0-ca78-4740-a5b1-da3e35a2f472,SDG Preparation,date,BNPMT Initial Meeting Date,False
31afe2bf-4951-4d57-99ba-6394eb5711ba,SDG Preparation,date,BNPMT Initial Meeting Date,False
31c6c568-37af-4d37-887b-636ff767fea1,SDG Preparation,date,BNPMT Initial Meeting Date,False
3208d7be-c6bf-4fe3-b373-f528c99dd548,SDG Preparation,date,BNPMT Initial Meeting Date,False
349f4f06-0e6c-491c-9e39-16073e2ee0f3,SDG Preparation,date,BNPMT Initial Meeting Date,False
356a9ff0-124e-4a2f-9629-08e72f33b78b,SDG Preparation,date,BNPMT Initial Meeting Date,False
35eb3be5-e50e-49d3-bf7c-42fa6f767e87,SDG Preparation,date,BNPMT Initial Meeting Date,False
36b8a283-3e06-49b9-8236-e5947b849673,SDG Preparation,date,BNPMT Initial Meeting Date,False
388ac56a-d77a-47d8-a1a9-223726638ee9,SDG Preparation,date,BNPMT Initial Meeting Date,False
3954a225-e64e-4e6f-badd-e41ef1ed8ec4,SDG Preparation,date,BNPMT Initial Meeting Date,False
396573ba-a1e2-4428-ad77-276a273884ab,SDG Preparation,date,BNPMT Initial Meeting Date,False
3be48392-7bc2-416c-9064-516e8fbca5fd,SDG Preparation,date,BNPMT Initial Meeting Date,False
3c42d745-e2c8-42df-827f-910a55f563bb,SDG Preparation,date,BNPMT Initial Meeting Date,False
3f8ab05e-a761-4775-8d14-dc3b6ac9c42f,SDG Preparation,date,BNPMT Initial Meeting Date,False
3f9b7639-d592-4f2b-8665-806bc4be4817,SDG Preparation,date,BNPMT Initial Meeting Date,False
41ec9d51-efde-4812-8ea6-541a7ff514a0,SDG Preparation,date,BNPMT Initial Meeting Date,False
42526f23-48f1-49b5-9fde-d5c39fb878ce,SDG Preparation,date,BNPMT Initial Meeting Date,False
4273d858-eb53-49ce-892f-da66c13a1041,SDG Preparation,date,BNPMT Initial Meeting Date,False
4278f28d-1806-4898-b56e-5fe6a7cc3bbb,SDG Preparation,date,BNPMT Initial Meeting Date,False
42bda103-5071-4e05-95df-6a21b02309a0,SDG Preparation,date,BNPMT Initial Meeting Date,False
4300b588-9c0e-490d-9b7f-08074583756e,SDG Preparation,date,BNPMT Initial Meeting Date,False
434c0046-5d1d-4558-919b-fefb46dc5e59,SDG Preparation,date,BNPMT Initial Meeting Date,False
43d8b6eb-c59c-4106-ac90-f3a5145d0fc5,SDG Preparation,date,BNPMT Initial Meeting Date,False
43f0f178-3151-4e8f-9836-5c92522c971f,SDG Preparation,date,BNPMT Initial Meeting Date,False
4510420f-1095-4c0c-b6ff-8f909a92ff6b,SDG Preparation,date,BNPMT Initial Meeting Date,False
45460c60-fb59-4c72-87b1-253ff9674656,SDG Preparation,date,BNPMT Initial Meeting Date,False
47d34a19-20af-453d-ab23-0220c875f015,SDG Preparation,date,BNPMT Initial Meeting Date,False
47d57b40-32df-4108-b2f4-9371b7251603,SDG Preparation,date,BNPMT Initial Meeting Date,False
4a9b897c-da61-4e97-a8e9-e4bc2ce93e96,SDG Preparation,date,BNPMT Initial Meeting Date,False
4ac33e36-e034-4905-bc81-18c4fb117723,SDG Preparation,date,BNPMT Initial Meeting Date,False
4c6f2ef7-46f4-4d5b-b200-dfdc9fc7182c,SDG Preparation,date,BNPMT Initial Meeting Date,False
4c7e1658-26d9-4281-8923-f39602cbe62d,SDG Preparation,date,BNPMT Initial Meeting Date,False
4c859061-4d2d-4ba2-9b25-ed2ea253a660,SDG Preparation,date,BNPMT Initial Meeting Date,False
4d1d0cbd-d678-46bd-9271-5d820b84d247,SDG Preparation,date,BNPMT Initial Meeting Date,False
4df5b564-f29a-4d6f-888a-f45cfafc80a7,SDG Preparation,date,BNPMT Initial Meeting Date,False
4f4ca8f2-642d-486b-9e1b-403d044e0c08,SDG Preparation,date,BNPMT Initial Meeting Date,False
50607850-a7d0-41e6-9e1c-5eaa97970480,SDG Preparation,date,BNPMT Initial Meeting Date,False
51573012-04dc-491f-b41a-0bb4b24efec9,SDG Preparation,date,BNPMT Initial Meeting Date,False
517d3bce-f1df-4b8a-abf5-4714d5dd0e0e,SDG Preparation,date,BNPMT Initial Meeting Date,False
52a0996b-7c44-494d-b776-c61ea23e8151,SDG Preparation,date,BNPMT Initial Meeting Date,False
52e72c12-28f6-40b8-847a-8955b3e9e17e,SDG Preparation,date,BNPMT Initial Meeting Date,False
532eb869-f195-47a4-85d4-c9cd60d5b74d,SDG Preparation,date,BNPMT Initial Meeting Date,False
563107d6-fbe5-4d2e-b9c0-82224b7b799f,SDG Preparation,date,BNPMT Initial Meeting Date,False
563f2f45-f01b-4496-97ed-b87c3c7df7da,SDG Preparation,date,BNPMT Initial Meeting Date,False
5658e206-a582-4aa5-b4c9-8dc15f882ede,SDG Preparation,date,BNPMT Initial Meeting Date,False
592546ba-edaa-4798-a4ba-8ef560f70d8a,SDG Preparation,date,BNPMT Initial Meeting Date,False
59c17cc5-53df-493c-9fe7-8c60fc74b2e9,SDG Preparation,date,BNPMT Initial Meeting Date,False
5a771745-7b29-42b9-b42a-67ae2458aa9f,SDG Preparation,date,BNPMT Initial Meeting Date,False
5b401019-3ea0-4a2b-b244-522d987c44d4,SDG Preparation,date,BNPMT Initial Meeting Date,False
5c691bac-63fb-49b2-8ba2-64943643c0f9,SDG Preparation,date,BNPMT Initial Meeting Date,False
5c9f465d-0d82-45dc-b417-a9f37d22aeca,SDG Preparation,date,BNPMT Initial Meeting Date,False
5d2f4ed6-f0c0-4ca8-b358-0895ecec7264,SDG Preparation,date,BNPMT Initial Meeting Date,False
5d3e70d1-a912-40f5-a96f-2972c859d992,SDG Preparation,date,BNPMT Initial Meeting Date,False
5fe23d01-4b5e-4219-af15-0704686827fc,SDG Preparation,date,BNPMT Initial Meeting Date,False
60ea7851-9e7e-4105-ae9d-fdf7ee9dce7a,SDG Preparation,date,BNPMT Initial Meeting Date,False
6121bb37-1f43-4709-be1d-7e2e0e1524e4,SDG Preparation,date,BNPMT Initial Meeting Date,False
62752f90-fcb7-4eba-9d0d-64cfd883a3f6,SDG Preparation,date,BNPMT Initial Meeting Date,False
644cea4d-9889-4f33-8e94-aba05cac72c7,SDG Preparation,date,BNPMT Initial Meeting Date,False
64d33085-d365-4e7c-9a9a-03f009e60a7d,SDG Preparation,date,BNPMT Initial Meeting Date,False
64d488e8-b0ea-4975-8cab-b5e1c5e7081e,SDG Preparation,date,BNPMT Initial Meeting Date,False
656ea06b-143e-4e04-981b-cc409f142662,SDG Preparation,date,BNPMT Initial Meeting Date,False
658036b5-c984-434a-b72d-88cfcafee003,SDG Preparation,date,BNPMT Initial Meeting Date,False
65abf3d1-0cd4-4d40-bcce-156a76c0a035,SDG Preparation,date,BNPMT Initial Meeting Date,False
65e2a59a-dd59-4fdb-abc6-741972bc1a84,SDG Preparation,date,BNPMT Initial Meeting Date,False
661424ae-5057-4909-bdf3-9ae7ec847d24,SDG Preparation,date,BNPMT Initial Meeting Date,False
674aac2b-0390-4171-8c9d-4c1c3c03a8e6,SDG Preparation,date,BNPMT Initial Meeting Date,False
685474b8-5a90-49b6-aa6c-59b65628eaf9,SDG Preparation,date,BNPMT Initial Meeting Date,False
68fff0c7-741d-465d-971e-9c3aae683fa3,SDG Preparation,date,BNPMT Initial Meeting Date,False
6c913f9b-c332-4952-a70d-1a6231261340,SDG Preparation,date,BNPMT Initial Meeting Date,False
6e11e177-b4ea-45fe-8c56-0af3e9e2e1e6,SDG Preparation,date,BNPMT Initial Meeting Date,False
6e992441-2a89-4294-a7f4-9becec15e22b,SDG Preparation,date,BNPMT Initial Meeting Date,False
6eb1f8a6-6dcb-4f27-990f-3c938fd2478d,SDG Preparation,date,BNPMT Initial Meeting Date,False
6ef3661c-b813-425e-95ee-75a33095b612,SDG Preparation,date,BNPMT Initial Meeting Date,False
6f50e23b-ce21-4e18-8fb6-f7775b89e41e,SDG Preparation,date,BNPMT Initial Meeting Date,False
7113f4e2-9519-404d-bd73-191cffcaaeb7,SDG Preparation,date,BNPMT Initial Meeting Date,False
713bada4-df31-4258-9b20-9dadac43c1cc,SDG Preparation,date,BNPMT Initial Meeting Date,False
71bd7472-26c4-4cd1-a1fd-d23bc11cf9e0,SDG Preparation,date,BNPMT Initial Meeting Date,False
71e8bdde-35a5-43a0-9ebd-53cd29bb5aed,SDG Preparation,date,BNPMT Initial Meeting Date,False
7247c6cc-a4f8-422b-a0d4-eb7023de52c4,SDG Preparation,date,BNPMT Initial Meeting Date,False
72ba07e4-1073-4c30-976b-4c6d836a7afa,SDG Preparation,date,BNPMT Initial Meeting Date,False
7359cb4b-7f34-4322-9379-448e4c4a3ebf,SDG Preparation,date,BNPMT Initial Meeting Date,False
7381c72c-ddc3-406e-82af-988a5972a2c9,SDG Preparation,date,BNPMT Initial Meeting Date,False
73d073a5-d31c-49c5-8e37-9edf2f970f4b,SDG Preparation,date,BNPMT Initial Meeting Date,False
753784a3-c5ec-4826-a5ee-dfc9664cbf90,SDG Preparation,date,BNPMT Initial Meeting Date,False
76f5cfc6-aae5-470d-bdd3-9492644e3dbd,SDG Preparation,date,BNPMT Initial Meeting Date,False
77487dfc-4eaa-4b0d-97fc-91b3614a9542,SDG Preparation,date,BNPMT Initial Meeting Date,False
77621ac9-146a-4540-bdf2-e59e63e5278d,SDG Preparation,date,BNPMT Initial Meeting Date,False
79b7bb6e-2230-4d76-a4fc-b498031190a3,SDG Preparation,date,BNPMT Initial Meeting Date,False
79d28d84-31cd-4e95-9e98-92fb3e480065,SDG Preparation,date,BNPMT Initial Meeting Date,False
7ae1272a-e47a-4228-aae8-7855b6737052,SDG Preparation,date,BNPMT Initial Meeting Date,False
7c356590-c4df-4f86-a44e-ab562321ee09,SDG Preparation,date,BNPMT Initial Meeting Date,False
7c43bc46-6034-4df6-a40f-d8bba45e320a,SDG Preparation,date,BNPMT Initial Meeting Date,False
7c66762a-21ce-4e96-a766-1b705463e62c,SDG Preparation,date,BNPMT Initial Meeting Date,False
7c9256d8-ff1b-4208-a542-9c2485ea95d7,SDG Preparation,date,BNPMT Initial Meeting Date,False
7d002e7e-6ac9-47ea-8ae7-5ef111b9202a,SDG Preparation,date,BNPMT Initial Meeting Date,False
7d0bd82d-b71e-48a5-885c-0e6efbccb57b,SDG Preparation,date,BNPMT Initial Meeting Date,False
7e09d6dd-6a16-4878-a186-686978528cb6,SDG Preparation,date,BNPMT Initial Meeting Date,False
7e6ad85c-4984-4a98-87e8-574a2eebdc47,SDG Preparation,date,BNPMT Initial Meeting Date,False
7ee95840-8e0a-4dde-8636-ca10711f046e,SDG Preparation,date,BNPMT Initial Meeting Date,False
7f405a54-2777-4fa1-85c0-8dbaa1c7d361,SDG Preparation,date,BNPMT Initial Meeting Date,False
805e0f96-ad57-490a-b16b-76811f9d3cbe,SDG Preparation,date,BNPMT Initial Meeting Date,False
80a1a128-5ef0-47ba-af5a-d9bb4be2af9f,SDG Preparation,date,BNPMT Initial Meeting Date,False
812eee93-224e-45d1-8b44-b5f112330a1c,SDG Preparation,date,BNPMT Initial Meeting Date,False
8263c0a9-0ff4-42af-a9be-bbc9eac3c117,SDG Preparation,date,BNPMT Initial Meeting Date,False
83c3e37c-2043-4d84-ba05-c305d78b230b,SDG Preparation,date,BNPMT Initial Meeting Date,False
85091d55-a133-4bef-af0a-f8c0ec9f7a55,SDG Preparation,date,BNPMT Initial Meeting Date,False
861404d8-993a-4c33-965d-bc3c1e399e6e,SDG Preparation,date,BNPMT Initial Meeting Date,False
86761e5d-41eb-44ed-8f8b-2ce49781c2be,SDG Preparation,date,BNPMT Initial Meeting Date,False
86ae7990-339a-4643-a194-dd0455c29760,SDG Preparation,date,BNPMT Initial Meeting Date,False
86df92e1-e4ed-47f1-9bdf-56f216818bba,SDG Preparation,date,BNPMT Initial Meeting Date,False
886828db-adcb-49a5-9550-45030a0bf747,SDG Preparation,date,BNPMT Initial Meeting Date,False
89897d99-9c7e-4475-9815-3e71708dd352,SDG Preparation,date,BNPMT Initial Meeting Date,False
8cb9aba6-e34e-451a-81b5-49212188a3a5,SDG Preparation,date,BNPMT Initial Meeting Date,False
8cbe1c30-8b78-4c66-8b4d-1dc6aa90b759,SDG Preparation,date,BNPMT Initial Meeting Date,False
8dd91d38-fbd3-4d49-8735-c3aa42dc6a73,SDG Preparation,date,BNPMT Initial Meeting Date,False
8e1176a4-6d9e-4258-b058-855ee4b31b9d,SDG Preparation,date,BNPMT Initial Meeting Date,False
8f00753c-cc0e-4a2a-a810-2ad6159fb047,SDG Preparation,date,BNPMT Initial Meeting Date,False
8f1f11a7-8398-47e4-8891-9b03b1a8560d,SDG Preparation,date,BNPMT Initial Meeting Date,False
9082ab6c-6c8c-4290-8cb9-0497a54b355b,SDG Preparation,date,BNPMT Initial Meeting Date,False
9125774f-80db-44ba-a2c0-9fdcbd3deef9,SDG Preparation,date,BNPMT Initial Meeting Date,False
9368bc5d-845f-4100-8e38-82a4895b751a,SDG Preparation,date,BNPMT Initial Meeting Date,False
937936aa-d1ee-4041-8200-0d2b53c7c9b1,SDG Preparation,date,BNPMT Initial Meeting Date,False
93aac463-f051-4f83-bdf7-8f3a5b6c6205,SDG Preparation,date,BNPMT Initial Meeting Date,False
946c3779-7558-40f6-b24b-e7f1a581f2f5,SDG Preparation,date,BNPMT Initial Meeting Date,False
950fcd2f-4f1f-41dd-bc0d-ac257837771d,SDG Preparation,date,BNPMT Initial Meeting Date,False
96bf3ad9-99db-4a02-be53-a022ee5a272a,SDG Preparation,date,BNPMT Initial Meeting Date,False
982be203-d26f-477d-bcc6-cea99fb4d491,SDG Preparation,date,BNPMT Initial Meeting Date,False
98c57471-6d7f-4432-b122-43ef914f1beb,SDG Preparation,date,BNPMT Initial Meeting Date,False
99b5f4e4-9072-4d43-a767-888ff839fa20,SDG Preparation,date,BNPMT Initial Meeting Date,False
9a7713d3-de8b-44aa-a022-f597dfbf0773,SDG Preparation,date,BNPMT Initial Meeting Date,False
9ad8ca1f-1260-4f7b-b292-d4705c67a713,SDG Preparation,date,BNPMT Initial Meeting Date,False
9af9da7a-22c7-483a-a78f-b785ea1841a2,SDG Preparation,date,BNPMT Initial Meeting Date,False
9b235170-7893-4b07-89a6-d0a338e0cc13,SDG Preparation,date,BNPMT Initial Meeting Date,False
9b75046b-5e27-4b6a-898f-0374e0357255,SDG Preparation,date,BNPMT Initial Meeting Date,False
9beda77c-9c5b-491c-82f2-2ad45f002b6f,SDG Preparation,date,BNPMT Initial Meeting Date,False
9d5f9218-6afd-465f-aea0-783c6494a809,SDG Preparation,date,BNPMT Initial Meeting Date,False
9e0362bb-03dd-4149-9164-5827f02feb08,SDG Preparation,date,BNPMT Initial Meeting Date,False
9f4e6bbb-1e12-45c4-b519-51cb75c49ef4,SDG Preparation,date,BNPMT Initial Meeting Date,False
a0426e42-6d70-4059-b67d-0d0135a58ba8,SDG Preparation,date,BNPMT Initial Meeting Date,False
a07522dd-7b9f-43a8-9afd-7807503c1361,SDG Preparation,date,BNPMT Initial Meeting Date,False
a1720a4f-5984-4b4c-b929-d10fb071ee97,SDG Preparation,date,BNPMT Initial Meeting Date,False
a4c7e4c0-c0d3-4f12-8b13-3d259379ccdc,SDG Preparation,date,BNPMT Initial Meeting Date,False
a4cb9112-817b-4bd9-a566-75fba2a9ac6d,SDG Preparation,date,BNPMT Initial Meeting Date,False
a5380e32-3927-46eb-a048-f48664ffb809,SDG Preparation,date,BNPMT Initial Meeting Date,False
a664bde0-11bc-47f3-876f-392e943b092c,SDG Preparation,date,BNPMT Initial Meeting Date,False
a6c8c1b0-0a39-40ae-b9cc-f00018e3e41a,SDG Preparation,date,BNPMT Initial Meeting Date,False
a9341a96-f3ac-4d19-b867-805c1c13e0bf,SDG Preparation,date,BNPMT Initial Meeting Date,False
af7fe1f7-b3b6-4372-bc4f-e4b3c8e8b574,SDG Preparation,date,BNPMT Initial Meeting Date,False
b2b50a67-a9c7-4796-8bbb-2885202e8cf5,SDG Preparation,date,BNPMT Initial Meeting Date,False
b40aacee-3dac-447e-a9b6-23b85ad86812,SDG Preparation,date,BNPMT Initial Meeting Date,False
b4397db8-6c82-4093-8872-91cbf5698efe,SDG Preparation,date,BNPMT Initial Meeting Date,False
b526c4a0-fd7e-4b09-af5f-302fc71143a2,SDG Preparation,date,BNPMT Initial Meeting Date,False
b58d203e-fe49-446d-8872-05ee866c51bc,SDG Preparation,date,BNPMT Initial Meeting Date,False
b646eaa5-5146-42ba-8793-f9ff4daffbfb,SDG Preparation,date,BNPMT Initial Meeting Date,False
b8979015-28d2-462d-b4c9-23e734e74637,SDG Preparation,date,BNPMT Initial Meeting Date,False
b8ca0693-642b-42a5-89d5-a0f271e2beaa,SDG Preparation,date,BNPMT Initial Meeting Date,False
b8ce4b5d-b2e0-49ce-9878-2f77b5da13a3,SDG Preparation,date,BNPMT Initial Meeting Date,False
b948eef7-7d1c-44a1-bce9-264e1bd1adbd,SDG Preparation,date,BNPMT Initial Meeting Date,False
b973a0b2-97a5-4846-8396-ba03f50995ef,SDG Preparation,date,BNPMT Initial Meeting Date,False
b9d64f02-8673-49dd-892f-63a63865358e,SDG Preparation,date,BNPMT Initial Meeting Date,False
bb46787a-42bc-417f-a7b8-cdef0fda771f,SDG Preparation,date,BNPMT Initial Meeting Date,False
bc2eaa99-81ce-4727-9212-2e647e4e40a1,SDG Preparation,date,BNPMT Initial Meeting Date,False
bc598f12-3acd-4021-9163-0c01c53d11dd,SDG Preparation,date,BNPMT Initial Meeting Date,False
bcff12d0-748c-47e9-ac21-567260b29630,SDG Preparation,date,BNPMT Initial Meeting Date,False
bd04b5ec-78bb-42e4-af8b-28d59388da88,SDG Preparation,date,BNPMT Initial Meeting Date,False
bd48c893-ab19-4763-88b0-91f9347cc516,SDG Preparation,date,BNPMT Initial Meeting Date,False
bd8d30ad-ee9d-4ba5-a2ff-d2940fde0be3,SDG Preparation,date,BNPMT Initial Meeting Date,False
be09c9ac-d9b9-4370-a268-d973ec0d16f5,SDG Preparation,date,BNPMT Initial Meeting Date,False
be915209-b5be-4971-8147-6e50ee5ed395,SDG Preparation,date,BNPMT Initial Meeting Date,False
bf144d9c-f861-4915-9640-faae738fe092,SDG Preparation,date,BNPMT Initial Meeting Date,False
bf354cb7-af95-45ad-9efa-9e9c76184a8a,SDG Preparation,date,BNPMT Initial Meeting Date,False
c018c553-bf3d-4713-97a6-5aa5d2952c59,SDG Preparation,date,BNPMT Initial Meeting Date,False
c0a1acc2-15f1-458d-94b6-c5fed8f205d4,SDG Preparation,date,BNPMT Initial Meeting Date,False
c13062a4-817d-498f-8c5e-e4f449c1d978,SDG Preparation,date,BNPMT Initial Meeting Date,False
c16a997e-e0f9-4347-8494-9ce77a7ad192,SDG Preparation,date,BNPMT Initial Meeting Date,False
c2f49dfd-0b97-4aab-bc5c-416624ae2cf9,SDG Preparation,date,BNPMT Initial Meeting Date,False
c3046e84-add8-4311-8c2b-a4b4b454c7fd,SDG Preparation,date,BNPMT Initial Meeting Date,False
c34edfa1-113c-47c3-8443-aa98f8a984c7,SDG Preparation,date,BNPMT Initial Meeting Date,False
c5798784-3aef-4ad7-b15a-8248b8a7a274,SDG Preparation,date,BNPMT Initial Meeting Date,False
c74f0781-a0c4-4277-9844-6daa46cdc03d,SDG Preparation,date,BNPMT Initial Meeting Date,False
c7b6bc2b-de8c-4594-94a2-f94a7cdbec01,SDG Preparation,date,BNPMT Initial Meeting Date,False
c7c07fe5-ac27-4296-9440-13916aa30f3a,SDG Preparation,date,BNPMT Initial Meeting Date,False
c88d9b17-5c4d-4c6c-b028-d0ba7894ef2f,SDG Preparation,date,BNPMT Initial Meeting Date,False
c8dabc76-00ef-4790-b6bf-569e26aa1ed9,SDG Preparation,date,BNPMT Initial Meeting Date,False
cace5bc9-6f15-4469-b848-03d64fa0662f,SDG Preparation,date,BNPMT Initial Meeting Date,False
cb5f2906-d9da-497b-8695-092e12c18b9e,SDG Preparation,date,BNPMT Initial Meeting Date,False
cb65dde4-8817-4d5e-8d2d-ca9819c0905d,SDG Preparation,date,BNPMT Initial Meeting Date,False
cb7441d0-c691-4dfb-b98d-a2a8f4b7e81f,SDG Preparation,date,BNPMT Initial Meeting Date,False
ccf6abde-3eae-4fb9-a473-bcf38786512f,SDG Preparation,date,BNPMT Initial Meeting Date,False
cd347114-a964-462b-a855-bfd14c955c14,SDG Preparation,date,BNPMT Initial Meeting Date,False
cd8bd6bd-4867-4466-84f4-2d6f204c8628,SDG Preparation,date,BNPMT Initial Meeting Date,False
cd8d6037-25d7-40a0-879c-b8d85f443f35,SDG Preparation,date,BNPMT Initial Meeting Date,False
cdb1dabc-8e0f-4648-9216-4540cfe80211,SDG Preparation,date,BNPMT Initial Meeting Date,False
ce6100de-f679-44c4-bd26-819ef099a5cb,SDG Preparation,date,BNPMT Initial Meeting Date,False
ce6b5e64-f60b-4661-b1f2-10c25e1c6ad1,SDG Preparation,date,BNPMT Initial Meeting Date,False
cfd0656a-ae45-41c2-bb82-62df6645076f,SDG Preparation,date,BNPMT Initial Meeting Date,False
d2e61c74-178a-4791-b53d-8a1e4ebddd40,SDG Preparation,date,BNPMT Initial Meeting Date,False
d40d1207-a663-40bd-8036-287fc06ea360,SDG Preparation,date,BNPMT Initial Meeting Date,False
d4ce7d33-6c38-4061-85a7-09a7d7be42fd,SDG Preparation,date,BNPMT Initial Meeting Date,False
d6bc8012-3397-4f21-84af-61f59f658e89,SDG Preparation,date,BNPMT Initial Meeting Date,False
d74e616c-e6db-4410-9ce1-eadd02eca4e5,SDG Preparation,date,BNPMT Initial Meeting Date,False
d81482a4-fc33-45dc-be8b-9a3a0dd1356e,SDG Preparation,date,BNPMT Initial Meeting Date,False
da5535b9-14bf-48f9-9061-03a8b14f988c,SDG Preparation,date,BNPMT Initial Meeting Date,False
daa5e216-e5ee-4567-a2dc-6165b252b2fb,SDG Preparation,date,BNPMT Initial Meeting Date,False
dac3f05e-1815-4d03-8066-5aa5c1c7ff4a,SDG Preparation,date,BNPMT Initial Meeting Date,False
dbb154f3-4cf5-430e-adbd-df9df5867685,SDG Preparation,date,BNPMT Initial Meeting Date,False
dc8dd640-fc64-4ba3-9894-f243b1e14869,SDG Preparation,date,BNPMT Initial Meeting Date,False
dcdd103d-91da-441d-bd81-3aebf0b31e37,SDG Preparation,date,BNPMT Initial Meeting Date,False
dd544bef-c3da-45bb-b665-546f32a96a7e,SDG Preparation,date,BNPMT Initial Meeting Date,False
e05f17af-8550-4ebe-81d5-e3804993556c,SDG Preparation,date,BNPMT Initial Meeting Date,False
e084fdf7-7572-4eda-9b86-bf3bed22ba02,SDG Preparation,date,BNPMT Initial Meeting Date,False
e14e3eb8-f350-403c-bee3-21868690dfe4,SDG Preparation,date,BNPMT Initial Meeting Date,False
e1db1851-cd99-4ccc-82aa-a2a48982c475,SDG Preparation,date,BNPMT Initial Meeting Date,False
e3b59b4d-8488-4e32-ae71-b6b3c244ef41,SDG Preparation,date,BNPMT Initial Meeting Date,False
e3cbac18-f203-4de2-bda7-dc9a2dc03f58,SDG Preparation,date,BNPMT Initial Meeting Date,False
e4d572d3-49e4-4f44-992a-ea12360501cb,SDG Preparation,date,BNPMT Initial Meeting Date,False
e50ea93d-3fdc-4ca1-b94b-958c044e6330,SDG Preparation,date,BNPMT Initial Meeting Date,False
e576fa42-1317-481f-bb30-8e5b26e96c27,SDG Preparation,date,BNPMT Initial Meeting Date,False
e7572db9-1cc7-4455-9d22-d0d676dd4792,SDG Preparation,date,BNPMT Initial Meeting Date,False
e79fd204-c812-4957-a90a-46c3beb81d56,SDG Preparation,date,BNPMT Initial Meeting Date,False
e7ed830c-61a5-4f3b-b6e0-b7c2f120fd3e,SDG Preparation,date,BNPMT Initial Meeting Date,False
e9225e11-2ed6-4c44-b08b-497ff585e349,SDG Preparation,date,BNPMT Initial Meeting Date,False
ec1d7adf-e662-4db6-a5a5-d6ab811f2d24,SDG Preparation,date,BNPMT Initial Meeting Date,False
ec46307f-ec7b-4e65-a15e-bb1c3d360114,SDG Preparation,date,BNPMT Initial Meeting Date,False
ec76e94b-178b-414b-a442-16cfa3b83a2e,SDG Preparation,date,BNPMT Initial Meeting Date,False
eef2cfd3-6b55-45b0-82ef-17f2d932c519,SDG Preparation,date,BNPMT Initial Meeting Date,False
f13dadee-5052-421c-b42b-3dbba6740c2e,SDG Preparation,date,BNPMT Initial Meeting Date,False
f1ddca41-3217-44af-bcff-bc2e2fd2b710,SDG Preparation,date,BNPMT Initial Meeting Date,False
f28de1d9-0c7f-482b-be4a-37a5010395b6,SDG Preparation,date,BNPMT Initial Meeting Date,False
f35c1cd7-761e-4072-a2d6-1abe8117ced5,SDG Preparation,date,BNPMT Initial Meeting Date,False
f42e43e2-536c-445c-88b3-5ef2a83423ad,SDG Preparation,date,BNPMT Initial Meeting Date,False
f4358c61-6506-497e-a179-dac4603ce4a4,SDG Preparation,date,BNPMT Initial Meeting Date,False
f641320f-8cae-452f-999f-f650d13d24ff,SDG Preparation,date,BNPMT Initial Meeting Date,False
f69d1f8d-849e-4c43-84af-1d6aadb19433,SDG Preparation,date,BNPMT Initial Meeting Date,False
f6eec1f1-9bdc-41ea-a810-e0695dd360b1,SDG Preparation,date,BNPMT Initial Meeting Date,False
f723aea0-4ef8-4a60-b98e-0393f346cfbd,SDG Preparation,date,BNPMT Initial Meeting Date,False
f74d0af7-eee2-4cdf-8279-b5494534de99,SDG Preparation,date,BNPMT Initial Meeting Date,False
f8750186-e249-4421-8246-abb93a6a80e2,SDG Preparation,date,BNPMT Initial Meeting Date,False
f935244b-2eac-4613-b7fa-d94d731015c5,SDG Preparation,date,BNPMT Initial Meeting Date,False
fa23b695-abaf-4991-a36c-fd3b562bca5d,SDG Preparation,date,BNPMT Initial Meeting Date,False
fa288f4b-d424-4cfa-8faa-c1e2b08dc009,SDG Preparation,date,BNPMT Initial Meeting Date,False
fb5ab5b6-9802-4344-9765-bc636223a99c,SDG Preparation,date,BNPMT Initial Meeting Date,False
fb67f194-6495-46de-b313-f37e3f77892e,SDG Preparation,date,BNPMT Initial Meeting Date,False
fbca251b-1a37-4c01-bc0f-7a8f956e81fd,SDG Preparation,date,BNPMT Initial Meeting Date,False
fc8af835-194a-4fdb-a3db-750a7af79998,SDG Preparation,date,BNPMT Initial Meeting Date,False
fd3ac48a-a385-4ba1-b26f-f078f892ccfc,SDG Preparation,date,BNPMT Initial Meeting Date,False
fdf14feb-7061-4c29-b811-3421897765e1,SDG Preparation,date,BNPMT Initial Meeting Date,False
fe0d0cd6-268b-42a8-a671-88f6cf199192,SDG Preparation,date,BNPMT Initial Meeting Date,False
fe371a3a-ba6b-4f7c-83e7-60f36602e89d,SDG Preparation,date,BNPMT Initial Meeting Date,False
007cc95c-92ae-40cc-850e-50bb331b658d,SDG Preparation,date,Expected Approval Date,False
01202dd5-67e9-432f-a5ef-d9e4e49f8f76,SDG Preparation,date,Expected Approval Date,False
0181f074-ee92-420b-822d-aedfadcd4c7d,SDG Preparation,date,Expected Approval Date,False
01dca696-c094-4f14-ade8-c96f19292a92,SDG Preparation,date,Expected Approval Date,False
0473183d-2e93-4371-a841-47350d3e765b,SDG Preparation,date,Expected Approval Date,False
08ced498-8997-401c-a186-daa67a4ff809,SDG Preparation,date,Expected Approval Date,False
08fceebe-6835-408b-97de-b7f3b8522706,SDG Preparation,date,Expected Approval Date,False
0965889d-2796-4022-adc9-7ad6b2f7895e,SDG Preparation,date,Expected Approval Date,False
0977ad7f-a35c-4e4e-b50b-2f1834ad5014,SDG Preparation,date,Expected Approval Date,False
09f34d93-656c-4793-ad53-f06d53f03192,SDG Preparation,date,Expected Approval Date,False
0a7679ae-d047-49fb-9996-9c5c497a1ad5,SDG Preparation,date,Expected Approval Date,False
0aacc3ec-a6fc-41cb-84e3-3fd8ca5f4c25,SDG Preparation,date,Expected Approval Date,False
0ad53526-62cf-405b-aaaf-d62dfa2433b6,SDG Preparation,date,Expected Approval Date,False
0b11ca84-a492-41e1-9fb1-7c988da310ba,SDG Preparation,date,Expected Approval Date,False
0b49419b-eb17-4fb1-99e2-79f58fca2b75,SDG Preparation,date,Expected Approval Date,False
0b8752ca-48d3-4e08-8369-d92c9d1b0427,SDG Preparation,date,Expected Approval Date,False
0c74168d-4ed3-485b-aca4-d82cd5ca4fa5,SDG Preparation,date,Expected Approval Date,False
0cc17b4c-5437-425e-9700-c8e90f09aaf6,SDG Preparation,date,Expected Approval Date,False
0cdb6064-b473-4a2e-bdc2-d6dfded63446,SDG Preparation,date,Expected Approval Date,False
0fbdef7a-fb36-430d-ae8d-0d34882e1c74,SDG Preparation,date,Expected Approval Date,False
0fcfc81f-e55a-4374-ba2b-ec37081df6d3,SDG Preparation,date,Expected Approval Date,False
110f9760-16ff-4adf-8f29-1c0a24db5ca0,SDG Preparation,date,Expected Approval Date,False
11bbbe73-e085-4be3-84ec-70cfb3a2f31b,SDG Preparation,date,Expected Approval Date,False
123b47d8-b25f-448b-a762-b51d97c518dc,SDG Preparation,date,Expected Approval Date,False
13fbcf4d-aaac-4d6f-9c56-1c7de963b003,SDG Preparation,date,Expected Approval Date,False
14631a8e-32a3-4657-a29e-9374112a72e9,SDG Preparation,date,Expected Approval Date,False
150fd48e-7a9a-4417-a4a2-04e6240e0da1,SDG Preparation,date,Expected Approval Date,False
16b94b99-94e4-47f7-86f2-235d6fbbb3f0,SDG Preparation,date,Expected Approval Date,False
17d07543-f9f1-481f-90e3-49125eea23d3,SDG Preparation,date,Expected Approval Date,False
17fae73d-32e2-487b-802d-4245eb8dac1b,SDG Preparation,date,Expected Approval Date,False
18bf9f77-362a-405b-849c-d2c642fcd9b4,SDG Preparation,date,Expected Approval Date,False
194ee888-180e-4ec1-86e2-90ac54999c6e,SDG Preparation,date,Expected Approval Date,False
196cd174-4db0-4d4d-bc83-612c75b53c0c,SDG Preparation,date,Expected Approval Date,False
19cde612-c7fa-42bf-861e-c527ab0b5b6e,SDG Preparation,date,Expected Approval Date,False
1ac4f92b-8b39-4081-ab13-f12d29995ba7,SDG Preparation,date,Expected Approval Date,False
1ad59f7a-cd6e-4454-8809-f1529f4d2590,SDG Preparation,date,Expected Approval Date,False
1b0a267d-bb05-4d13-9499-9ce34b1aff6f,SDG Preparation,date,Expected Approval Date,False
1b155e69-e927-4a64-be66-940ac3093a0d,SDG Preparation,date,Expected Approval Date,False
1b3322cf-8bdf-4cfd-85fc-880f96ae6c78,SDG Preparation,date,Expected Approval Date,False
1b4db82b-54a7-4da0-b5ae-9d677c54a565,SDG Preparation,date,Expected Approval Date,False
1bd03341-d171-424d-8bf8-acb73c44c57a,SDG Preparation,date,Expected Approval Date,False
1c26a74c-03ef-4302-94a0-3b794cf583ab,SDG Preparation,date,Expected Approval Date,False
1cd11925-91b7-4110-b62f-e26f5980e336,SDG Preparation,date,Expected Approval Date,False
1e0a7577-b08e-46bf-8119-1aa425b90334,SDG Preparation,date,Expected Approval Date,False
2071241b-eaec-4108-9ad5-5d5bc6f96071,SDG Preparation,date,Expected Approval Date,False
2073f1f3-9c70-4e27-9f9e-4105c51be8f7,SDG Preparation,date,Expected Approval Date,False
224b4c22-66d1-40fe-ae57-04c911173d74,SDG Preparation,date,Expected Approval Date,False
232ce729-df65-41ad-ae63-40d269cd34aa,SDG Preparation,date,Expected Approval Date,False
26cf0dca-fe07-4614-9ed1-cc59bbad3c76,SDG Preparation,date,Expected Approval Date,False
279bc6a9-6a87-474f-881b-b14b05f731c8,SDG Preparation,date,Expected Approval Date,False
27c14bd5-9e48-4833-8da0-d0bd2727aaec,SDG Preparation,date,Expected Approval Date,False
280e7e47-9d18-4963-bfa5-22dab94f8408,SDG Preparation,date,Expected Approval Date,False
2916eb15-b065-4f44-ac82-a37475aedeab,SDG Preparation,date,Expected Approval Date,False
2accbe88-b9ce-4d0f-8368-d4f8352301a5,SDG Preparation,date,Expected Approval Date,False
2b0c1e40-571d-4b06-975b-02d163f138ae,SDG Preparation,date,Expected Approval Date,False
2b8070d1-36c9-4562-8686-3551ae2ef257,SDG Preparation,date,Expected Approval Date,False
2c51fad0-036e-4062-96d3-f741d1f23341,SDG Preparation,date,Expected Approval Date,False
2d35dad4-a3f0-44e9-b79b-8ae9f29642fe,SDG Preparation,date,Expected Approval Date,False
2d38b1d0-0919-4d3c-8f42-3e6c62683b50,SDG Preparation,date,Expected Approval Date,False
2dc270c0-27f0-4992-8602-1fbbdcafa7b0,SDG Preparation,date,Expected Approval Date,False
2df84448-6f71-4914-b227-3ffbb6c3f3b8,SDG Preparation,date,Expected Approval Date,False
2e8fea71-0bde-4508-8478-9413704abf1d,SDG Preparation,date,Expected Approval Date,False
2f5ee146-d497-4de9-8d00-e67db4a54563,SDG Preparation,date,Expected Approval Date,False
2f94274e-5b24-467e-a3e1-3ea5dd93bbec,SDG Preparation,date,Expected Approval Date,False
30539da0-ca78-4740-a5b1-da3e35a2f472,SDG Preparation,date,Expected Approval Date,False
31afe2bf-4951-4d57-99ba-6394eb5711ba,SDG Preparation,date,Expected Approval Date,False
31c6c568-37af-4d37-887b-636ff767fea1,SDG Preparation,date,Expected Approval Date,False
3208d7be-c6bf-4fe3-b373-f528c99dd548,SDG Preparation,date,Expected Approval Date,False
349f4f06-0e6c-491c-9e39-16073e2ee0f3,SDG Preparation,date,Expected Approval Date,False
356a9ff0-124e-4a2f-9629-08e72f33b78b,SDG Preparation,date,Expected Approval Date,False
35eb3be5-e50e-49d3-bf7c-42fa6f767e87,SDG Preparation,date,Expected Approval Date,False
36b8a283-3e06-49b9-8236-e5947b849673,SDG Preparation,date,Expected Approval Date,False
388ac56a-d77a-47d8-a1a9-223726638ee9,SDG Preparation,date,Expected Approval Date,False
3954a225-e64e-4e6f-badd-e41ef1ed8ec4,SDG Preparation,date,Expected Approval Date,False
396573ba-a1e2-4428-ad77-276a273884ab,SDG Preparation,date,Expected Approval Date,False
3be48392-7bc2-416c-9064-516e8fbca5fd,SDG Preparation,date,Expected Approval Date,False
3c42d745-e2c8-42df-827f-910a55f563bb,SDG Preparation,date,Expected Approval Date,False
3f8ab05e-a761-4775-8d14-dc3b6ac9c42f,SDG Preparation,date,Expected Approval Date,False
3f9b7639-d592-4f2b-8665-806bc4be4817,SDG Preparation,date,Expected Approval Date,False
4273d858-eb53-49ce-892f-da66c13a1041,SDG Preparation,date,Expected Approval Date,False
4278f28d-1806-4898-b56e-5fe6a7cc3bbb,SDG Preparation,date,Expected Approval Date,False
42bda103-5071-4e05-95df-6a21b02309a0,SDG Preparation,date,Expected Approval Date,False
4300b588-9c0e-490d-9b7f-08074583756e,SDG Preparation,date,Expected Approval Date,False
434c0046-5d1d-4558-919b-fefb46dc5e59,SDG Preparation,date,Expected Approval Date,False
43d8b6eb-c59c-4106-ac90-f3a5145d0fc5,SDG Preparation,date,Expected Approval Date,False
43f0f178-3151-4e8f-9836-5c92522c971f,SDG Preparation,date,Expected Approval Date,False
4510420f-1095-4c0c-b6ff-8f909a92ff6b,SDG Preparation,date,Expected Approval Date,False
45460c60-fb59-4c72-87b1-253ff9674656,SDG Preparation,date,Expected Approval Date,False
47d34a19-20af-453d-ab23-0220c875f015,SDG Preparation,date,Expected Approval Date,False
47d57b40-32df-4108-b2f4-9371b7251603,SDG Preparation,date,Expected Approval Date,False
4a9b897c-da61-4e97-a8e9-e4bc2ce93e96,SDG Preparation,date,Expected Approval Date,False
4ac33e36-e034-4905-bc81-18c4fb117723,SDG Preparation,date,Expected Approval Date,False
4c6f2ef7-46f4-4d5b-b200-dfdc9fc7182c,SDG Preparation,date,Expected Approval Date,False
4c7e1658-26d9-4281-8923-f39602cbe62d,SDG Preparation,date,Expected Approval Date,False
4c859061-4d2d-4ba2-9b25-ed2ea253a660,SDG Preparation,date,Expected Approval Date,False
4d1d0cbd-d678-46bd-9271-5d820b84d247,SDG Preparation,date,Expected Approval Date,False
4df5b564-f29a-4d6f-888a-f45cfafc80a7,SDG Preparation,date,Expected Approval Date,False
4f4ca8f2-642d-486b-9e1b-403d044e0c08,SDG Preparation,date,Expected Approval Date,False
50607850-a7d0-41e6-9e1c-5eaa97970480,SDG Preparation,date,Expected Approval Date,False
51573012-04dc-491f-b41a-0bb4b24efec9,SDG Preparation,date,Expected Approval Date,False
517d3bce-f1df-4b8a-abf5-4714d5dd0e0e,SDG Preparation,date,Expected Approval Date,False
52a0996b-7c44-494d-b776-c61ea23e8151,SDG Preparation,date,Expected Approval Date,False
52e72c12-28f6-40b8-847a-8955b3e9e17e,SDG Preparation,date,Expected Approval Date,False
532eb869-f195-47a4-85d4-c9cd60d5b74d,SDG Preparation,date,Expected Approval Date,False
563107d6-fbe5-4d2e-b9c0-82224b7b799f,SDG Preparation,date,Expected Approval Date,False
563f2f45-f01b-4496-97ed-b87c3c7df7da,SDG Preparation,date,Expected Approval Date,False
5658e206-a582-4aa5-b4c9-8dc15f882ede,SDG Preparation,date,Expected Approval Date,False
592546ba-edaa-4798-a4ba-8ef560f70d8a,SDG Preparation,date,Expected Approval Date,False
59c17cc5-53df-493c-9fe7-8c60fc74b2e9,SDG Preparation,date,Expected Approval Date,False
5a771745-7b29-42b9-b42a-67ae2458aa9f,SDG Preparation,date,Expected Approval Date,False
5b401019-3ea0-4a2b-b244-522d987c44d4,SDG Preparation,date,Expected Approval Date,False
5c691bac-63fb-49b2-8ba2-64943643c0f9,SDG Preparation,date,Expected Approval Date,False
5c9f465d-0d82-45dc-b417-a9f37d22aeca,SDG Preparation,date,Expected Approval Date,False
5d2f4ed6-f0c0-4ca8-b358-0895ecec7264,SDG Preparation,date,Expected Approval Date,False
5d3e70d1-a912-40f5-a96f-2972c859d992,SDG Preparation,date,Expected Approval Date,False
5fe23d01-4b5e-4219-af15-0704686827fc,SDG Preparation,date,Expected Approval Date,False
60ea7851-9e7e-4105-ae9d-fdf7ee9dce7a,SDG Preparation,date,Expected Approval Date,False
6121bb37-1f43-4709-be1d-7e2e0e1524e4,SDG Preparation,date,Expected Approval Date,False
62752f90-fcb7-4eba-9d0d-64cfd883a3f6,SDG Preparation,date,Expected Approval Date,False
644cea4d-9889-4f33-8e94-aba05cac72c7,SDG Preparation,date,Expected Approval Date,False
64d33085-d365-4e7c-9a9a-03f009e60a7d,SDG Preparation,date,Expected Approval Date,False
64d488e8-b0ea-4975-8cab-b5e1c5e7081e,SDG Preparation,date,Expected Approval Date,False
656ea06b-143e-4e04-981b-cc409f142662,SDG Preparation,date,Expected Approval Date,False
658036b5-c984-434a-b72d-88cfcafee003,SDG Preparation,date,Expected Approval Date,False
65abf3d1-0cd4-4d40-bcce-156a76c0a035,SDG Preparation,date,Expected Approval Date,False
65e2a59a-dd59-4fdb-abc6-741972bc1a84,SDG Preparation,date,Expected Approval Date,False
661424ae-5057-4909-bdf3-9ae7ec847d24,SDG Preparation,date,Expected Approval Date,False
674aac2b-0390-4171-8c9d-4c1c3c03a8e6,SDG Preparation,date,Expected Approval Date,False
685474b8-5a90-49b6-aa6c-59b65628eaf9,SDG Preparation,date,Expected Approval Date,False
68fff0c7-741d-465d-971e-9c3aae683fa3,SDG Preparation,date,Expected Approval Date,False
6c913f9b-c332-4952-a70d-1a6231261340,SDG Preparation,date,Expected Approval Date,False
6e11e177-b4ea-45fe-8c56-0af3e9e2e1e6,SDG Preparation,date,Expected Approval Date,False
6e992441-2a89-4294-a7f4-9becec15e22b,SDG Preparation,date,Expected Approval Date,False
6eb1f8a6-6dcb-4f27-990f-3c938fd2478d,SDG Preparation,date,Expected Approval Date,False
6ef3661c-b813-425e-95ee-75a33095b612,SDG Preparation,date,Expected Approval Date,False
6f50e23b-ce21-4e18-8fb6-f7775b89e41e,SDG Preparation,date,Expected Approval Date,False
7113f4e2-9519-404d-bd73-191cffcaaeb7,SDG Preparation,date,Expected Approval Date,False
713bada4-df31-4258-9b20-9dadac43c1cc,SDG Preparation,date,Expected Approval Date,False
71e8bdde-35a5-43a0-9ebd-53cd29bb5aed,SDG Preparation,date,Expected Approval Date,False
7247c6cc-a4f8-422b-a0d4-eb7023de52c4,SDG Preparation,date,Expected Approval Date,False
72ba07e4-1073-4c30-976b-4c6d836a7afa,SDG Preparation,date,Expected Approval Date,False
7359cb4b-7f34-4322-9379-448e4c4a3ebf,SDG Preparation,date,Expected Approval Date,False
7381c72c-ddc3-406e-82af-988a5972a2c9,SDG Preparation,date,Expected Approval Date,False
753784a3-c5ec-4826-a5ee-dfc9664cbf90,SDG Preparation,date,Expected Approval Date,False
76f5cfc6-aae5-470d-bdd3-9492644e3dbd,SDG Preparation,date,Expected Approval Date,False
77487dfc-4eaa-4b0d-97fc-91b3614a9542,SDG Preparation,date,Expected Approval Date,False
77621ac9-146a-4540-bdf2-e59e63e5278d,SDG Preparation,date,Expected Approval Date,False
79b7bb6e-2230-4d76-a4fc-b498031190a3,SDG Preparation,date,Expected Approval Date,False
79d28d84-31cd-4e95-9e98-92fb3e480065,SDG Preparation,date,Expected Approval Date,False
7ae1272a-e47a-4228-aae8-7855b6737052,SDG Preparation,date,Expected Approval Date,False
7c356590-c4df-4f86-a44e-ab562321ee09,SDG Preparation,date,Expected Approval Date,False
7c43bc46-6034-4df6-a40f-d8bba45e320a,SDG Preparation,date,Expected Approval Date,False
7c66762a-21ce-4e96-a766-1b705463e62c,SDG Preparation,date,Expected Approval Date,False
7c9256d8-ff1b-4208-a542-9c2485ea95d7,SDG Preparation,date,Expected Approval Date,False
7d002e7e-6ac9-47ea-8ae7-5ef111b9202a,SDG Preparation,date,Expected Approval Date,False
7d0bd82d-b71e-48a5-885c-0e6efbccb57b,SDG Preparation,date,Expected Approval Date,False
7e09d6dd-6a16-4878-a186-686978528cb6,SDG Preparation,date,Expected Approval Date,False
7e6ad85c-4984-4a98-87e8-574a2eebdc47,SDG Preparation,date,Expected Approval Date,False
7ee95840-8e0a-4dde-8636-ca10711f046e,SDG Preparation,date,Expected Approval Date,False
7f405a54-2777-4fa1-85c0-8dbaa1c7d361,SDG Preparation,date,Expected Approval Date,False
805e0f96-ad57-490a-b16b-76811f9d3cbe,SDG Preparation,date,Expected Approval Date,False
80a1a128-5ef0-47ba-af5a-d9bb4be2af9f,SDG Preparation,date,Expected Approval Date,False
812eee93-224e-45d1-8b44-b5f112330a1c,SDG Preparation,date,Expected Approval Date,False
8263c0a9-0ff4-42af-a9be-bbc9eac3c117,SDG Preparation,date,Expected Approval Date,False
83c3e37c-2043-4d84-ba05-c305d78b230b,SDG Preparation,date,Expected Approval Date,False
85091d55-a133-4bef-af0a-f8c0ec9f7a55,SDG Preparation,date,Expected Approval Date,False
861404d8-993a-4c33-965d-bc3c1e399e6e,SDG Preparation,date,Expected Approval Date,False
86761e5d-41eb-44ed-8f8b-2ce49781c2be,SDG Preparation,date,Expected Approval Date,False
86ae7990-339a-4643-a194-dd0455c29760,SDG Preparation,date,Expected Approval Date,False
86df92e1-e4ed-47f1-9bdf-56f216818bba,SDG Preparation,date,Expected Approval Date,False
886828db-adcb-49a5-9550-45030a0bf747,SDG Preparation,date,Expected Approval Date,False
89897d99-9c7e-4475-9815-3e71708dd352,SDG Preparation,date,Expected Approval Date,False
8cb9aba6-e34e-451a-81b5-49212188a3a5,SDG Preparation,date,Expected Approval Date,False
8cbe1c30-8b78-4c66-8b4d-1dc6aa90b759,SDG Preparation,date,Expected Approval Date,False
8dd91d38-fbd3-4d49-8735-c3aa42dc6a73,SDG Preparation,date,Expected Approval Date,False
8e1176a4-6d9e-4258-b058-855ee4b31b9d,SDG Preparation,date,Expected Approval Date,False
8f00753c-cc0e-4a2a-a810-2ad6159fb047,SDG Preparation,date,Expected Approval Date,False
8f1f11a7-8398-47e4-8891-9b03b1a8560d,SDG Preparation,date,Expected Approval Date,False
9082ab6c-6c8c-4290-8cb9-0497a54b355b,SDG Preparation,date,Expected Approval Date,False
9125774f-80db-44ba-a2c0-9fdcbd3deef9,SDG Preparation,date,Expected Approval Date,False
9368bc5d-845f-4100-8e38-82a4895b751a,SDG Preparation,date,Expected Approval Date,False
937936aa-d1ee-4041-8200-0d2b53c7c9b1,SDG Preparation,date,Expected Approval Date,False
93aac463-f051-4f83-bdf7-8f3a5b6c6205,SDG Preparation,date,Expected Approval Date,False
946c3779-7558-40f6-b24b-e7f1a581f2f5,SDG Preparation,date,Expected Approval Date,False
950fcd2f-4f1f-41dd-bc0d-ac257837771d,SDG Preparation,date,Expected Approval Date,False
96bf3ad9-99db-4a02-be53-a022ee5a272a,SDG Preparation,date,Expected Approval Date,False
982be203-d26f-477d-bcc6-cea99fb4d491,SDG Preparation,date,Expected Approval Date,False
98c57471-6d7f-4432-b122-43ef914f1beb,SDG Preparation,date,Expected Approval Date,False
99b5f4e4-9072-4d43-a767-888ff839fa20,SDG Preparation,date,Expected Approval Date,False
9a7713d3-de8b-44aa-a022-f597dfbf0773,SDG Preparation,date,Expected Approval Date,False
9ad8ca1f-1260-4f7b-b292-d4705c67a713,SDG Preparation,date,Expected Approval Date,False
9b235170-7893-4b07-89a6-d0a338e0cc13,SDG Preparation,date,Expected Approval Date,False
9b75046b-5e27-4b6a-898f-0374e0357255,SDG Preparation,date,Expected Approval Date,False
9beda77c-9c5b-491c-82f2-2ad45f002b6f,SDG Preparation,date,Expected Approval Date,False
9d5f9218-6afd-465f-aea0-783c6494a809,SDG Preparation,date,Expected Approval Date,False
9e0362bb-03dd-4149-9164-5827f02feb08,SDG Preparation,date,Expected Approval Date,False
9f4e6bbb-1e12-45c4-b519-51cb75c49ef4,SDG Preparation,date,Expected Approval Date,False
a0426e42-6d70-4059-b67d-0d0135a58ba8,SDG Preparation,date,Expected Approval Date,False
a07522dd-7b9f-43a8-9afd-7807503c1361,SDG Preparation,date,Expected Approval Date,False
a1720a4f-5984-4b4c-b929-d10fb071ee97,SDG Preparation,date,Expected Approval Date,False
a4c7e4c0-c0d3-4f12-8b13-3d259379ccdc,SDG Preparation,date,Expected Approval Date,False
a4cb9112-817b-4bd9-a566-75fba2a9ac6d,SDG Preparation,date,Expected Approval Date,False
a664bde0-11bc-47f3-876f-392e943b092c,SDG Preparation,date,Expected Approval Date,False
a9341a96-f3ac-4d19-b867-805c1c13e0bf,SDG Preparation,date,Expected Approval Date,False
af7fe1f7-b3b6-4372-bc4f-e4b3c8e8b574,SDG Preparation,date,Expected Approval Date,False
b2b50a67-a9c7-4796-8bbb-2885202e8cf5,SDG Preparation,date,Expected Approval Date,False
b40aacee-3dac-447e-a9b6-23b85ad86812,SDG Preparation,date,Expected Approval Date,False
b4397db8-6c82-4093-8872-91cbf5698efe,SDG Preparation,date,Expected Approval Date,False
b526c4a0-fd7e-4b09-af5f-302fc71143a2,SDG Preparation,date,Expected Approval Date,False
b58d203e-fe49-446d-8872-05ee866c51bc,SDG Preparation,date,Expected Approval Date,False
b646eaa5-5146-42ba-8793-f9ff4daffbfb,SDG Preparation,date,Expected Approval Date,False
b8979015-28d2-462d-b4c9-23e734e74637,SDG Preparation,date,Expected Approval Date,False
b8ca0693-642b-42a5-89d5-a0f271e2beaa,SDG Preparation,date,Expected Approval Date,False
b8ce4b5d-b2e0-49ce-9878-2f77b5da13a3,SDG Preparation,date,Expected Approval Date,False
b948eef7-7d1c-44a1-bce9-264e1bd1adbd,SDG Preparation,date,Expected Approval Date,False
b973a0b2-97a5-4846-8396-ba03f50995ef,SDG Preparation,date,Expected Approval Date,False
b9d64f02-8673-49dd-892f-63a63865358e,SDG Preparation,date,Expected Approval Date,False
bb46787a-42bc-417f-a7b8-cdef0fda771f,SDG Preparation,date,Expected Approval Date,False
bc2eaa99-81ce-4727-9212-2e647e4e40a1,SDG Preparation,date,Expected Approval Date,False
bc598f12-3acd-4021-9163-0c01c53d11dd,SDG Preparation,date,Expected Approval Date,False
bcff12d0-748c-47e9-ac21-567260b29630,SDG Preparation,date,Expected Approval Date,False
bd04b5ec-78bb-42e4-af8b-28d59388da88,SDG Preparation,date,Expected Approval Date,False
bd48c893-ab19-4763-88b0-91f9347cc516,SDG Preparation,date,Expected Approval Date,False
bd8d30ad-ee9d-4ba5-a2ff-d2940fde0be3,SDG Preparation,date,Expected Approval Date,False
be09c9ac-d9b9-4370-a268-d973ec0d16f5,SDG Preparation,date,Expected Approval Date,False
bf144d9c-f861-4915-9640-faae738fe092,SDG Preparation,date,Expected Approval Date,False
bf354cb7-af95-45ad-9efa-9e9c76184a8a,SDG Preparation,date,Expected Approval Date,False
c0a1acc2-15f1-458d-94b6-c5fed8f205d4,SDG Preparation,date,Expected Approval Date,False
c13062a4-817d-498f-8c5e-e4f449c1d978,SDG Preparation,date,Expected Approval Date,False
c16a997e-e0f9-4347-8494-9ce77a7ad192,SDG Preparation,date,Expected Approval Date,False
c2f49dfd-0b97-4aab-bc5c-416624ae2cf9,SDG Preparation,date,Expected Approval Date,False
c3046e84-add8-4311-8c2b-a4b4b454c7fd,SDG Preparation,date,Expected Approval Date,False
c34edfa1-113c-47c3-8443-aa98f8a984c7,SDG Preparation,date,Expected Approval Date,False
c5798784-3aef-4ad7-b15a-8248b8a7a274,SDG Preparation,date,Expected Approval Date,False
c74f0781-a0c4-4277-9844-6daa46cdc03d,SDG Preparation,date,Expected Approval Date,False
c7b6bc2b-de8c-4594-94a2-f94a7cdbec01,SDG Preparation,date,Expected Approval Date,False
c7c07fe5-ac27-4296-9440-13916aa30f3a,SDG Preparation,date,Expected Approval Date,False
c88d9b17-5c4d-4c6c-b028-d0ba7894ef2f,SDG Preparation,date,Expected Approval Date,False
c8dabc76-00ef-4790-b6bf-569e26aa1ed9,SDG Preparation,date,Expected Approval Date,False
cace5bc9-6f15-4469-b848-03d64fa0662f,SDG Preparation,date,Expected Approval Date,False
cb5f2906-d9da-497b-8695-092e12c18b9e,SDG Preparation,date,Expected Approval Date,False
cb65dde4-8817-4d5e-8d2d-ca9819c0905d,SDG Preparation,date,Expected Approval Date,False
cb7441d0-c691-4dfb-b98d-a2a8f4b7e81f,SDG Preparation,date,Expected Approval Date,False
ccf6abde-3eae-4fb9-a473-bcf38786512f,SDG Preparation,date,Expected Approval Date,False
cd347114-a964-462b-a855-bfd14c955c14,SDG Preparation,date,Expected Approval Date,False
cd8bd6bd-4867-4466-84f4-2d6f204c8628,SDG Preparation,date,Expected Approval Date,False
cd8d6037-25d7-40a0-879c-b8d85f443f35,SDG Preparation,date,Expected Approval Date,False
cdb1dabc-8e0f-4648-9216-4540cfe80211,SDG Preparation,date,Expected Approval Date,False
ce6b5e64-f60b-4661-b1f2-10c25e1c6ad1,SDG Preparation,date,Expected Approval Date,False
cfd0656a-ae45-41c2-bb82-62df6645076f,SDG Preparation,date,Expected Approval Date,False
d2e61c74-178a-4791-b53d-8a1e4ebddd40,SDG Preparation,date,Expected Approval Date,False
d40d1207-a663-40bd-8036-287fc06ea360,SDG Preparation,date,Expected Approval Date,False
d4ce7d33-6c38-4061-85a7-09a7d7be42fd,SDG Preparation,date,Expected Approval Date,False
d74e616c-e6db-4410-9ce1-eadd02eca4e5,SDG Preparation,date,Expected Approval Date,False
d81482a4-fc33-45dc-be8b-9a3a0dd1356e,SDG Preparation,date,Expected Approval Date,False
da5535b9-14bf-48f9-9061-03a8b14f988c,SDG Preparation,date,Expected Approval Date,False
daa5e216-e5ee-4567-a2dc-6165b252b2fb,SDG Preparation,date,Expected Approval Date,False
dac3f05e-1815-4d03-8066-5aa5c1c7ff4a,SDG Preparation,date,Expected Approval Date,False
dbb154f3-4cf5-430e-adbd-df9df5867685,SDG Preparation,date,Expected Approval Date,False
dc8dd640-fc64-4ba3-9894-f243b1e14869,SDG Preparation,date,Expected Approval Date,False
dcdd103d-91da-441d-bd81-3aebf0b31e37,SDG Preparation,date,Expected Approval Date,False
dd544bef-c3da-45bb-b665-546f32a96a7e,SDG Preparation,date,Expected Approval Date,False
e05f17af-8550-4ebe-81d5-e3804993556c,SDG Preparation,date,Expected Approval Date,False
e084fdf7-7572-4eda-9b86-bf3bed22ba02,SDG Preparation,date,Expected Approval Date,False
e14e3eb8-f350-403c-bee3-21868690dfe4,SDG Preparation,date,Expected Approval Date,False
e1db1851-cd99-4ccc-82aa-a2a48982c475,SDG Preparation,date,Expected Approval Date,False
e3b59b4d-8488-4e32-ae71-b6b3c244ef41,SDG Preparation,date,Expected Approval Date,False
e3cbac18-f203-4de2-bda7-dc9a2dc03f58,SDG Preparation,date,Expected Approval Date,False
e4d572d3-49e4-4f44-992a-ea12360501cb,SDG Preparation,date,Expected Approval Date,False
e50ea93d-3fdc-4ca1-b94b-958c044e6330,SDG Preparation,date,Expected Approval Date,False
e576fa42-1317-481f-bb30-8e5b26e96c27,SDG Preparation,date,Expected Approval Date,False
e7572db9-1cc7-4455-9d22-d0d676dd4792,SDG Preparation,date,Expected Approval Date,False
e79fd204-c812-4957-a90a-46c3beb81d56,SDG Preparation,date,Expected Approval Date,False
e7ed830c-61a5-4f3b-b6e0-b7c2f120fd3e,SDG Preparation,date,Expected Approval Date,False
e9225e11-2ed6-4c44-b08b-497ff585e349,SDG Preparation,date,Expected Approval Date,False
ec1d7adf-e662-4db6-a5a5-d6ab811f2d24,SDG Preparation,date,Expected Approval Date,False
ec46307f-ec7b-4e65-a15e-bb1c3d360114,SDG Preparation,date,Expected Approval Date,False
ec76e94b-178b-414b-a442-16cfa3b83a2e,SDG Preparation,date,Expected Approval Date,False
eef2cfd3-6b55-45b0-82ef-17f2d932c519,SDG Preparation,date,Expected Approval Date,False
f13dadee-5052-421c-b42b-3dbba6740c2e,SDG Preparation,date,Expected Approval Date,False
f1ddca41-3217-44af-bcff-bc2e2fd2b710,SDG Preparation,date,Expected Approval Date,False
f28de1d9-0c7f-482b-be4a-37a5010395b6,SDG Preparation,date,Expected Approval Date,False
f35c1cd7-761e-4072-a2d6-1abe8117ced5,SDG Preparation,date,Expected Approval Date,False
f42e43e2-536c-445c-88b3-5ef2a83423ad,SDG Preparation,date,Expected Approval Date,False
f4358c61-6506-497e-a179-dac4603ce4a4,SDG Preparation,date,Expected Approval Date,False
f641320f-8cae-452f-999f-f650d13d24ff,SDG Preparation,date,Expected Approval Date,False
f69d1f8d-849e-4c43-84af-1d6aadb19433,SDG Preparation,date,Expected Approval Date,False
f6eec1f1-9bdc-41ea-a810-e0695dd360b1,SDG Preparation,date,Expected Approval Date,False
f723aea0-4ef8-4a60-b98e-0393f346cfbd,SDG Preparation,date,Expected Approval Date,False
f8750186-e249-4421-8246-abb93a6a80e2,SDG Preparation,date,Expected Approval Date,False
f935244b-2eac-4613-b7fa-d94d731015c5,SDG Preparation,date,Expected Approval Date,False
fa23b695-abaf-4991-a36c-fd3b562bca5d,SDG Preparation,date,Expected Approval Date,False
fa288f4b-d424-4cfa-8faa-c1e2b08dc009,SDG Preparation,date,Expected Approval Date,False
fb5ab5b6-9802-4344-9765-bc636223a99c,SDG Preparation,date,Expected Approval Date,False
fb67f194-6495-46de-b313-f37e3f77892e,SDG Preparation,date,Expected Approval Date,False
fbca251b-1a37-4c01-bc0f-7a8f956e81fd,SDG Preparation,date,Expected Approval Date,False
fc8af835-194a-4fdb-a3db-750a7af79998,SDG Preparation,date,Expected Approval Date,False
fd3ac48a-a385-4ba1-b26f-f078f892ccfc,SDG Preparation,date,Expected Approval Date,False
fe0d0cd6-268b-42a8-a671-88f6cf199192,SDG Preparation,date,Expected Approval Date,False
fe371a3a-ba6b-4f7c-83e7-60f36602e89d,SDG Preparation,date,Expected Approval Date,False
007cc95c-92ae-40cc-850e-50bb331b658d,SDG Preparation,date,FRT Initial Meeting Date,False
01202dd5-67e9-432f-a5ef-d9e4e49f8f76,SDG Preparation,date,FRT Initial Meeting Date,False
0181f074-ee92-420b-822d-aedfadcd4c7d,SDG Preparation,date,FRT Initial Meeting Date,False
01dca696-c094-4f14-ade8-c96f19292a92,SDG Preparation,date,FRT Initial Meeting Date,False
0473183d-2e93-4371-a841-47350d3e765b,SDG Preparation,date,FRT Initial Meeting Date,False
08a66d07-dfe1-4225-b3d1-cf7604909b58,SDG Preparation,date,FRT Initial Meeting Date,False
08ced498-8997-401c-a186-daa67a4ff809,SDG Preparation,date,FRT Initial Meeting Date,False
08fceebe-6835-408b-97de-b7f3b8522706,SDG Preparation,date,FRT Initial Meeting Date,False
0965889d-2796-4022-adc9-7ad6b2f7895e,SDG Preparation,date,FRT Initial Meeting Date,False
0977ad7f-a35c-4e4e-b50b-2f1834ad5014,SDG Preparation,date,FRT Initial Meeting Date,False
09f34d93-656c-4793-ad53-f06d53f03192,SDG Preparation,date,FRT Initial Meeting Date,False
0a7679ae-d047-49fb-9996-9c5c497a1ad5,SDG Preparation,date,FRT Initial Meeting Date,False
0aacc3ec-a6fc-41cb-84e3-3fd8ca5f4c25,SDG Preparation,date,FRT Initial Meeting Date,False
0ad53526-62cf-405b-aaaf-d62dfa2433b6,SDG Preparation,date,FRT Initial Meeting Date,False
0b11ca84-a492-41e1-9fb1-7c988da310ba,SDG Preparation,date,FRT Initial Meeting Date,False
0b49419b-eb17-4fb1-99e2-79f58fca2b75,SDG Preparation,date,FRT Initial Meeting Date,False
0b8752ca-48d3-4e08-8369-d92c9d1b0427,SDG Preparation,date,FRT Initial Meeting Date,False
0c74168d-4ed3-485b-aca4-d82cd5ca4fa5,SDG Preparation,date,FRT Initial Meeting Date,False
0cc17b4c-5437-425e-9700-c8e90f09aaf6,SDG Preparation,date,FRT Initial Meeting Date,False
0cdb6064-b473-4a2e-bdc2-d6dfded63446,SDG Preparation,date,FRT Initial Meeting Date,False
0fbdef7a-fb36-430d-ae8d-0d34882e1c74,SDG Preparation,date,FRT Initial Meeting Date,False
0fcfc81f-e55a-4374-ba2b-ec37081df6d3,SDG Preparation,date,FRT Initial Meeting Date,False
110f9760-16ff-4adf-8f29-1c0a24db5ca0,SDG Preparation,date,FRT Initial Meeting Date,False
11bbbe73-e085-4be3-84ec-70cfb3a2f31b,SDG Preparation,date,FRT Initial Meeting Date,False
123b47d8-b25f-448b-a762-b51d97c518dc,SDG Preparation,date,FRT Initial Meeting Date,False
13fbcf4d-aaac-4d6f-9c56-1c7de963b003,SDG Preparation,date,FRT Initial Meeting Date,False
14631a8e-32a3-4657-a29e-9374112a72e9,SDG Preparation,date,FRT Initial Meeting Date,False
14c27c1b-f1a4-4c07-9999-0f2cd25078ff,SDG Preparation,date,FRT Initial Meeting Date,False
150fd48e-7a9a-4417-a4a2-04e6240e0da1,SDG Preparation,date,FRT Initial Meeting Date,False
16b94b99-94e4-47f7-86f2-235d6fbbb3f0,SDG Preparation,date,FRT Initial Meeting Date,False
17d07543-f9f1-481f-90e3-49125eea23d3,SDG Preparation,date,FRT Initial Meeting Date,False
17fae73d-32e2-487b-802d-4245eb8dac1b,SDG Preparation,date,FRT Initial Meeting Date,False
18bf9f77-362a-405b-849c-d2c642fcd9b4,SDG Preparation,date,FRT Initial Meeting Date,False
194ee888-180e-4ec1-86e2-90ac54999c6e,SDG Preparation,date,FRT Initial Meeting Date,False
1954dc33-d848-47e8-ab15-15f3194fc715,SDG Preparation,date,FRT Initial Meeting Date,False
196cd174-4db0-4d4d-bc83-612c75b53c0c,SDG Preparation,date,FRT Initial Meeting Date,False
19cde612-c7fa-42bf-861e-c527ab0b5b6e,SDG Preparation,date,FRT Initial Meeting Date,False
1ac4f92b-8b39-4081-ab13-f12d29995ba7,SDG Preparation,date,FRT Initial Meeting Date,False
1ad59f7a-cd6e-4454-8809-f1529f4d2590,SDG Preparation,date,FRT Initial Meeting Date,False
1b0a267d-bb05-4d13-9499-9ce34b1aff6f,SDG Preparation,date,FRT Initial Meeting Date,False
1b155e69-e927-4a64-be66-940ac3093a0d,SDG Preparation,date,FRT Initial Meeting Date,False
1b3322cf-8bdf-4cfd-85fc-880f96ae6c78,SDG Preparation,date,FRT Initial Meeting Date,False
1b4db82b-54a7-4da0-b5ae-9d677c54a565,SDG Preparation,date,FRT Initial Meeting Date,False
1bd03341-d171-424d-8bf8-acb73c44c57a,SDG Preparation,date,FRT Initial Meeting Date,False
1c26a74c-03ef-4302-94a0-3b794cf583ab,SDG Preparation,date,FRT Initial Meeting Date,False
1cd11925-91b7-4110-b62f-e26f5980e336,SDG Preparation,date,FRT Initial Meeting Date,False
1e0a7577-b08e-46bf-8119-1aa425b90334,SDG Preparation,date,FRT Initial Meeting Date,False
2071241b-eaec-4108-9ad5-5d5bc6f96071,SDG Preparation,date,FRT Initial Meeting Date,False
2073f1f3-9c70-4e27-9f9e-4105c51be8f7,SDG Preparation,date,FRT Initial Meeting Date,False
224b4c22-66d1-40fe-ae57-04c911173d74,SDG Preparation,date,FRT Initial Meeting Date,False
232ce729-df65-41ad-ae63-40d269cd34aa,SDG Preparation,date,FRT Initial Meeting Date,False
26cf0dca-fe07-4614-9ed1-cc59bbad3c76,SDG Preparation,date,FRT Initial Meeting Date,False
279bc6a9-6a87-474f-881b-b14b05f731c8,SDG Preparation,date,FRT Initial Meeting Date,False
27c14bd5-9e48-4833-8da0-d0bd2727aaec,SDG Preparation,date,FRT Initial Meeting Date,False
280e7e47-9d18-4963-bfa5-22dab94f8408,SDG Preparation,date,FRT Initial Meeting Date,False
2916eb15-b065-4f44-ac82-a37475aedeab,SDG Preparation,date,FRT Initial Meeting Date,False
2accbe88-b9ce-4d0f-8368-d4f8352301a5,SDG Preparation,date,FRT Initial Meeting Date,False
2b0c1e40-571d-4b06-975b-02d163f138ae,SDG Preparation,date,FRT Initial Meeting Date,False
2b8070d1-36c9-4562-8686-3551ae2ef257,SDG Preparation,date,FRT Initial Meeting Date,False
2c51fad0-036e-4062-96d3-f741d1f23341,SDG Preparation,date,FRT Initial Meeting Date,False
2d35dad4-a3f0-44e9-b79b-8ae9f29642fe,SDG Preparation,date,FRT Initial Meeting Date,False
2d38b1d0-0919-4d3c-8f42-3e6c62683b50,SDG Preparation,date,FRT Initial Meeting Date,False
2dc270c0-27f0-4992-8602-1fbbdcafa7b0,SDG Preparation,date,FRT Initial Meeting Date,False
2df84448-6f71-4914-b227-3ffbb6c3f3b8,SDG Preparation,date,FRT Initial Meeting Date,False
2e8fea71-0bde-4508-8478-9413704abf1d,SDG Preparation,date,FRT Initial Meeting Date,False
2f5ee146-d497-4de9-8d00-e67db4a54563,SDG Preparation,date,FRT Initial Meeting Date,False
2f94274e-5b24-467e-a3e1-3ea5dd93bbec,SDG Preparation,date,FRT Initial Meeting Date,False
30539da0-ca78-4740-a5b1-da3e35a2f472,SDG Preparation,date,FRT Initial Meeting Date,False
31afe2bf-4951-4d57-99ba-6394eb5711ba,SDG Preparation,date,FRT Initial Meeting Date,False
31c6c568-37af-4d37-887b-636ff767fea1,SDG Preparation,date,FRT Initial Meeting Date,False
3208d7be-c6bf-4fe3-b373-f528c99dd548,SDG Preparation,date,FRT Initial Meeting Date,False
349f4f06-0e6c-491c-9e39-16073e2ee0f3,SDG Preparation,date,FRT Initial Meeting Date,False
356a9ff0-124e-4a2f-9629-08e72f33b78b,SDG Preparation,date,FRT Initial Meeting Date,False
35eb3be5-e50e-49d3-bf7c-42fa6f767e87,SDG Preparation,date,FRT Initial Meeting Date,False
36b8a283-3e06-49b9-8236-e5947b849673,SDG Preparation,date,FRT Initial Meeting Date,False
388ac56a-d77a-47d8-a1a9-223726638ee9,SDG Preparation,date,FRT Initial Meeting Date,False
3954a225-e64e-4e6f-badd-e41ef1ed8ec4,SDG Preparation,date,FRT Initial Meeting Date,False
396573ba-a1e2-4428-ad77-276a273884ab,SDG Preparation,date,FRT Initial Meeting Date,False
3be48392-7bc2-416c-9064-516e8fbca5fd,SDG Preparation,date,FRT Initial Meeting Date,False
3c42d745-e2c8-42df-827f-910a55f563bb,SDG Preparation,date,FRT Initial Meeting Date,False
3f8ab05e-a761-4775-8d14-dc3b6ac9c42f,SDG Preparation,date,FRT Initial Meeting Date,False
3f9b7639-d592-4f2b-8665-806bc4be4817,SDG Preparation,date,FRT Initial Meeting Date,False
41ec9d51-efde-4812-8ea6-541a7ff514a0,SDG Preparation,date,FRT Initial Meeting Date,False
42526f23-48f1-49b5-9fde-d5c39fb878ce,SDG Preparation,date,FRT Initial Meeting Date,False
4273d858-eb53-49ce-892f-da66c13a1041,SDG Preparation,date,FRT Initial Meeting Date,False
4278f28d-1806-4898-b56e-5fe6a7cc3bbb,SDG Preparation,date,FRT Initial Meeting Date,False
42bda103-5071-4e05-95df-6a21b02309a0,SDG Preparation,date,FRT Initial Meeting Date,False
4300b588-9c0e-490d-9b7f-08074583756e,SDG Preparation,date,FRT Initial Meeting Date,False
434c0046-5d1d-4558-919b-fefb46dc5e59,SDG Preparation,date,FRT Initial Meeting Date,False
43d8b6eb-c59c-4106-ac90-f3a5145d0fc5,SDG Preparation,date,FRT Initial Meeting Date,False
43f0f178-3151-4e8f-9836-5c92522c971f,SDG Preparation,date,FRT Initial Meeting Date,False
4510420f-1095-4c0c-b6ff-8f909a92ff6b,SDG Preparation,date,FRT Initial Meeting Date,False
45460c60-fb59-4c72-87b1-253ff9674656,SDG Preparation,date,FRT Initial Meeting Date,False
47d34a19-20af-453d-ab23-0220c875f015,SDG Preparation,date,FRT Initial Meeting Date,False
47d57b40-32df-4108-b2f4-9371b7251603,SDG Preparation,date,FRT Initial Meeting Date,False
4a9b897c-da61-4e97-a8e9-e4bc2ce93e96,SDG Preparation,date,FRT Initial Meeting Date,False
4ac33e36-e034-4905-bc81-18c4fb117723,SDG Preparation,date,FRT Initial Meeting Date,False
4c6f2ef7-46f4-4d5b-b200-dfdc9fc7182c,SDG Preparation,date,FRT Initial Meeting Date,False
4c7e1658-26d9-4281-8923-f39602cbe62d,SDG Preparation,date,FRT Initial Meeting Date,False
4c859061-4d2d-4ba2-9b25-ed2ea253a660,SDG Preparation,date,FRT Initial Meeting Date,False
4d1d0cbd-d678-46bd-9271-5d820b84d247,SDG Preparation,date,FRT Initial Meeting Date,False
4df5b564-f29a-4d6f-888a-f45cfafc80a7,SDG Preparation,date,FRT Initial Meeting Date,False
4f4ca8f2-642d-486b-9e1b-403d044e0c08,SDG Preparation,date,FRT Initial Meeting Date,False
50607850-a7d0-41e6-9e1c-5eaa97970480,SDG Preparation,date,FRT Initial Meeting Date,False
51573012-04dc-491f-b41a-0bb4b24efec9,SDG Preparation,date,FRT Initial Meeting Date,False
517d3bce-f1df-4b8a-abf5-4714d5dd0e0e,SDG Preparation,date,FRT Initial Meeting Date,False
52a0996b-7c44-494d-b776-c61ea23e8151,SDG Preparation,date,FRT Initial Meeting Date,False
52e72c12-28f6-40b8-847a-8955b3e9e17e,SDG Preparation,date,FRT Initial Meeting Date,False
532eb869-f195-47a4-85d4-c9cd60d5b74d,SDG Preparation,date,FRT Initial Meeting Date,False
563107d6-fbe5-4d2e-b9c0-82224b7b799f,SDG Preparation,date,FRT Initial Meeting Date,False
563f2f45-f01b-4496-97ed-b87c3c7df7da,SDG Preparation,date,FRT Initial Meeting Date,False
5658e206-a582-4aa5-b4c9-8dc15f882ede,SDG Preparation,date,FRT Initial Meeting Date,False
592546ba-edaa-4798-a4ba-8ef560f70d8a,SDG Preparation,date,FRT Initial Meeting Date,False
59c17cc5-53df-493c-9fe7-8c60fc74b2e9,SDG Preparation,date,FRT Initial Meeting Date,False
5a771745-7b29-42b9-b42a-67ae2458aa9f,SDG Preparation,date,FRT Initial Meeting Date,False
5b401019-3ea0-4a2b-b244-522d987c44d4,SDG Preparation,date,FRT Initial Meeting Date,False
5c691bac-63fb-49b2-8ba2-64943643c0f9,SDG Preparation,date,FRT Initial Meeting Date,False
5c9f465d-0d82-45dc-b417-a9f37d22aeca,SDG Preparation,date,FRT Initial Meeting Date,False
5d2f4ed6-f0c0-4ca8-b358-0895ecec7264,SDG Preparation,date,FRT Initial Meeting Date,False
5d3e70d1-a912-40f5-a96f-2972c859d992,SDG Preparation,date,FRT Initial Meeting Date,False
5fe23d01-4b5e-4219-af15-0704686827fc,SDG Preparation,date,FRT Initial Meeting Date,False
60ea7851-9e7e-4105-ae9d-fdf7ee9dce7a,SDG Preparation,date,FRT Initial Meeting Date,False
6121bb37-1f43-4709-be1d-7e2e0e1524e4,SDG Preparation,date,FRT Initial Meeting Date,False
62752f90-fcb7-4eba-9d0d-64cfd883a3f6,SDG Preparation,date,FRT Initial Meeting Date,False
644cea4d-9889-4f33-8e94-aba05cac72c7,SDG Preparation,date,FRT Initial Meeting Date,False
64d33085-d365-4e7c-9a9a-03f009e60a7d,SDG Preparation,date,FRT Initial Meeting Date,False
64d488e8-b0ea-4975-8cab-b5e1c5e7081e,SDG Preparation,date,FRT Initial Meeting Date,False
656ea06b-143e-4e04-981b-cc409f142662,SDG Preparation,date,FRT Initial Meeting Date,False
658036b5-c984-434a-b72d-88cfcafee003,SDG Preparation,date,FRT Initial Meeting Date,False
65abf3d1-0cd4-4d40-bcce-156a76c0a035,SDG Preparation,date,FRT Initial Meeting Date,False
65e2a59a-dd59-4fdb-abc6-741972bc1a84,SDG Preparation,date,FRT Initial Meeting Date,False
661424ae-5057-4909-bdf3-9ae7ec847d24,SDG Preparation,date,FRT Initial Meeting Date,False
674aac2b-0390-4171-8c9d-4c1c3c03a8e6,SDG Preparation,date,FRT Initial Meeting Date,False
685474b8-5a90-49b6-aa6c-59b65628eaf9,SDG Preparation,date,FRT Initial Meeting Date,False
68fff0c7-741d-465d-971e-9c3aae683fa3,SDG Preparation,date,FRT Initial Meeting Date,False
6c913f9b-c332-4952-a70d-1a6231261340,SDG Preparation,date,FRT Initial Meeting Date,False
6e11e177-b4ea-45fe-8c56-0af3e9e2e1e6,SDG Preparation,date,FRT Initial Meeting Date,False
6e992441-2a89-4294-a7f4-9becec15e22b,SDG Preparation,date,FRT Initial Meeting Date,False
6eb1f8a6-6dcb-4f27-990f-3c938fd2478d,SDG Preparation,date,FRT Initial Meeting Date,False
6ef3661c-b813-425e-95ee-75a33095b612,SDG Preparation,date,FRT Initial Meeting Date,False
6f50e23b-ce21-4e18-8fb6-f7775b89e41e,SDG Preparation,date,FRT Initial Meeting Date,False
7113f4e2-9519-404d-bd73-191cffcaaeb7,SDG Preparation,date,FRT Initial Meeting Date,False
713bada4-df31-4258-9b20-9dadac43c1cc,SDG Preparation,date,FRT Initial Meeting Date,False
71bd7472-26c4-4cd1-a1fd-d23bc11cf9e0,SDG Preparation,date,FRT Initial Meeting Date,False
71e8bdde-35a5-43a0-9ebd-53cd29bb5aed,SDG Preparation,date,FRT Initial Meeting Date,False
7247c6cc-a4f8-422b-a0d4-eb7023de52c4,SDG Preparation,date,FRT Initial Meeting Date,False
72ba07e4-1073-4c30-976b-4c6d836a7afa,SDG Preparation,date,FRT Initial Meeting Date,False
7359cb4b-7f34-4322-9379-448e4c4a3ebf,SDG Preparation,date,FRT Initial Meeting Date,False
7381c72c-ddc3-406e-82af-988a5972a2c9,SDG Preparation,date,FRT Initial Meeting Date,False
73d073a5-d31c-49c5-8e37-9edf2f970f4b,SDG Preparation,date,FRT Initial Meeting Date,False
753784a3-c5ec-4826-a5ee-dfc9664cbf90,SDG Preparation,date,FRT Initial Meeting Date,False
76f5cfc6-aae5-470d-bdd3-9492644e3dbd,SDG Preparation,date,FRT Initial Meeting Date,False
77487dfc-4eaa-4b0d-97fc-91b3614a9542,SDG Preparation,date,FRT Initial Meeting Date,False
77621ac9-146a-4540-bdf2-e59e63e5278d,SDG Preparation,date,FRT Initial Meeting Date,False
79b7bb6e-2230-4d76-a4fc-b498031190a3,SDG Preparation,date,FRT Initial Meeting Date,False
79d28d84-31cd-4e95-9e98-92fb3e480065,SDG Preparation,date,FRT Initial Meeting Date,False
7ae1272a-e47a-4228-aae8-7855b6737052,SDG Preparation,date,FRT Initial Meeting Date,False
7c356590-c4df-4f86-a44e-ab562321ee09,SDG Preparation,date,FRT Initial Meeting Date,False
7c43bc46-6034-4df6-a40f-d8bba45e320a,SDG Preparation,date,FRT Initial Meeting Date,False
7c66762a-21ce-4e96-a766-1b705463e62c,SDG Preparation,date,FRT Initial Meeting Date,False
7c9256d8-ff1b-4208-a542-9c2485ea95d7,SDG Preparation,date,FRT Initial Meeting Date,False
7d002e7e-6ac9-47ea-8ae7-5ef111b9202a,SDG Preparation,date,FRT Initial Meeting Date,False
7d0bd82d-b71e-48a5-885c-0e6efbccb57b,SDG Preparation,date,FRT Initial Meeting Date,False
7e09d6dd-6a16-4878-a186-686978528cb6,SDG Preparation,date,FRT Initial Meeting Date,False
7e6ad85c-4984-4a98-87e8-574a2eebdc47,SDG Preparation,date,FRT Initial Meeting Date,False
7ee95840-8e0a-4dde-8636-ca10711f046e,SDG Preparation,date,FRT Initial Meeting Date,False
7f405a54-2777-4fa1-85c0-8dbaa1c7d361,SDG Preparation,date,FRT Initial Meeting Date,False
805e0f96-ad57-490a-b16b-76811f9d3cbe,SDG Preparation,date,FRT Initial Meeting Date,False
80a1a128-5ef0-47ba-af5a-d9bb4be2af9f,SDG Preparation,date,FRT Initial Meeting Date,False
812eee93-224e-45d1-8b44-b5f112330a1c,SDG Preparation,date,FRT Initial Meeting Date,False
8263c0a9-0ff4-42af-a9be-bbc9eac3c117,SDG Preparation,date,FRT Initial Meeting Date,False
83c3e37c-2043-4d84-ba05-c305d78b230b,SDG Preparation,date,FRT Initial Meeting Date,False
85091d55-a133-4bef-af0a-f8c0ec9f7a55,SDG Preparation,date,FRT Initial Meeting Date,False
861404d8-993a-4c33-965d-bc3c1e399e6e,SDG Preparation,date,FRT Initial Meeting Date,False
86761e5d-41eb-44ed-8f8b-2ce49781c2be,SDG Preparation,date,FRT Initial Meeting Date,False
86ae7990-339a-4643-a194-dd0455c29760,SDG Preparation,date,FRT Initial Meeting Date,False
86df92e1-e4ed-47f1-9bdf-56f216818bba,SDG Preparation,date,FRT Initial Meeting Date,False
886828db-adcb-49a5-9550-45030a0bf747,SDG Preparation,date,FRT Initial Meeting Date,False
89897d99-9c7e-4475-9815-3e71708dd352,SDG Preparation,date,FRT Initial Meeting Date,False
8cb9aba6-e34e-451a-81b5-49212188a3a5,SDG Preparation,date,FRT Initial Meeting Date,False
8cbe1c30-8b78-4c66-8b4d-1dc6aa90b759,SDG Preparation,date,FRT Initial Meeting Date,False
8dd91d38-fbd3-4d49-8735-c3aa42dc6a73,SDG Preparation,date,FRT Initial Meeting Date,False
8e1176a4-6d9e-4258-b058-855ee4b31b9d,SDG Preparation,date,FRT Initial Meeting Date,False
8f00753c-cc0e-4a2a-a810-2ad6159fb047,SDG Preparation,date,FRT Initial Meeting Date,False
8f1f11a7-8398-47e4-8891-9b03b1a8560d,SDG Preparation,date,FRT Initial Meeting Date,False
9082ab6c-6c8c-4290-8cb9-0497a54b355b,SDG Preparation,date,FRT Initial Meeting Date,False
9125774f-80db-44ba-a2c0-9fdcbd3deef9,SDG Preparation,date,FRT Initial Meeting Date,False
9368bc5d-845f-4100-8e38-82a4895b751a,SDG Preparation,date,FRT Initial Meeting Date,False
937936aa-d1ee-4041-8200-0d2b53c7c9b1,SDG Preparation,date,FRT Initial Meeting Date,False
93aac463-f051-4f83-bdf7-8f3a5b6c6205,SDG Preparation,date,FRT Initial Meeting Date,False
946c3779-7558-40f6-b24b-e7f1a581f2f5,SDG Preparation,date,FRT Initial Meeting Date,False
950fcd2f-4f1f-41dd-bc0d-ac257837771d,SDG Preparation,date,FRT Initial Meeting Date,False
96bf3ad9-99db-4a02-be53-a022ee5a272a,SDG Preparation,date,FRT Initial Meeting Date,False
982be203-d26f-477d-bcc6-cea99fb4d491,SDG Preparation,date,FRT Initial Meeting Date,False
98c57471-6d7f-4432-b122-43ef914f1beb,SDG Preparation,date,FRT Initial Meeting Date,False
99b5f4e4-9072-4d43-a767-888ff839fa20,SDG Preparation,date,FRT Initial Meeting Date,False
9a7713d3-de8b-44aa-a022-f597dfbf0773,SDG Preparation,date,FRT Initial Meeting Date,False
9ad8ca1f-1260-4f7b-b292-d4705c67a713,SDG Preparation,date,FRT Initial Meeting Date,False
9af9da7a-22c7-483a-a78f-b785ea1841a2,SDG Preparation,date,FRT Initial Meeting Date,False
9b235170-7893-4b07-89a6-d0a338e0cc13,SDG Preparation,date,FRT Initial Meeting Date,False
9b75046b-5e27-4b6a-898f-0374e0357255,SDG Preparation,date,FRT Initial Meeting Date,False
9beda77c-9c5b-491c-82f2-2ad45f002b6f,SDG Preparation,date,FRT Initial Meeting Date,False
9d5f9218-6afd-465f-aea0-783c6494a809,SDG Preparation,date,FRT Initial Meeting Date,False
9e0362bb-03dd-4149-9164-5827f02feb08,SDG Preparation,date,FRT Initial Meeting Date,False
9f4e6bbb-1e12-45c4-b519-51cb75c49ef4,SDG Preparation,date,FRT Initial Meeting Date,False
a0426e42-6d70-4059-b67d-0d0135a58ba8,SDG Preparation,date,FRT Initial Meeting Date,False
a07522dd-7b9f-43a8-9afd-7807503c1361,SDG Preparation,date,FRT Initial Meeting Date,False
a1720a4f-5984-4b4c-b929-d10fb071ee97,SDG Preparation,date,FRT Initial Meeting Date,False
a4c7e4c0-c0d3-4f12-8b13-3d259379ccdc,SDG Preparation,date,FRT Initial Meeting Date,False
a4cb9112-817b-4bd9-a566-75fba2a9ac6d,SDG Preparation,date,FRT Initial Meeting Date,False
a5380e32-3927-46eb-a048-f48664ffb809,SDG Preparation,date,FRT Initial Meeting Date,False
a664bde0-11bc-47f3-876f-392e943b092c,SDG Preparation,date,FRT Initial Meeting Date,False
a6c8c1b0-0a39-40ae-b9cc-f00018e3e41a,SDG Preparation,date,FRT Initial Meeting Date,False
a9341a96-f3ac-4d19-b867-805c1c13e0bf,SDG Preparation,date,FRT Initial Meeting Date,False
af7fe1f7-b3b6-4372-bc4f-e4b3c8e8b574,SDG Preparation,date,FRT Initial Meeting Date,False
b2b50a67-a9c7-4796-8bbb-2885202e8cf5,SDG Preparation,date,FRT Initial Meeting Date,False
b40aacee-3dac-447e-a9b6-23b85ad86812,SDG Preparation,date,FRT Initial Meeting Date,False
b4397db8-6c82-4093-8872-91cbf5698efe,SDG Preparation,date,FRT Initial Meeting Date,False
b526c4a0-fd7e-4b09-af5f-302fc71143a2,SDG Preparation,date,FRT Initial Meeting Date,False
b58d203e-fe49-446d-8872-05ee866c51bc,SDG Preparation,date,FRT Initial Meeting Date,False
b646eaa5-5146-42ba-8793-f9ff4daffbfb,SDG Preparation,date,FRT Initial Meeting Date,False
b8979015-28d2-462d-b4c9-23e734e74637,SDG Preparation,date,FRT Initial Meeting Date,False
b8ca0693-642b-42a5-89d5-a0f271e2beaa,SDG Preparation,date,FRT Initial Meeting Date,False
b8ce4b5d-b2e0-49ce-9878-2f77b5da13a3,SDG Preparation,date,FRT Initial Meeting Date,False
b948eef7-7d1c-44a1-bce9-264e1bd1adbd,SDG Preparation,date,FRT Initial Meeting Date,False
b973a0b2-97a5-4846-8396-ba03f50995ef,SDG Preparation,date,FRT Initial Meeting Date,False
b9d64f02-8673-49dd-892f-63a63865358e,SDG Preparation,date,FRT Initial Meeting Date,False
bb46787a-42bc-417f-a7b8-cdef0fda771f,SDG Preparation,date,FRT Initial Meeting Date,False
bc2eaa99-81ce-4727-9212-2e647e4e40a1,SDG Preparation,date,FRT Initial Meeting Date,False
bc598f12-3acd-4021-9163-0c01c53d11dd,SDG Preparation,date,FRT Initial Meeting Date,False
bcff12d0-748c-47e9-ac21-567260b29630,SDG Preparation,date,FRT Initial Meeting Date,False
bd04b5ec-78bb-42e4-af8b-28d59388da88,SDG Preparation,date,FRT Initial Meeting Date,False
bd48c893-ab19-4763-88b0-91f9347cc516,SDG Preparation,date,FRT Initial Meeting Date,False
bd8d30ad-ee9d-4ba5-a2ff-d2940fde0be3,SDG Preparation,date,FRT Initial Meeting Date,False
be09c9ac-d9b9-4370-a268-d973ec0d16f5,SDG Preparation,date,FRT Initial Meeting Date,False
be915209-b5be-4971-8147-6e50ee5ed395,SDG Preparation,date,FRT Initial Meeting Date,False
bf144d9c-f861-4915-9640-faae738fe092,SDG Preparation,date,FRT Initial Meeting Date,False
bf354cb7-af95-45ad-9efa-9e9c76184a8a,SDG Preparation,date,FRT Initial Meeting Date,False
c018c553-bf3d-4713-97a6-5aa5d2952c59,SDG Preparation,date,FRT Initial Meeting Date,False
c0a1acc2-15f1-458d-94b6-c5fed8f205d4,SDG Preparation,date,FRT Initial Meeting Date,False
c13062a4-817d-498f-8c5e-e4f449c1d978,SDG Preparation,date,FRT Initial Meeting Date,False
c16a997e-e0f9-4347-8494-9ce77a7ad192,SDG Preparation,date,FRT Initial Meeting Date,False
c2f49dfd-0b97-4aab-bc5c-416624ae2cf9,SDG Preparation,date,FRT Initial Meeting Date,False
c3046e84-add8-4311-8c2b-a4b4b454c7fd,SDG Preparation,date,FRT Initial Meeting Date,False
c34edfa1-113c-47c3-8443-aa98f8a984c7,SDG Preparation,date,FRT Initial Meeting Date,False
c5798784-3aef-4ad7-b15a-8248b8a7a274,SDG Preparation,date,FRT Initial Meeting Date,False
c74f0781-a0c4-4277-9844-6daa46cdc03d,SDG Preparation,date,FRT Initial Meeting Date,False
c7b6bc2b-de8c-4594-94a2-f94a7cdbec01,SDG Preparation,date,FRT Initial Meeting Date,False
c7c07fe5-ac27-4296-9440-13916aa30f3a,SDG Preparation,date,FRT Initial Meeting Date,False
c88d9b17-5c4d-4c6c-b028-d0ba7894ef2f,SDG Preparation,date,FRT Initial Meeting Date,False
c8dabc76-00ef-4790-b6bf-569e26aa1ed9,SDG Preparation,date,FRT Initial Meeting Date,False
cace5bc9-6f15-4469-b848-03d64fa0662f,SDG Preparation,date,FRT Initial Meeting Date,False
cb5f2906-d9da-497b-8695-092e12c18b9e,SDG Preparation,date,FRT Initial Meeting Date,False
cb65dde4-8817-4d5e-8d2d-ca9819c0905d,SDG Preparation,date,FRT Initial Meeting Date,False
cb7441d0-c691-4dfb-b98d-a2a8f4b7e81f,SDG Preparation,date,FRT Initial Meeting Date,False
ccf6abde-3eae-4fb9-a473-bcf38786512f,SDG Preparation,date,FRT Initial Meeting Date,False
cd347114-a964-462b-a855-bfd14c955c14,SDG Preparation,date,FRT Initial Meeting Date,False
cd8bd6bd-4867-4466-84f4-2d6f204c8628,SDG Preparation,date,FRT Initial Meeting Date,False
cd8d6037-25d7-40a0-879c-b8d85f443f35,SDG Preparation,date,FRT Initial Meeting Date,False
cdb1dabc-8e0f-4648-9216-4540cfe80211,SDG Preparation,date,FRT Initial Meeting Date,False
ce6100de-f679-44c4-bd26-819ef099a5cb,SDG Preparation,date,FRT Initial Meeting Date,False
ce6b5e64-f60b-4661-b1f2-10c25e1c6ad1,SDG Preparation,date,FRT Initial Meeting Date,False
cfd0656a-ae45-41c2-bb82-62df6645076f,SDG Preparation,date,FRT Initial Meeting Date,False
d2e61c74-178a-4791-b53d-8a1e4ebddd40,SDG Preparation,date,FRT Initial Meeting Date,False
d40d1207-a663-40bd-8036-287fc06ea360,SDG Preparation,date,FRT Initial Meeting Date,False
d4ce7d33-6c38-4061-85a7-09a7d7be42fd,SDG Preparation,date,FRT Initial Meeting Date,False
d6bc8012-3397-4f21-84af-61f59f658e89,SDG Preparation,date,FRT Initial Meeting Date,False
d74e616c-e6db-4410-9ce1-eadd02eca4e5,SDG Preparation,date,FRT Initial Meeting Date,False
d81482a4-fc33-45dc-be8b-9a3a0dd1356e,SDG Preparation,date,FRT Initial Meeting Date,False
da5535b9-14bf-48f9-9061-03a8b14f988c,SDG Preparation,date,FRT Initial Meeting Date,False
daa5e216-e5ee-4567-a2dc-6165b252b2fb,SDG Preparation,date,FRT Initial Meeting Date,False
dac3f05e-1815-4d03-8066-5aa5c1c7ff4a,SDG Preparation,date,FRT Initial Meeting Date,False
dbb154f3-4cf5-430e-adbd-df9df5867685,SDG Preparation,date,FRT Initial Meeting Date,False
dc8dd640-fc64-4ba3-9894-f243b1e14869,SDG Preparation,date,FRT Initial Meeting Date,False
dcdd103d-91da-441d-bd81-3aebf0b31e37,SDG Preparation,date,FRT Initial Meeting Date,False
dd544bef-c3da-45bb-b665-546f32a96a7e,SDG Preparation,date,FRT Initial Meeting Date,False
e05f17af-8550-4ebe-81d5-e3804993556c,SDG Preparation,date,FRT Initial Meeting Date,False
e084fdf7-7572-4eda-9b86-bf3bed22ba02,SDG Preparation,date,FRT Initial Meeting Date,False
e14e3eb8-f350-403c-bee3-21868690dfe4,SDG Preparation,date,FRT Initial Meeting Date,False
e1db1851-cd99-4ccc-82aa-a2a48982c475,SDG Preparation,date,FRT Initial Meeting Date,False
e3b59b4d-8488-4e32-ae71-b6b3c244ef41,SDG Preparation,date,FRT Initial Meeting Date,False
e3cbac18-f203-4de2-bda7-dc9a2dc03f58,SDG Preparation,date,FRT Initial Meeting Date,False
e4d572d3-49e4-4f44-992a-ea12360501cb,SDG Preparation,date,FRT Initial Meeting Date,False
e50ea93d-3fdc-4ca1-b94b-958c044e6330,SDG Preparation,date,FRT Initial Meeting Date,False
e576fa42-1317-481f-bb30-8e5b26e96c27,SDG Preparation,date,FRT Initial Meeting Date,False
e7572db9-1cc7-4455-9d22-d0d676dd4792,SDG Preparation,date,FRT Initial Meeting Date,False
e79fd204-c812-4957-a90a-46c3beb81d56,SDG Preparation,date,FRT Initial Meeting Date,False
e7ed830c-61a5-4f3b-b6e0-b7c2f120fd3e,SDG Preparation,date,FRT Initial Meeting Date,False
e9225e11-2ed6-4c44-b08b-497ff585e349,SDG Preparation,date,FRT Initial Meeting Date,False
ec1d7adf-e662-4db6-a5a5-d6ab811f2d24,SDG Preparation,date,FRT Initial Meeting Date,False
ec46307f-ec7b-4e65-a15e-bb1c3d360114,SDG Preparation,date,FRT Initial Meeting Date,False
ec76e94b-178b-414b-a442-16cfa3b83a2e,SDG Preparation,date,FRT Initial Meeting Date,False
eef2cfd3-6b55-45b0-82ef-17f2d932c519,SDG Preparation,date,FRT Initial Meeting Date,False
f13dadee-5052-421c-b42b-3dbba6740c2e,SDG Preparation,date,FRT Initial Meeting Date,False
f1ddca41-3217-44af-bcff-bc2e2fd2b710,SDG Preparation,date,FRT Initial Meeting Date,False
f28de1d9-0c7f-482b-be4a-37a5010395b6,SDG Preparation,date,FRT Initial Meeting Date,False
f35c1cd7-761e-4072-a2d6-1abe8117ced5,SDG Preparation,date,FRT Initial Meeting Date,False
f42e43e2-536c-445c-88b3-5ef2a83423ad,SDG Preparation,date,FRT Initial Meeting Date,False
f4358c61-6506-497e-a179-dac4603ce4a4,SDG Preparation,date,FRT Initial Meeting Date,False
f641320f-8cae-452f-999f-f650d13d24ff,SDG Preparation,date,FRT Initial Meeting Date,False
f69d1f8d-849e-4c43-84af-1d6aadb19433,SDG Preparation,date,FRT Initial Meeting Date,False
f6eec1f1-9bdc-41ea-a810-e0695dd360b1,SDG Preparation,date,FRT Initial Meeting Date,False
f723aea0-4ef8-4a60-b98e-0393f346cfbd,SDG Preparation,date,FRT Initial Meeting Date,False
f74d0af7-eee2-4cdf-8279-b5494534de99,SDG Preparation,date,FRT Initial Meeting Date,False
f8750186-e249-4421-8246-abb93a6a80e2,SDG Preparation,date,FRT Initial Meeting Date,False
f935244b-2eac-4613-b7fa-d94d731015c5,SDG Preparation,date,FRT Initial Meeting Date,False
fa23b695-abaf-4991-a36c-fd3b562bca5d,SDG Preparation,date,FRT Initial Meeting Date,False
fa288f4b-d424-4cfa-8faa-c1e2b08dc009,SDG Preparation,date,FRT Initial Meeting Date,False
fb5ab5b6-9802-4344-9765-bc636223a99c,SDG Preparation,date,FRT Initial Meeting Date,False
fb67f194-6495-46de-b313-f37e3f77892e,SDG Preparation,date,FRT Initial Meeting Date,False
fbca251b-1a37-4c01-bc0f-7a8f956e81fd,SDG Preparation,date,FRT Initial Meeting Date,False
fc8af835-194a-4fdb-a3db-750a7af79998,SDG Preparation,date,FRT Initial Meeting Date,False
fd3ac48a-a385-4ba1-b26f-f078f892ccfc,SDG Preparation,date,FRT Initial Meeting Date,False
fdf14feb-7061-4c29-b811-3421897765e1,SDG Preparation,date,FRT Initial Meeting Date,False
fe0d0cd6-268b-42a8-a671-88f6cf199192,SDG Preparation,date,FRT Initial Meeting Date,False
fe371a3a-ba6b-4f7c-83e7-60f36602e89d,SDG Preparation,date,FRT Initial Meeting Date,False
007cc95c-92ae-40cc-850e-50bb331b658d,SDG Preparation,date,SME Initial Review Date,False
01202dd5-67e9-432f-a5ef-d9e4e49f8f76,SDG Preparation,date,SME Initial Review Date,False
0181f074-ee92-420b-822d-aedfadcd4c7d,SDG Preparation,date,SME Initial Review Date,False
01dca696-c094-4f14-ade8-c96f19292a92,SDG Preparation,date,SME Initial Review Date,False
0473183d-2e93-4371-a841-47350d3e765b,SDG Preparation,date,SME Initial Review Date,False
08a66d07-dfe1-4225-b3d1-cf7604909b58,SDG Preparation,date,SME Initial Review Date,False
08ced498-8997-401c-a186-daa67a4ff809,SDG Preparation,date,SME Initial Review Date,False
08fceebe-6835-408b-97de-b7f3b8522706,SDG Preparation,date,SME Initial Review Date,False
0965889d-2796-4022-adc9-7ad6b2f7895e,SDG Preparation,date,SME Initial Review Date,False
0977ad7f-a35c-4e4e-b50b-2f1834ad5014,SDG Preparation,date,SME Initial Review Date,False
09f34d93-656c-4793-ad53-f06d53f03192,SDG Preparation,date,SME Initial Review Date,False
0a7679ae-d047-49fb-9996-9c5c497a1ad5,SDG Preparation,date,SME Initial Review Date,False
0aacc3ec-a6fc-41cb-84e3-3fd8ca5f4c25,SDG Preparation,date,SME Initial Review Date,False
0ad53526-62cf-405b-aaaf-d62dfa2433b6,SDG Preparation,date,SME Initial Review Date,False
0b11ca84-a492-41e1-9fb1-7c988da310ba,SDG Preparation,date,SME Initial Review Date,False
0b49419b-eb17-4fb1-99e2-79f58fca2b75,SDG Preparation,date,SME Initial Review Date,False
0b8752ca-48d3-4e08-8369-d92c9d1b0427,SDG Preparation,date,SME Initial Review Date,False
0c74168d-4ed3-485b-aca4-d82cd5ca4fa5,SDG Preparation,date,SME Initial Review Date,False
0cc17b4c-5437-425e-9700-c8e90f09aaf6,SDG Preparation,date,SME Initial Review Date,False
0cdb6064-b473-4a2e-bdc2-d6dfded63446,SDG Preparation,date,SME Initial Review Date,False
0fbdef7a-fb36-430d-ae8d-0d34882e1c74,SDG Preparation,date,SME Initial Review Date,False
0fcfc81f-e55a-4374-ba2b-ec37081df6d3,SDG Preparation,date,SME Initial Review Date,False
110f9760-16ff-4adf-8f29-1c0a24db5ca0,SDG Preparation,date,SME Initial Review Date,False
11bbbe73-e085-4be3-84ec-70cfb3a2f31b,SDG Preparation,date,SME Initial Review Date,False
123b47d8-b25f-448b-a762-b51d97c518dc,SDG Preparation,date,SME Initial Review Date,False
13fbcf4d-aaac-4d6f-9c56-1c7de963b003,SDG Preparation,date,SME Initial Review Date,False
14631a8e-32a3-4657-a29e-9374112a72e9,SDG Preparation,date,SME Initial Review Date,False
14c27c1b-f1a4-4c07-9999-0f2cd25078ff,SDG Preparation,date,SME Initial Review Date,False
150fd48e-7a9a-4417-a4a2-04e6240e0da1,SDG Preparation,date,SME Initial Review Date,False
16b94b99-94e4-47f7-86f2-235d6fbbb3f0,SDG Preparation,date,SME Initial Review Date,False
17d07543-f9f1-481f-90e3-49125eea23d3,SDG Preparation,date,SME Initial Review Date,False
17fae73d-32e2-487b-802d-4245eb8dac1b,SDG Preparation,date,SME Initial Review Date,False
18bf9f77-362a-405b-849c-d2c642fcd9b4,SDG Preparation,date,SME Initial Review Date,False
194ee888-180e-4ec1-86e2-90ac54999c6e,SDG Preparation,date,SME Initial Review Date,False
1954dc33-d848-47e8-ab15-15f3194fc715,SDG Preparation,date,SME Initial Review Date,False
196cd174-4db0-4d4d-bc83-612c75b53c0c,SDG Preparation,date,SME Initial Review Date,False
19cde612-c7fa-42bf-861e-c527ab0b5b6e,SDG Preparation,date,SME Initial Review Date,False
1ac4f92b-8b39-4081-ab13-f12d29995ba7,SDG Preparation,date,SME Initial Review Date,False
1ad59f7a-cd6e-4454-8809-f1529f4d2590,SDG Preparation,date,SME Initial Review Date,False
1b0a267d-bb05-4d13-9499-9ce34b1aff6f,SDG Preparation,date,SME Initial Review Date,False
1b155e69-e927-4a64-be66-940ac3093a0d,SDG Preparation,date,SME Initial Review Date,False
1b3322cf-8bdf-4cfd-85fc-880f96ae6c78,SDG Preparation,date,SME Initial Review Date,False
1b4db82b-54a7-4da0-b5ae-9d677c54a565,SDG Preparation,date,SME Initial Review Date,False
1bd03341-d171-424d-8bf8-acb73c44c57a,SDG Preparation,date,SME Initial Review Date,False
1c26a74c-03ef-4302-94a0-3b794cf583ab,SDG Preparation,date,SME Initial Review Date,False
1cd11925-91b7-4110-b62f-e26f5980e336,SDG Preparation,date,SME Initial Review Date,False
1e0a7577-b08e-46bf-8119-1aa425b90334,SDG Preparation,date,SME Initial Review Date,False
2071241b-eaec-4108-9ad5-5d5bc6f96071,SDG Preparation,date,SME Initial Review Date,False
2073f1f3-9c70-4e27-9f9e-4105c51be8f7,SDG Preparation,date,SME Initial Review Date,False
224b4c22-66d1-40fe-ae57-04c911173d74,SDG Preparation,date,SME Initial Review Date,False
232ce729-df65-41ad-ae63-40d269cd34aa,SDG Preparation,date,SME Initial Review Date,False
26cf0dca-fe07-4614-9ed1-cc59bbad3c76,SDG Preparation,date,SME Initial Review Date,False
279bc6a9-6a87-474f-881b-b14b05f731c8,SDG Preparation,date,SME Initial Review Date,False
27c14bd5-9e48-4833-8da0-d0bd2727aaec,SDG Preparation,date,SME Initial Review Date,False
280e7e47-9d18-4963-bfa5-22dab94f8408,SDG Preparation,date,SME Initial Review Date,False
2916eb15-b065-4f44-ac82-a37475aedeab,SDG Preparation,date,SME Initial Review Date,False
2accbe88-b9ce-4d0f-8368-d4f8352301a5,SDG Preparation,date,SME Initial Review Date,False
2b0c1e40-571d-4b06-975b-02d163f138ae,SDG Preparation,date,SME Initial Review Date,False
2b8070d1-36c9-4562-8686-3551ae2ef257,SDG Preparation,date,SME Initial Review Date,False
2c51fad0-036e-4062-96d3-f741d1f23341,SDG Preparation,date,SME Initial Review Date,False
2d35dad4-a3f0-44e9-b79b-8ae9f29642fe,SDG Preparation,date,SME Initial Review Date,False
2d38b1d0-0919-4d3c-8f42-3e6c62683b50,SDG Preparation,date,SME Initial Review Date,False
2dc270c0-27f0-4992-8602-1fbbdcafa7b0,SDG Preparation,date,SME Initial Review Date,False
2df84448-6f71-4914-b227-3ffbb6c3f3b8,SDG Preparation,date,SME Initial Review Date,False
2e8fea71-0bde-4508-8478-9413704abf1d,SDG Preparation,date,SME Initial Review Date,False
2f5ee146-d497-4de9-8d00-e67db4a54563,SDG Preparation,date,SME Initial Review Date,False
2f94274e-5b24-467e-a3e1-3ea5dd93bbec,SDG Preparation,date,SME Initial Review Date,False
30539da0-ca78-4740-a5b1-da3e35a2f472,SDG Preparation,date,SME Initial Review Date,False
31afe2bf-4951-4d57-99ba-6394eb5711ba,SDG Preparation,date,SME Initial Review Date,False
31c6c568-37af-4d37-887b-636ff767fea1,SDG Preparation,date,SME Initial Review Date,False
3208d7be-c6bf-4fe3-b373-f528c99dd548,SDG Preparation,date,SME Initial Review Date,False
349f4f06-0e6c-491c-9e39-16073e2ee0f3,SDG Preparation,date,SME Initial Review Date,False
356a9ff0-124e-4a2f-9629-08e72f33b78b,SDG Preparation,date,SME Initial Review Date,False
35eb3be5-e50e-49d3-bf7c-42fa6f767e87,SDG Preparation,date,SME Initial Review Date,False
36b8a283-3e06-49b9-8236-e5947b849673,SDG Preparation,date,SME Initial Review Date,False
388ac56a-d77a-47d8-a1a9-223726638ee9,SDG Preparation,date,SME Initial Review Date,False
3954a225-e64e-4e6f-badd-e41ef1ed8ec4,SDG Preparation,date,SME Initial Review Date,False
396573ba-a1e2-4428-ad77-276a273884ab,SDG Preparation,date,SME Initial Review Date,False
3be48392-7bc2-416c-9064-516e8fbca5fd,SDG Preparation,date,SME Initial Review Date,False
3c42d745-e2c8-42df-827f-910a55f563bb,SDG Preparation,date,SME Initial Review Date,False
3f8ab05e-a761-4775-8d14-dc3b6ac9c42f,SDG Preparation,date,SME Initial Review Date,False
3f9b7639-d592-4f2b-8665-806bc4be4817,SDG Preparation,date,SME Initial Review Date,False
41ec9d51-efde-4812-8ea6-541a7ff514a0,SDG Preparation,date,SME Initial Review Date,False
42526f23-48f1-49b5-9fde-d5c39fb878ce,SDG Preparation,date,SME Initial Review Date,False
4273d858-eb53-49ce-892f-da66c13a1041,SDG Preparation,date,SME Initial Review Date,False
4278f28d-1806-4898-b56e-5fe6a7cc3bbb,SDG Preparation,date,SME Initial Review Date,False
42bda103-5071-4e05-95df-6a21b02309a0,SDG Preparation,date,SME Initial Review Date,False
4300b588-9c0e-490d-9b7f-08074583756e,SDG Preparation,date,SME Initial Review Date,False
434c0046-5d1d-4558-919b-fefb46dc5e59,SDG Preparation,date,SME Initial Review Date,False
43d8b6eb-c59c-4106-ac90-f3a5145d0fc5,SDG Preparation,date,SME Initial Review Date,False
43f0f178-3151-4e8f-9836-5c92522c971f,SDG Preparation,date,SME Initial Review Date,False
4510420f-1095-4c0c-b6ff-8f909a92ff6b,SDG Preparation,date,SME Initial Review Date,False
45460c60-fb59-4c72-87b1-253ff9674656,SDG Preparation,date,SME Initial Review Date,False
47d34a19-20af-453d-ab23-0220c875f015,SDG Preparation,date,SME Initial Review Date,False
47d57b40-32df-4108-b2f4-9371b7251603,SDG Preparation,date,SME Initial Review Date,False
4a9b897c-da61-4e97-a8e9-e4bc2ce93e96,SDG Preparation,date,SME Initial Review Date,False
4ac33e36-e034-4905-bc81-18c4fb117723,SDG Preparation,date,SME Initial Review Date,False
4c6f2ef7-46f4-4d5b-b200-dfdc9fc7182c,SDG Preparation,date,SME Initial Review Date,False
4c7e1658-26d9-4281-8923-f39602cbe62d,SDG Preparation,date,SME Initial Review Date,False
4c859061-4d2d-4ba2-9b25-ed2ea253a660,SDG Preparation,date,SME Initial Review Date,False
4d1d0cbd-d678-46bd-9271-5d820b84d247,SDG Preparation,date,SME Initial Review Date,False
4df5b564-f29a-4d6f-888a-f45cfafc80a7,SDG Preparation,date,SME Initial Review Date,False
4f4ca8f2-642d-486b-9e1b-403d044e0c08,SDG Preparation,date,SME Initial Review Date,False
50607850-a7d0-41e6-9e1c-5eaa97970480,SDG Preparation,date,SME Initial Review Date,False
51573012-04dc-491f-b41a-0bb4b24efec9,SDG Preparation,date,SME Initial Review Date,False
517d3bce-f1df-4b8a-abf5-4714d5dd0e0e,SDG Preparation,date,SME Initial Review Date,False
52a0996b-7c44-494d-b776-c61ea23e8151,SDG Preparation,date,SME Initial Review Date,False
52e72c12-28f6-40b8-847a-8955b3e9e17e,SDG Preparation,date,SME Initial Review Date,False
532eb869-f195-47a4-85d4-c9cd60d5b74d,SDG Preparation,date,SME Initial Review Date,False
563107d6-fbe5-4d2e-b9c0-82224b7b799f,SDG Preparation,date,SME Initial Review Date,False
563f2f45-f01b-4496-97ed-b87c3c7df7da,SDG Preparation,date,SME Initial Review Date,False
5658e206-a582-4aa5-b4c9-8dc15f882ede,SDG Preparation,date,SME Initial Review Date,False
592546ba-edaa-4798-a4ba-8ef560f70d8a,SDG Preparation,date,SME Initial Review Date,False
59c17cc5-53df-493c-9fe7-8c60fc74b2e9,SDG Preparation,date,SME Initial Review Date,False
5a771745-7b29-42b9-b42a-67ae2458aa9f,SDG Preparation,date,SME Initial Review Date,False
5b401019-3ea0-4a2b-b244-522d987c44d4,SDG Preparation,date,SME Initial Review Date,False
5c691bac-63fb-49b2-8ba2-64943643c0f9,SDG Preparation,date,SME Initial Review Date,False
5c9f465d-0d82-45dc-b417-a9f37d22aeca,SDG Preparation,date,SME Initial Review Date,False
5d2f4ed6-f0c0-4ca8-b358-0895ecec7264,SDG Preparation,date,SME Initial Review Date,False
5d3e70d1-a912-40f5-a96f-2972c859d992,SDG Preparation,date,SME Initial Review Date,False
5fe23d01-4b5e-4219-af15-0704686827fc,SDG Preparation,date,SME Initial Review Date,False
60ea7851-9e7e-4105-ae9d-fdf7ee9dce7a,SDG Preparation,date,SME Initial Review Date,False
6121bb37-1f43-4709-be1d-7e2e0e1524e4,SDG Preparation,date,SME Initial Review Date,False
62752f90-fcb7-4eba-9d0d-64cfd883a3f6,SDG Preparation,date,SME Initial Review Date,False
644cea4d-9889-4f33-8e94-aba05cac72c7,SDG Preparation,date,SME Initial Review Date,False
64d33085-d365-4e7c-9a9a-03f009e60a7d,SDG Preparation,date,SME Initial Review Date,False
64d488e8-b0ea-4975-8cab-b5e1c5e7081e,SDG Preparation,date,SME Initial Review Date,False
656ea06b-143e-4e04-981b-cc409f142662,SDG Preparation,date,SME Initial Review Date,False
658036b5-c984-434a-b72d-88cfcafee003,SDG Preparation,date,SME Initial Review Date,False
65abf3d1-0cd4-4d40-bcce-156a76c0a035,SDG Preparation,date,SME Initial Review Date,False
65e2a59a-dd59-4fdb-abc6-741972bc1a84,SDG Preparation,date,SME Initial Review Date,False
661424ae-5057-4909-bdf3-9ae7ec847d24,SDG Preparation,date,SME Initial Review Date,False
674aac2b-0390-4171-8c9d-4c1c3c03a8e6,SDG Preparation,date,SME Initial Review Date,False
685474b8-5a90-49b6-aa6c-59b65628eaf9,SDG Preparation,date,SME Initial Review Date,False
68fff0c7-741d-465d-971e-9c3aae683fa3,SDG Preparation,date,SME Initial Review Date,False
6c913f9b-c332-4952-a70d-1a6231261340,SDG Preparation,date,SME Initial Review Date,False
6e11e177-b4ea-45fe-8c56-0af3e9e2e1e6,SDG Preparation,date,SME Initial Review Date,False
6e992441-2a89-4294-a7f4-9becec15e22b,SDG Preparation,date,SME Initial Review Date,False
6eb1f8a6-6dcb-4f27-990f-3c938fd2478d,SDG Preparation,date,SME Initial Review Date,False
6ef3661c-b813-425e-95ee-75a33095b612,SDG Preparation,date,SME Initial Review Date,False
6f50e23b-ce21-4e18-8fb6-f7775b89e41e,SDG Preparation,date,SME Initial Review Date,False
7113f4e2-9519-404d-bd73-191cffcaaeb7,SDG Preparation,date,SME Initial Review Date,False
713bada4-df31-4258-9b20-9dadac43c1cc,SDG Preparation,date,SME Initial Review Date,False
71bd7472-26c4-4cd1-a1fd-d23bc11cf9e0,SDG Preparation,date,SME Initial Review Date,False
71e8bdde-35a5-43a0-9ebd-53cd29bb5aed,SDG Preparation,date,SME Initial Review Date,False
7247c6cc-a4f8-422b-a0d4-eb7023de52c4,SDG Preparation,date,SME Initial Review Date,False
72ba07e4-1073-4c30-976b-4c6d836a7afa,SDG Preparation,date,SME Initial Review Date,False
7359cb4b-7f34-4322-9379-448e4c4a3ebf,SDG Preparation,date,SME Initial Review Date,False
7381c72c-ddc3-406e-82af-988a5972a2c9,SDG Preparation,date,SME Initial Review Date,False
73d073a5-d31c-49c5-8e37-9edf2f970f4b,SDG Preparation,date,SME Initial Review Date,False
753784a3-c5ec-4826-a5ee-dfc9664cbf90,SDG Preparation,date,SME Initial Review Date,False
76f5cfc6-aae5-470d-bdd3-9492644e3dbd,SDG Preparation,date,SME Initial Review Date,False
77487dfc-4eaa-4b0d-97fc-91b3614a9542,SDG Preparation,date,SME Initial Review Date,False
77621ac9-146a-4540-bdf2-e59e63e5278d,SDG Preparation,date,SME Initial Review Date,False
79b7bb6e-2230-4d76-a4fc-b498031190a3,SDG Preparation,date,SME Initial Review Date,False
79d28d84-31cd-4e95-9e98-92fb3e480065,SDG Preparation,date,SME Initial Review Date,False
7ae1272a-e47a-4228-aae8-7855b6737052,SDG Preparation,date,SME Initial Review Date,False
7c356590-c4df-4f86-a44e-ab562321ee09,SDG Preparation,date,SME Initial Review Date,False
7c43bc46-6034-4df6-a40f-d8bba45e320a,SDG Preparation,date,SME Initial Review Date,False
7c66762a-21ce-4e96-a766-1b705463e62c,SDG Preparation,date,SME Initial Review Date,False
7c9256d8-ff1b-4208-a542-9c2485ea95d7,SDG Preparation,date,SME Initial Review Date,False
7d002e7e-6ac9-47ea-8ae7-5ef111b9202a,SDG Preparation,date,SME Initial Review Date,False
7d0bd82d-b71e-48a5-885c-0e6efbccb57b,SDG Preparation,date,SME Initial Review Date,False
7e09d6dd-6a16-4878-a186-686978528cb6,SDG Preparation,date,SME Initial Review Date,False
7e6ad85c-4984-4a98-87e8-574a2eebdc47,SDG Preparation,date,SME Initial Review Date,False
7ee95840-8e0a-4dde-8636-ca10711f046e,SDG Preparation,date,SME Initial Review Date,False
7f405a54-2777-4fa1-85c0-8dbaa1c7d361,SDG Preparation,date,SME Initial Review Date,False
805e0f96-ad57-490a-b16b-76811f9d3cbe,SDG Preparation,date,SME Initial Review Date,False
80a1a128-5ef0-47ba-af5a-d9bb4be2af9f,SDG Preparation,date,SME Initial Review Date,False
812eee93-224e-45d1-8b44-b5f112330a1c,SDG Preparation,date,SME Initial Review Date,False
8263c0a9-0ff4-42af-a9be-bbc9eac3c117,SDG Preparation,date,SME Initial Review Date,False
83c3e37c-2043-4d84-ba05-c305d78b230b,SDG Preparation,date,SME Initial Review Date,False
85091d55-a133-4bef-af0a-f8c0ec9f7a55,SDG Preparation,date,SME Initial Review Date,False
861404d8-993a-4c33-965d-bc3c1e399e6e,SDG Preparation,date,SME Initial Review Date,False
86761e5d-41eb-44ed-8f8b-2ce49781c2be,SDG Preparation,date,SME Initial Review Date,False
86ae7990-339a-4643-a194-dd0455c29760,SDG Preparation,date,SME Initial Review Date,False
86df92e1-e4ed-47f1-9bdf-56f216818bba,SDG Preparation,date,SME Initial Review Date,False
886828db-adcb-49a5-9550-45030a0bf747,SDG Preparation,date,SME Initial Review Date,False
89897d99-9c7e-4475-9815-3e71708dd352,SDG Preparation,date,SME Initial Review Date,False
8cb9aba6-e34e-451a-81b5-49212188a3a5,SDG Preparation,date,SME Initial Review Date,False
8cbe1c30-8b78-4c66-8b4d-1dc6aa90b759,SDG Preparation,date,SME Initial Review Date,False
8dd91d38-fbd3-4d49-8735-c3aa42dc6a73,SDG Preparation,date,SME Initial Review Date,False
8e1176a4-6d9e-4258-b058-855ee4b31b9d,SDG Preparation,date,SME Initial Review Date,False
8f00753c-cc0e-4a2a-a810-2ad6159fb047,SDG Preparation,date,SME Initial Review Date,False
8f1f11a7-8398-47e4-8891-9b03b1a8560d,SDG Preparation,date,SME Initial Review Date,False
9082ab6c-6c8c-4290-8cb9-0497a54b355b,SDG Preparation,date,SME Initial Review Date,False
9125774f-80db-44ba-a2c0-9fdcbd3deef9,SDG Preparation,date,SME Initial Review Date,False
9368bc5d-845f-4100-8e38-82a4895b751a,SDG Preparation,date,SME Initial Review Date,False
937936aa-d1ee-4041-8200-0d2b53c7c9b1,SDG Preparation,date,SME Initial Review Date,False
93aac463-f051-4f83-bdf7-8f3a5b6c6205,SDG Preparation,date,SME Initial Review Date,False
946c3779-7558-40f6-b24b-e7f1a581f2f5,SDG Preparation,date,SME Initial Review Date,False
950fcd2f-4f1f-41dd-bc0d-ac257837771d,SDG Preparation,date,SME Initial Review Date,False
96bf3ad9-99db-4a02-be53-a022ee5a272a,SDG Preparation,date,SME Initial Review Date,False
982be203-d26f-477d-bcc6-cea99fb4d491,SDG Preparation,date,SME Initial Review Date,False
98c57471-6d7f-4432-b122-43ef914f1beb,SDG Preparation,date,SME Initial Review Date,False
99b5f4e4-9072-4d43-a767-888ff839fa20,SDG Preparation,date,SME Initial Review Date,False
9a7713d3-de8b-44aa-a022-f597dfbf0773,SDG Preparation,date,SME Initial Review Date,False
9ad8ca1f-1260-4f7b-b292-d4705c67a713,SDG Preparation,date,SME Initial Review Date,False
9af9da7a-22c7-483a-a78f-b785ea1841a2,SDG Preparation,date,SME Initial Review Date,False
9b235170-7893-4b07-89a6-d0a338e0cc13,SDG Preparation,date,SME Initial Review Date,False
9b75046b-5e27-4b6a-898f-0374e0357255,SDG Preparation,date,SME Initial Review Date,False
9beda77c-9c5b-491c-82f2-2ad45f002b6f,SDG Preparation,date,SME Initial Review Date,False
9d5f9218-6afd-465f-aea0-783c6494a809,SDG Preparation,date,SME Initial Review Date,False
9e0362bb-03dd-4149-9164-5827f02feb08,SDG Preparation,date,SME Initial Review Date,False
9f4e6bbb-1e12-45c4-b519-51cb75c49ef4,SDG Preparation,date,SME Initial Review Date,False
a0426e42-6d70-4059-b67d-0d0135a58ba8,SDG Preparation,date,SME Initial Review Date,False
a07522dd-7b9f-43a8-9afd-7807503c1361,SDG Preparation,date,SME Initial Review Date,False
a1720a4f-5984-4b4c-b929-d10fb071ee97,SDG Preparation,date,SME Initial Review Date,False
a4c7e4c0-c0d3-4f12-8b13-3d259379ccdc,SDG Preparation,date,SME Initial Review Date,False
a4cb9112-817b-4bd9-a566-75fba2a9ac6d,SDG Preparation,date,SME Initial Review Date,False
a5380e32-3927-46eb-a048-f48664ffb809,SDG Preparation,date,SME Initial Review Date,False
a664bde0-11bc-47f3-876f-392e943b092c,SDG Preparation,date,SME Initial Review Date,False
a6c8c1b0-0a39-40ae-b9cc-f00018e3e41a,SDG Preparation,date,SME Initial Review Date,False
a9341a96-f3ac-4d19-b867-805c1c13e0bf,SDG Preparation,date,SME Initial Review Date,False
af7fe1f7-b3b6-4372-bc4f-e4b3c8e8b574,SDG Preparation,date,SME Initial Review Date,False
b2b50a67-a9c7-4796-8bbb-2885202e8cf5,SDG Preparation,date,SME Initial Review Date,False
b40aacee-3dac-447e-a9b6-23b85ad86812,SDG Preparation,date,SME Initial Review Date,False
b4397db8-6c82-4093-8872-91cbf5698efe,SDG Preparation,date,SME Initial Review Date,False
b526c4a0-fd7e-4b09-af5f-302fc71143a2,SDG Preparation,date,SME Initial Review Date,False
b58d203e-fe49-446d-8872-05ee866c51bc,SDG Preparation,date,SME Initial Review Date,False
b646eaa5-5146-42ba-8793-f9ff4daffbfb,SDG Preparation,date,SME Initial Review Date,False
b8979015-28d2-462d-b4c9-23e734e74637,SDG Preparation,date,SME Initial Review Date,False
b8ca0693-642b-42a5-89d5-a0f271e2beaa,SDG Preparation,date,SME Initial Review Date,False
b8ce4b5d-b2e0-49ce-9878-2f77b5da13a3,SDG Preparation,date,SME Initial Review Date,False
b948eef7-7d1c-44a1-bce9-264e1bd1adbd,SDG Preparation,date,SME Initial Review Date,False
b973a0b2-97a5-4846-8396-ba03f50995ef,SDG Preparation,date,SME Initial Review Date,False
b9d64f02-8673-49dd-892f-63a63865358e,SDG Preparation,date,SME Initial Review Date,False
bb46787a-42bc-417f-a7b8-cdef0fda771f,SDG Preparation,date,SME Initial Review Date,False
bc2eaa99-81ce-4727-9212-2e647e4e40a1,SDG Preparation,date,SME Initial Review Date,False
bc598f12-3acd-4021-9163-0c01c53d11dd,SDG Preparation,date,SME Initial Review Date,False
bcff12d0-748c-47e9-ac21-567260b29630,SDG Preparation,date,SME Initial Review Date,False
bd04b5ec-78bb-42e4-af8b-28d59388da88,SDG Preparation,date,SME Initial Review Date,False
bd48c893-ab19-4763-88b0-91f9347cc516,SDG Preparation,date,SME Initial Review Date,False
bd8d30ad-ee9d-4ba5-a2ff-d2940fde0be3,SDG Preparation,date,SME Initial Review Date,False
be09c9ac-d9b9-4370-a268-d973ec0d16f5,SDG Preparation,date,SME Initial Review Date,False
be915209-b5be-4971-8147-6e50ee5ed395,SDG Preparation,date,SME Initial Review Date,False
bf144d9c-f861-4915-9640-faae738fe092,SDG Preparation,date,SME Initial Review Date,False
bf354cb7-af95-45ad-9efa-9e9c76184a8a,SDG Preparation,date,SME Initial Review Date,False
c018c553-bf3d-4713-97a6-5aa5d2952c59,SDG Preparation,date,SME Initial Review Date,False
c0a1acc2-15f1-458d-94b6-c5fed8f205d4,SDG Preparation,date,SME Initial Review Date,False
c13062a4-817d-498f-8c5e-e4f449c1d978,SDG Preparation,date,SME Initial Review Date,False
c16a997e-e0f9-4347-8494-9ce77a7ad192,SDG Preparation,date,SME Initial Review Date,False
c2f49dfd-0b97-4aab-bc5c-416624ae2cf9,SDG Preparation,date,SME Initial Review Date,False
c3046e84-add8-4311-8c2b-a4b4b454c7fd,SDG Preparation,date,SME Initial Review Date,False
c34edfa1-113c-47c3-8443-aa98f8a984c7,SDG Preparation,date,SME Initial Review Date,False
c5798784-3aef-4ad7-b15a-8248b8a7a274,SDG Preparation,date,SME Initial Review Date,False
c74f0781-a0c4-4277-9844-6daa46cdc03d,SDG Preparation,date,SME Initial Review Date,False
c7b6bc2b-de8c-4594-94a2-f94a7cdbec01,SDG Preparation,date,SME Initial Review Date,False
c7c07fe5-ac27-4296-9440-13916aa30f3a,SDG Preparation,date,SME Initial Review Date,False
c88d9b17-5c4d-4c6c-b028-d0ba7894ef2f,SDG Preparation,date,SME Initial Review Date,False
c8dabc76-00ef-4790-b6bf-569e26aa1ed9,SDG Preparation,date,SME Initial Review Date,False
cace5bc9-6f15-4469-b848-03d64fa0662f,SDG Preparation,date,SME Initial Review Date,False
cb5f2906-d9da-497b-8695-092e12c18b9e,SDG Preparation,date,SME Initial Review Date,False
cb65dde4-8817-4d5e-8d2d-ca9819c0905d,SDG Preparation,date,SME Initial Review Date,False
cb7441d0-c691-4dfb-b98d-a2a8f4b7e81f,SDG Preparation,date,SME Initial Review Date,False
ccf6abde-3eae-4fb9-a473-bcf38786512f,SDG Preparation,date,SME Initial Review Date,False
cd347114-a964-462b-a855-bfd14c955c14,SDG Preparation,date,SME Initial Review Date,False
cd8bd6bd-4867-4466-84f4-2d6f204c8628,SDG Preparation,date,SME Initial Review Date,False
cd8d6037-25d7-40a0-879c-b8d85f443f35,SDG Preparation,date,SME Initial Review Date,False
cdb1dabc-8e0f-4648-9216-4540cfe80211,SDG Preparation,date,SME Initial Review Date,False
ce6100de-f679-44c4-bd26-819ef099a5cb,SDG Preparation,date,SME Initial Review Date,False
ce6b5e64-f60b-4661-b1f2-10c25e1c6ad1,SDG Preparation,date,SME Initial Review Date,False
cfd0656a-ae45-41c2-bb82-62df6645076f,SDG Preparation,date,SME Initial Review Date,False
d2e61c74-178a-4791-b53d-8a1e4ebddd40,SDG Preparation,date,SME Initial Review Date,False
d40d1207-a663-40bd-8036-287fc06ea360,SDG Preparation,date,SME Initial Review Date,False
d4ce7d33-6c38-4061-85a7-09a7d7be42fd,SDG Preparation,date,SME Initial Review Date,False
d6bc8012-3397-4f21-84af-61f59f658e89,SDG Preparation,date,SME Initial Review Date,False
d74e616c-e6db-4410-9ce1-eadd02eca4e5,SDG Preparation,date,SME Initial Review Date,False
d81482a4-fc33-45dc-be8b-9a3a0dd1356e,SDG Preparation,date,SME Initial Review Date,False
da5535b9-14bf-48f9-9061-03a8b14f988c,SDG Preparation,date,SME Initial Review Date,False
daa5e216-e5ee-4567-a2dc-6165b252b2fb,SDG Preparation,date,SME Initial Review Date,False
dac3f05e-1815-4d03-8066-5aa5c1c7ff4a,SDG Preparation,date,SME Initial Review Date,False
dbb154f3-4cf5-430e-adbd-df9df5867685,SDG Preparation,date,SME Initial Review Date,False
dc8dd640-fc64-4ba3-9894-f243b1e14869,SDG Preparation,date,SME Initial Review Date,False
dcdd103d-91da-441d-bd81-3aebf0b31e37,SDG Preparation,date,SME Initial Review Date,False
dd544bef-c3da-45bb-b665-546f32a96a7e,SDG Preparation,date,SME Initial Review Date,False
e05f17af-8550-4ebe-81d5-e3804993556c,SDG Preparation,date,SME Initial Review Date,False
e084fdf7-7572-4eda-9b86-bf3bed22ba02,SDG Preparation,date,SME Initial Review Date,False
e14e3eb8-f350-403c-bee3-21868690dfe4,SDG Preparation,date,SME Initial Review Date,False
e1db1851-cd99-4ccc-82aa-a2a48982c475,SDG Preparation,date,SME Initial Review Date,False
e3b59b4d-8488-4e32-ae71-b6b3c244ef41,SDG Preparation,date,SME Initial Review Date,False
e3cbac18-f203-4de2-bda7-dc9a2dc03f58,SDG Preparation,date,SME Initial Review Date,False
e4d572d3-49e4-4f44-992a-ea12360501cb,SDG Preparation,date,SME Initial Review Date,False
e50ea93d-3fdc-4ca1-b94b-958c044e6330,SDG Preparation,date,SME Initial Review Date,False
e576fa42-1317-481f-bb30-8e5b26e96c27,SDG Preparation,date,SME Initial Review Date,False
e7572db9-1cc7-4455-9d22-d0d676dd4792,SDG Preparation,date,SME Initial Review Date,False
e79fd204-c812-4957-a90a-46c3beb81d56,SDG Preparation,date,SME Initial Review Date,False
e7ed830c-61a5-4f3b-b6e0-b7c2f120fd3e,SDG Preparation,date,SME Initial Review Date,False
e9225e11-2ed6-4c44-b08b-497ff585e349,SDG Preparation,date,SME Initial Review Date,False
ec1d7adf-e662-4db6-a5a5-d6ab811f2d24,SDG Preparation,date,SME Initial Review Date,False
ec46307f-ec7b-4e65-a15e-bb1c3d360114,SDG Preparation,date,SME Initial Review Date,False
ec76e94b-178b-414b-a442-16cfa3b83a2e,SDG Preparation,date,SME Initial Review Date,False
eef2cfd3-6b55-45b0-82ef-17f2d932c519,SDG Preparation,date,SME Initial Review Date,False
f13dadee-5052-421c-b42b-3dbba6740c2e,SDG Preparation,date,SME Initial Review Date,False
f1ddca41-3217-44af-bcff-bc2e2fd2b710,SDG Preparation,date,SME Initial Review Date,False
f28de1d9-0c7f-482b-be4a-37a5010395b6,SDG Preparation,date,SME Initial Review Date,False
f35c1cd7-761e-4072-a2d6-1abe8117ced5,SDG Preparation,date,SME Initial Review Date,False
f42e43e2-536c-445c-88b3-5ef2a83423ad,SDG Preparation,date,SME Initial Review Date,False
f4358c61-6506-497e-a179-dac4603ce4a4,SDG Preparation,date,SME Initial Review Date,False
f641320f-8cae-452f-999f-f650d13d24ff,SDG Preparation,date,SME Initial Review Date,False
f69d1f8d-849e-4c43-84af-1d6aadb19433,SDG Preparation,date,SME Initial Review Date,False
f6eec1f1-9bdc-41ea-a810-e0695dd360b1,SDG Preparation,date,SME Initial Review Date,False
f723aea0-4ef8-4a60-b98e-0393f346cfbd,SDG Preparation,date,SME Initial Review Date,False
f74d0af7-eee2-4cdf-8279-b5494534de99,SDG Preparation,date,SME Initial Review Date,False
f8750186-e249-4421-8246-abb93a6a80e2,SDG Preparation,date,SME Initial Review Date,False
f935244b-2eac-4613-b7fa-d94d731015c5,SDG Preparation,date,SME Initial Review Date,False
fa23b695-abaf-4991-a36c-fd3b562bca5d,SDG Preparation,date,SME Initial Review Date,False
fa288f4b-d424-4cfa-8faa-c1e2b08dc009,SDG Preparation,date,SME Initial Review Date,False
fb5ab5b6-9802-4344-9765-bc636223a99c,SDG Preparation,date,SME Initial Review Date,False
fb67f194-6495-46de-b313-f37e3f77892e,SDG Preparation,date,SME Initial Review Date,False
fbca251b-1a37-4c01-bc0f-7a8f956e81fd,SDG Preparation,date,SME Initial Review Date,False
fc8af835-194a-4fdb-a3db-750a7af79998,SDG Preparation,date,SME Initial Review Date,False
fd3ac48a-a385-4ba1-b26f-f078f892ccfc,SDG Preparation,date,SME Initial Review Date,False
fdf14feb-7061-4c29-b811-3421897765e1,SDG Preparation,date,SME Initial Review Date,False
fe0d0cd6-268b-42a8-a671-88f6cf199192,SDG Preparation,date,SME Initial Review Date,False
fe371a3a-ba6b-4f7c-83e7-60f36602e89d,SDG Preparation,date,SME Initial Review Date,False
